record_index,image_name,provenance_file,original_provenance_sha256,original_image_sha256,tampered_image_sha256,image_byte_offset,image_byte_before,image_byte_after,original_label,tampered_label,original_quality,tampered_quality,original_identifier,tampered_identifier,label_tampered_provenance_sha256,quality_tampered_provenance_sha256,identifier_tampered_provenance_sha256
1,0_0.jpg,0_0.provenance.json,a4fb4aafb5f46b4f08d0b3caee30de5b3ed8da8a45af81564e3dcbf61cb1fc93,c3820cfdc49b1e5286a9f111f5e10a0ab4d31393c65cf4e082a7e0d6301ff174,949fe8616280ccd431c44f3fd3fff46fe39095fa6caf1c200d603b75fca9e122,64883,57,56,GON+,GON-,6.18,6.19,0_0.jpg,tampered_0_0.jpg,893280b87b5c4ff477da0ef0e99315afaaeec80ee7947dfaea821be607c4bab7,23f71240c52fe123d1e0856d22b7924eba417520fe19de3da2ebe6daa5254b6b,848f3300a880f7fcd967575d3f1b53c1ab30a8fcf9bf9b25861b6aa3e0908ee6
2,1_0.jpg,1_0.provenance.json,9fb2d99420b87aa894d44c20d8870c0c4ac2f9daa7ad12db877060930cadd3b6,988cbad756c66b972e3af7c506af46f7a63b6f1664e5127642e1000f6b6babb1,694f428126e083057a7c21ce8146c402d149b464ed81c2765166dfd76f07c398,58900,105,104,GON+,GON-,5.31,5.32,1_0.jpg,tampered_1_0.jpg,fe02a232acccb8de8b81eb8532dd6a9983d271d60832972f3b80f0b4d96606ca,d266654247fc592ac1775dcaa2131250f7370ecd3bb6281764478a8a57b258df,8a05bdffd3d6efcdbc5f9f176cb3ad9de66e7d5fd858e07653dbc83aecff8118
3,1_1.jpg,1_1.provenance.json,055bb82d73c1ef0e3407d6d989e00a00c22f8ec5f98b03c8db80d46281717fee,ad6bd5dee6bdd9e355288cbb99019f8f6b394267c788e80a10f95d4a35707246,d73b6761957ad5be4ded7e5749c8c444d350c5b0e657e653614c7cb89d749271,63388,189,188,GON+,GON-,4.37,4.38,1_1.jpg,tampered_1_1.jpg,30cfb18e72e61c5125631aa5509f301cdaa3b88c8a85d7d8f334546745721fbe,cbada0606d4bc91e5dbfa3e52e08a199fbd6cefe899bde657d06a242ac9b6e10,1ff36dbea3ab1dc8c44bc028256fa43076cd79c5ffa04212744773a10aedb5a6
4,2_0.jpg,2_0.provenance.json,6e31f39610f1848a2fb1158d8a44649377a81db0dac5fecbdb947c1397699bcc,27f0ae5fac7e10b98ea6bc706347d79bed7fc5c50054aa4c4ef170be2633714d,de49f6528fa590c1f2b12e7426513ff7ca94c59fffb60bcbe51e725df3d67bfa,54018,51,50,GON+,GON-,3.51,3.52,2_0.jpg,tampered_2_0.jpg,898cec315c3c480860c2c716c7008fc5e36d6c6f6f3b38d7e27a262ec6f984cf,13aa95b94b89e723070c5b55eb720fc61752525b1342aa01f52cbc19ddf7ea2b,a115302bd48c26df0fb7f8d4243a65fa1802f4179779f7eb4fe67c8d772bb103
5,2_1.jpg,2_1.provenance.json,f51d77051e40daeba4dbf7c1f95d8f8e6163da0c8a942ff90e0ea689fc6d931d,a95cc2f4337e2a9e0ec357be2733408a39c55a5a43f492c59a3424ffb8c83de4,79a43923ff9a31872f8df535db67c06ec0a1498bd440c11cd3245762237a5bda,54399,209,208,GON+,GON-,4.24,4.25,2_1.jpg,tampered_2_1.jpg,1a1ddb2e28b0d43ed4599698d12842ee8b5955697c452ba65b067b330e482498,ad8ea4fdd009f470686fe022ffc104b31f9cdd1394c778f3d6794d0c05db3350,332252e51dae36f30d9bae9c745765de08361136321a490fba9c427dba1165db
6,3_0.jpg,3_0.provenance.json,6a72d9aa78b901f5c4354aedb21fbffa7e1a961832041efc48f11925ea616bb3,4012fe0fca39303df8828b843802586314d224ead92a82783c534cd9732f2866,998e96e6d4b7f051004ad394e6d84160b22fdc4546e59e0b2252ad1271aaf694,56568,172,173,GON+,GON-,5.95,5.96,3_0.jpg,tampered_3_0.jpg,803e6f439059ca4502f32ea936624efb4cd8d654fb541b58ef5abb19f565b0f7,c49943989998d565458cc9a85cfe9bacd51f2b67ac88298b0d3b06ba8eb926ee,eed72fb6a2ca6cbe66ce5180061caaa2501ceb56aae935db68b1688c2a230907
7,3_1.jpg,3_1.provenance.json,74d34efcf8b54084a470596a0fd44f2d7d645672c4e5fd56428ff3ff8b3f212b,c483e9508e025cadbccb8c5a4d71e69dab372c7305f680210a7a49caace554d2,10a02d595ae87170af4f6f3b37a496e47eebbee3a44144924e95245b48a92b18,56346,41,40,GON+,GON-,4.22,4.23,3_1.jpg,tampered_3_1.jpg,9f66740898630c9698fb0d709bf189d72278f7e0287983de427bb7fd0519b100,008e02cd6238bf2d9846f7959d7b654ad97a7154b307ec0638a457762075a24e,49bb4171d73d91fdafbf6146a5d95b79203c19d74390e22c45518ddddfbf3152
8,4_0.jpg,4_0.provenance.json,2911aa2830d720abb4403bd0a2168b808404c5264d64db218f15e4d0214370a7,c2522be90e860f1c4a0c92ada374ff11b9df7844fa40b0a10d6e39420c1e630d,bf244a945169424418a5dcc7b5d90dd9430a8c2b6dc3bc3d19325ff463cbb97c,59125,182,183,GON+,GON-,5.25,5.26,4_0.jpg,tampered_4_0.jpg,794ecd190f9b929afbe71df6e2aa7092f17a6842729272095fd5baabdde75311,985d045b0d512da75157bfd8f9ccc975a482102f5a0a548aa526beb37631355b,a3f9bf9ae7c42055214e9c0c64112d25efee2de589b4a5a8adc772e0e938b11e
9,5_0.jpg,5_0.provenance.json,66d317363c1425271c049826325623c7a5a107796b75011745d1ca8683cde76f,bc5726f1cdaa1c4ed226b81dc3183f89ce8edecb9eaeab5628e79250589030ae,442f7477e586be780c46d747feb9f78e0082610eeed25f2f329335dd70ef7ec4,60294,193,192,GON+,GON-,6.58,6.59,5_0.jpg,tampered_5_0.jpg,71644eaad4163e1753f1e8421b2a983e29fceee50ef48fdfb804134d7244d40f,dc63297885990ed9dd29e2425f3576a3f05f8aefeef0c78c0cc7d1c858ad0a21,6d781653b13d36470ac6827ebaf83db063643e56a115d743bc9ac1b9ffb46921
10,5_1.jpg,5_1.provenance.json,abb28d71b3475ad71b41a33fe8ca2d16e4dbe16fdee704516ccc38312a9191e7,7dcb29816657f6fe012dbe4366939eeb6d4633abc9234ff0bdbb507feb6ca507,4e138d64eef555300ab556fd79109e7d4e7d9eafd28a3fa1aaef399e1bab9180,59058,99,98,GON+,GON-,6.67,6.68,5_1.jpg,tampered_5_1.jpg,d89afaa67cf093e7ba9527ae1aeff760dfa024038adbd353e9ac015d210a2db6,f285a331f277e87c00b6fbc3394989198aa3a38ab0c1059004741ab671c32de1,e398e79125fd3ad646080e12076d837478f3005a629b1d02f74e2e85e2a7c015
11,6_0.jpg,6_0.provenance.json,98be3a507730f6de4b54e172af0785c74852bd8f1e11734574b853e5215c9d98,ab07aa8ced9615715753197194a28e41e68d61bc34a6035fcd3f6f791b10e7ba,34b272d71c3cb630157fa55e9d4de55e2916b065b18e988e694a3a28624ac0b2,67060,26,27,GON+,GON-,7.04,7.05,6_0.jpg,tampered_6_0.jpg,00b99f520010de5b3d7e374b4daab76dabf9b5795673f90782f76325f8487c90,2e5e837aecd4d1baa23f030821dd6bcf351f0ec9b134047d55a4eda2d006b2f6,f8ee6a89740e6fd88ee64a68537457722347348fe448eeb402491a7dfe765ed1
12,6_1.jpg,6_1.provenance.json,2bd0b973851d02546c1496a1d2b6af98849ddfe92cdc83b33384c8eab3efa4d2,dfb217c7717a5327d184db6b3da614540574a3a2c12000ed8930412892bf8f01,b3fc40db408e10c55add661a844019d3b61439902e6655b2401f55b5a7414981,65210,140,141,GON+,GON-,6.19,6.20,6_1.jpg,tampered_6_1.jpg,78161aea7475b5415b57415a76eaa42b5e5c9b4a88e246af4d9dade26e5d1419,6145a064f7e1343ee242fcdeb3388c7b996383dec8b1106e847dcbb1e53e8c3c,c16a3575bf54d540d9badd37610e2d6f808574012482a320c769e3754d2af16c
13,7_0.jpg,7_0.provenance.json,4414a680f7fc7b2b79b38d163fa8c2f2e8e87e7d83dd3809a339cf4b9d634d2b,8ed3a60d69852badce5b3214e6521a3b5e0548fbe521161b00ccf412c48f69e5,fa209748e7212f1d2770560b7dd100c782974f8996844db95da80619c777616f,61527,15,14,GON+,GON-,2.34,2.35,7_0.jpg,tampered_7_0.jpg,472082ee7edb21df6e886626c07144e5008edd83716b78a079b5ee915e30f10e,ced0c46039fee64b5e91d39ffacabf1405f7ef7da4012dda56a80d390ec8e6cf,4d225b643a7d5b44cf096191e2e583f4fbb3907e258236bb104e0c9b6d4237ab
14,8_0.jpg,8_0.provenance.json,be7c0cf22e028b5edbf4906ac6d92bde909344fd26f883f8a8fa81f7e42d4a76,4b5f05c79316c8268490d596c8d383d18e363f3b20d051e93a86b983fb53acf7,e0039523c6ae1ef0bb0612f38fd452177318abcf629cc0af78918812ef1912e2,67705,28,29,GON+,GON-,4.22,4.23,8_0.jpg,tampered_8_0.jpg,abe44736d7e91da8ef8b51eaed17d329ab9f06de24df395127441b0616447ccf,7e010c5fb507786d3e873aea3b9d8ffa9f2d075a4526bf82464e086ba5c29f07,8b0feb286d528d1dcfb6a214f2d46510e43ca87bcca967f5af014c9140023328
15,8_1.jpg,8_1.provenance.json,218798bedbc843dc2e9b959f23719a057b7f7a7e243036725b034ac0743a14d1,5aa27351539f274e74780f6e18742a2943edfbcd87ba806a23fd2c101a1708b3,ed15f240d33a12ba3f6dc11edf2465f7363fe48e83c229cfeaf0f5985dae0277,55860,169,168,GON+,GON-,4.25,4.26,8_1.jpg,tampered_8_1.jpg,5bc645dfff6f3dad07ba7c2ec565e636c448e23c89bc32a7119a47c888c40e7c,8fc83df720240590c58890b12113ecdfb0313063a90ebf0886b2a6d7c29910b2,9b83577146f7e273c5fbe35875fbbeda327c78e9fc0a455533e7d8321041c232
16,8_2.jpg,8_2.provenance.json,89e08d37d351f04f5e9b944fe4c91dc515dce41502ed848aed0b9e9935b72d80,09214e17283342290f377f778e8870c34318b48593a5551d0f9e33e7325bfa51,d517dc3ddd8cdd35c70b62c75bfc9afbafc11dfc54887e71ce61b9341073abe3,57140,138,139,GON+,GON-,4.73,4.74,8_2.jpg,tampered_8_2.jpg,9cbaf7a77f28a79484504ac23b1a35c45916bd5527950fc9187c5d724484f89b,bdd3957c0517699112437eab52d47812c7dc440caa2855a0565fd8f97a62a69a,0dc3b8516996e983e2c8564c6e5e434df6ae355ecb25cb533ffc5c68bd116b04
17,8_3.jpg,8_3.provenance.json,5bb6d8d86ee904d70468ff9f14dd84fcff36c727172727828b50b2ad04c58012,efd19b37c78b07dd5771b427acf61a88a36a2f554e5cedc7feecae82a699a5a0,86466282f07e811247786fa5cb0f9f1715d4a201169f5f557a395f03170a039f,60891,82,83,GON+,GON-,5.57,5.58,8_3.jpg,tampered_8_3.jpg,3d49d1359ca481fe1b492264703b2dc483d85d17628ad635f6fda273d249a790,6f0dd1b18b03713b80719a537ba3112a7a061bcc567525bf344123d57a2e5d55,ea42a96e0f618b2fdd7ee8716e84fa99e1ef67f9591a76b032c34151682db78a
18,9_0.jpg,9_0.provenance.json,77f5904b19119263027a872eda5683057579cca3cac29c31d4e1966ec7c1255c,2ebc5356cf81e6fd6cefb54a8088fa5d756ec70bd00a5caea86e8d405ed42375,aa38ee3bae2ba8eb606bc7fc11f495bb8bb7ca6d6d47df2132ad27f0ad9fe41c,82126,8,9,GON+,GON-,5.32,5.33,9_0.jpg,tampered_9_0.jpg,7ab4f52f6e2a1086f2cee237e2ba2044fde55b130dfcf37413ce8cd8bdfa9b52,4ad0ec843acdb453fc13bc3f2f93a5c46a887b0d3c146bf4573efceafee2b24e,313a85c3206e5f3c65cccc6c9c58e440ab6d294f3e63a1a4a6b1b52f5137fb04
19,9_1.jpg,9_1.provenance.json,70f40145dc84a34f3828f1c8cf206447433acbf39b394b2dec6906ac8b49adf2,cb1f0e5d454c25a758b05bdce05aaf1d5fd4cdeb4158dc1bd62eb936b70ba2f1,734ece71e34f6ff10ec943f20df133b5824c2fc1cd34f16b877e991d61d38730,69297,138,139,GON+,GON-,5.90,5.91,9_1.jpg,tampered_9_1.jpg,ad83115888fb8dacda8a47f7038d07096e0e555706d2fc570c1f50e37e16eea6,b034f33802f3996666e57027675dae01acfce7917419596cd2090222fcca990c,15b5c08231a7b7e7a56bf854b873d86e66628a2db9a46d3ce5963e4a16d73c6c
20,10_0.jpg,10_0.provenance.json,45914068f8efd963be7694a41c3aa0442809a530d29706727138ba9360253775,e3ae9336787cfb76ffd547930fc402fe6a3e658c2ea0896d390fe3174f24da35,272678b4d42fba2f9a90679e6044b5c07c69efa31ecc27c7732dc696eadc78c8,62182,202,203,GON+,GON-,6.45,6.46,10_0.jpg,tampered_10_0.jpg,9a9fd63e280a40961394f1b3853f9ec25f7202abd3e0666b426c6c9aeb858d0d,0215aec865f14c2dff03b7708020dfb2c6efd7a07353060adf147ff9ad7d0b10,d4c8363ba916dbe59f1cdf85102dedcc8d5925b213e67b5be25c5699dc878be7
21,10_1.jpg,10_1.provenance.json,d0ba670fa8e22e2ef23d20cec9264d3c6e0c5d507f6ea789f898eb47dce336c7,f8efe2e027ac6b9e9d2cc6ffcec93347386938b06b3bfcd61ae0edd94438bafd,7b1caf943d9f3811643c8d73b7fb28a7ed53750b7dabc1792eba14aa75c005a6,58950,105,104,GON+,GON-,4.41,4.42,10_1.jpg,tampered_10_1.jpg,5e939a690de503f52ea78290c7e89dc720ad2f700fcab3369e7836767e83ceb1,2a6892803f59b60d50e0e410426225e26e71e73c43a85becb1fdb0cee301a358,974a6950a95e203c971860e77f683427e14348129cf490235ec0677aa0744478
22,10_2.jpg,10_2.provenance.json,f1f8e4bf37451a365d6d929884c1dbe07a17a123775fb72cf1c4aab7a7983942,6eb87d2bf2bb8308517ce981d3860bf3d25451b14fbb7b184905709bba1f5666,b17c90497b1578206294c8f46d9219bfe32f829de70d3162c986861906531e9d,54912,30,31,GON+,GON-,3.33,3.34,10_2.jpg,tampered_10_2.jpg,6cede980f1fd74989c8b41b1ab7816d68ec5c006eb7249d6b5dd87f29bfcb8d8,df79f3b9149640bad202d3d60fc7b2a47dca791814c0f62286a2167d5e265966,0b63a7f29396ffad13dce3d91b1865f6ab39bdeab66d3389be6de7fc720f253e
23,11_0.jpg,11_0.provenance.json,f7289628fd1f57318817f9b53dca22d6f4ef87d1b573b3c1a32169c2b06791fa,57c8d85cf81b3ebf36800b230c5fa8982f5eecc29b86a66f07580355eab37748,042403c334a1205f5781f64e13a5c8405e77653e5e816a727108f9f122934aa5,58273,160,161,GON+,GON-,5.41,5.42,11_0.jpg,tampered_11_0.jpg,b45b5e992ede286f062c67a3fd44f64d32ba7285d133fd6732b1bde204a94132,004f29cf8fd9610d4cf64810a78e2f3d41e726b1ff0710b7c41f1f3a7582558a,48c25173ffcc6a651decb204fd8f0ce990fc6d72a856e88f91fc3a01ed6e882e
24,12_0.jpg,12_0.provenance.json,3446eb4146a639319e3699bccd0a839150af7f2a220e4f62a3ace005756d6458,4467f6b99c351d9def128eb95b1540ba1d1b7839f39242e0c5ed42a1c0c8f897,77a9f792333853e94f9de6febd8b56e2f02f273a08dea7b3190a89ff2cac731c,65103,77,76,GON+,GON-,6.99,7.00,12_0.jpg,tampered_12_0.jpg,9cb6399cccf3ad9ea404ea0812a6989ca68481e0542c63a5d65f93835e19c38c,d9510483c7f56799787233d5da641ce0a4056d5483b6c3b71ede8676e50167fe,1c6a444f5518ac2586e565014afcf97b30834f026264c8ea8a31040ed51f2907
25,12_1.jpg,12_1.provenance.json,ff29cbed78f883112d46c7e36416ed6b38e8dc11def21503807d3cda387606c9,dbef6341c58a76488d8d4ae86526c6a1b28ea2711bf3a6c018b7e0ba45c472ab,bf728cf30cb7129805efd71be95daebce9be8d66179e8325dab41fce0c0a5e3b,67753,115,114,GON+,GON-,5.60,5.61,12_1.jpg,tampered_12_1.jpg,36e33779169887fe7229ceb5eae6fb353789841cd812f89e73d3970701f4935c,9ef066aee0dc29428d6a625d6653f7b4fa13ff28cc0b197b040808f74940f128,426fc00d0b519d4be9c44496440dee302873b853d8326bb5022a3b4f12afcfa8
26,12_2.jpg,12_2.provenance.json,2d89ab794f8e14fc1fc37bf84fc85fcc5044ed192e06fa1a6c0ce1384792d59a,0515214bce82237040affd0bf6e5b57fdc883605d8867d2dfce7c4c8342fa65a,7151afb175d79899b56fb0f8f8cb8835ea59f94066b79356c780c9aed2733160,63502,154,155,GON+,GON-,6.88,6.89,12_2.jpg,tampered_12_2.jpg,d7c4f86e99cc99c447fe69dc96b9430f41a1e8c9b6feb9024bd09576c9d96ab6,307198b50e7b941b62f6f1e69fe838c9d5e7b616b5f9b94c3cd997c89efcae0b,162aedb5bb1541ffa1343bdd44892a0e6e70442dc38d1aa8782e53d418bed78a
27,12_3.jpg,12_3.provenance.json,05e66db4f2de0beca27da8a0af03a910b981d2d0b690ae6e74249b46d7020b8b,cbc92be7395403fb1371e2cb4d3829ced46753204a0ecd634a3d5d6b89125a87,9916fb302dcf20e0afaaa45d928973340c7f648194384a3bfb8a2bb7de4e7c3e,68569,147,146,GON+,GON-,6.99,7.00,12_3.jpg,tampered_12_3.jpg,0fd1ed784fdf89cf7abf3adbc98a1336114f10c749debc5eb1a985997a838a61,8d2ca0b1753a68caf61ce130ed51235e591f0e3e1da607e890aa20adc378ca95,a93a2f7fc29a0ca6b7bc6cb865cb62004f6116ba9f05c5445e9a694d70e6556a
28,12_4.jpg,12_4.provenance.json,c9db7cd62398d75b35643ca0ec91a3d25fef8dc7fd55a774467cc5ea8007c2d4,a5583245d1132b886a211a6d615c5b700572ce7d2ff8e282825bb14f5cf728a4,b1a44a351fb6f59537ea99d466a58a3a313e24e574a0108c4ea60f6bc0b5e221,71116,193,192,GON+,GON-,6.01,6.02,12_4.jpg,tampered_12_4.jpg,b25fa33961496e6853bf2d3dee3563ccb6356d68a0804032c49041c4e0576218,22e714f17deb1e2fe2a9e8ef37edea8ae8468eb10d2d0518fcea0849da00a0b9,7eb6ce0160e05d4e8b4bad9aff8a9f19aef79e675348bd55ebba84f0a96966ec
29,13_0.jpg,13_0.provenance.json,98654eba34198d9ccec41478aa3d3be0d75924c4c5265044cbe2573a92bcc9a1,dfd83e03966d3507ca2425d0fcd64788636e145cf948d417d53246694e3868d7,a56f873dcaba6aa1665d0ac107c6d64ae31d17a6b874d9f2e3e55d11844e5ed8,72245,174,175,GON+,GON-,6.19,6.20,13_0.jpg,tampered_13_0.jpg,911bdc767cff59172909f5dbdf3e702218e69c76b898ad3d48744b81cbe2059a,31683201b3563b837c82405abfcf720ed32d8c2aef8766405deb3062e36155a4,1d906e69c6af98507d78ae5942758487dbd4b7fdf70ec8f00284a34cb65d61fe
30,13_1.jpg,13_1.provenance.json,4b644783a881d1643384b9c014fd16be8b0a7d4782958f71b89870c2ad504d90,19eaab4e0a7206989c83f79d261791a7adc1b226a146800deecd37f70bceb1c1,a196068ff11e2860bae63ac66e80cfa354a6f9e495213eab69f6227ddbbff390,61334,148,149,GON+,GON-,5.93,5.94,13_1.jpg,tampered_13_1.jpg,cba32f7a98e5561cd1c0c602aa7b82af3218a8a86143d66997fbaa822b9ef743,eb172fa4f7f0c8bc4522e2f5523eed9ebe6e433d39331e9a2a0e855a0be39516,307d4b4d3f91c56d68559310b10fdc168fd311e66c4a1d96d7441584bc595635
31,14_0.jpg,14_0.provenance.json,fe7a39ffb0efd50edb5b05811d05f7ca4f9acf2b0d9da17bdde2dbf280503504,66b71265c37b91720ed8874e4d5fc337d7a5073fe5ae821ee544cc2ae77b034a,e6a77fb5ec8dca803abbb857cf65e9ff864c68fcc8ee8d9bf360ee2be291ed87,54386,165,164,GON+,GON-,6.13,6.14,14_0.jpg,tampered_14_0.jpg,abbaa11531acb00ef20409b7817d1d1e436fe47ed39968d14cac3cc2e55df043,405b13003f448898937671b05dd1f6d4ae3aee094acff5708cfa06bd97ea3c5d,db06557cbc99c38326f8c576d459d1518a0a0c0844365045fbccd86ae778e8c1
32,14_1.jpg,14_1.provenance.json,6a263e5f6455bf595377bbc4780670e294f824ec8386e1fc0521209e31a29af8,5a9f73434ad5ed608683d9962d93f8229121014e14e2ee7e373d31909502517f,1e88e3104e6c39dc3543ec4cd710c41cbe13921cec6e6f7da2a914a86bc0a302,44699,134,135,GON+,GON-,2.75,2.76,14_1.jpg,tampered_14_1.jpg,6568c018ff76ccfb540f648c3b1b04fd5e5af7b2f0d1de03b508494bd77bb7a7,802432f4bba526a19706da4fa8b0a2656e5797967b946b96b41af805535b3836,2be2cd9b9d5084230948aecb2df226cca8b9052543be9f80427962acac3625bc
33,15_0.jpg,15_0.provenance.json,14d49735f20c972b95b235617a8c68e3e1ac9b5c631f71a412281b3b10edd50d,dc5078c969534ddc09fe4f69fd8d1793d1293ee09c3b10adb04599221132aac9,1167b3082f12d2b9d43f423c53d64d2e13b50335188646d9f2a215b58ea4d0a0,56511,83,82,GON+,GON-,5.45,5.46,15_0.jpg,tampered_15_0.jpg,40f386aa8d60ef2ae2b24e62913e529a020f08db6c3b61175aa59512b8a76f44,ad45cd9871aeae7115730cf0033d85e89346d9f61b110d923b0917109e435bf7,3b88608d63bb1d1e55eda13ce858c7a1f781ce70491be808acde05060e3d7094
34,16_0.jpg,16_0.provenance.json,1cfdd825338f6b9c447d834e1d52178086f17f7c6608e7bfbe0c1dd4feab8c2b,ee1e29c7d5969589079e20ddedc1b6d0a1157b1b2d0e4b7501a970606b0bbd23,7a9dec9afe2870f14077a2fc07f0e7adacd97195a2edadd6bffaeeb18b59afc2,68814,78,79,GON+,GON-,4.92,4.93,16_0.jpg,tampered_16_0.jpg,658bba8e58ea3af27d5d3933f3a576566b4eba7497d8e29459448302bf236bce,429c3b2e35bd68c9575a1c2dd77459581c5ea809323ce330881e189d968776e3,0916b5a098b80c605bd04405bd11745488d9126e9ec51a202b1f25aa2f55cc49
35,16_1.jpg,16_1.provenance.json,019523361a866221fe9444cde698d537d5a6f0b4d7fee9f82cc7fb14696384f1,0cfdd11aacf7e987425959a4d2396cfebef92d697f95dcda424211d554ee517f,86725edff5a1f4ccb4d71169d24db71e00a73d41ed5d57f8ae2af4052ceef500,57117,26,27,GON+,GON-,6.12,6.13,16_1.jpg,tampered_16_1.jpg,dff3b2dccf843bdb1d41c86438cb415578c57890d1d064fad2b42114f47e107c,44e50f7e720be48c8391907a66e957ae39dfcef6361ba1af547cd2c34afa566f,e1787dd6e4a6cb46a673a8e0c9c410f9e198b323dab8aa4d22e7dc79076ecbb5
36,16_2.jpg,16_2.provenance.json,b0192d80c1635179b4867127b30d30072de4897e77687bbb6ad39e4ae7dd649c,fbccda8f6602a762c71250a01cfe29be2af05d23e6c3e943b72aecdf8f12e65b,bb3438bcfba6f4fde9f682f479ae05feccb0102a423fbbc22014b75643048c81,69864,122,123,GON+,GON-,6.50,6.51,16_2.jpg,tampered_16_2.jpg,30baceeba1fa6238a3fa7df3cb7ab065bd4dbe76271394a7e4a28b3bf114022b,6dddf45303dcd7def4006873ca21734a2ab2001ee6ed98e25d5a564f5a864531,2dc98cbee0d61097075d642ec8647c1138f1439872970c6e25eb83d8b4bdfac2
37,16_3.jpg,16_3.provenance.json,622fe5df75d8679152eed8056771ec2469c5af495ba6b3c9a9915499de49afb9,692a4f3fd36beeb201babd371c994d8bd626e5900f7c3e1cab06bc5996de2740,4c5540b887442f346a96777c2648b71353afeb8ac967398227d170785d85f1fb,62095,32,33,GON+,GON-,5.44,5.45,16_3.jpg,tampered_16_3.jpg,e46e9594637f272230d74665df99001e866537937ef1b4a395f013120269a972,a4066f6094228f0ed94b57e894fadef6f424159e512bb41428f8eada587ad314,aa846e130de9a04e70762c8295ca8c440b2405fbef0713766ebf2ff563b85a64
38,16_4.jpg,16_4.provenance.json,8e623a07697b0d69f8aa789828cd158f69faf9868d15401352aa7f7cfe03454b,9b432fe686ff6ee7ebe8d4991d3f8cfc4484680aff2fb1528357a45952a0d122,d96aefb34dc3beebcde7e93bdec228bb50f3816a05bbf467b5a62ef6408261c6,64880,49,48,GON+,GON-,5.92,5.93,16_4.jpg,tampered_16_4.jpg,63c8a9dea939dc9255f6002e3cc3c3cd6917198172fa40563fdc836a21738a12,1cec7cf62b4e3af821decb00cbd65d7c8752a2b0310536e2551aa1fe5c5f4879,5a9071875eb5c452efab5d48dd8c9bafa7aa0316d670e5072b31941cec4a1c80
39,17_0.jpg,17_0.provenance.json,72f0f2fd6c1390216419a490f1bac070a9c73b417034328282da62e0ea4f2ca7,91086294a262a278d58ae36d826087552680893d5fbb6e3612c03ffd958676f3,5ed6c400e85612518fc079e257b51af034fbb35b694d9910341e6db60f46941b,57538,6,7,GON+,GON-,6.79,6.80,17_0.jpg,tampered_17_0.jpg,a6ca893b62660931d7b5083098c38bd5c105c5cc692959292d6a26c9e5256871,92d31e143d3419803a979557fc09bd34af9816f6f0b759316f1533925e88c287,c082d1b8696a98896f6ade3cfee8b53a1570e3f82c66d95f24a574de16c6f3ff
40,17_1.jpg,17_1.provenance.json,afc8c340b518e3464506e81fe374cdb77cec7ccf4e7322e3b62302a3675f0d67,a17fa1d4c32bd54eaf94e4c48814f899abccb2ac0bde88706afdfeef63238110,7012e8d0a6a3cc8f60d2ed42fbb0ca4597a7dc0fc9bd73e43fd8548af09f060a,66693,226,227,GON+,GON-,7.04,7.05,17_1.jpg,tampered_17_1.jpg,ecfc7d7c9aa5049f047e5a8abb98088044d4eaff78f5504cc2149ecb81c82469,7782411ebec8302033861fb5a8038cfcac4ea5fe2230e85cc801bad8e9aad894,7c666130f51f460d54559fde99f3092e8993fa52a859128ee981122c5a758342
41,17_2.jpg,17_2.provenance.json,8f7216f260324794741da9d351a686e898f03c204f196f5d5eb9f7bac700a9b5,212f0460c53bf4d03e7d206d66d294db297ef79faa9066175a66275ca07680e0,f96d67b75e603e9c51187824c2a73bedcefad83fec866e096fcd999984889f15,66561,6,7,GON+,GON-,6.47,6.48,17_2.jpg,tampered_17_2.jpg,94079140c575024ee78c519e7491abb05130e55f0c6e5ce7505229dcf0f8a2af,cf38467aa8fd3b8ebae104548836d11fb625345d000049c97e14aeeda8efc8b8,ccdf9cb91b188035946fb813bd80985235041a3fe66495eb225dcabfd4f1d735
42,17_3.jpg,17_3.provenance.json,6e33ab9823351733f7933f8fbae1fd91bd99a99204a444b46d8adbc1af22e8eb,367c854c6dd9143eda3952aca3048dfddf44e732dfc506d3ef87fe2d706879fa,9893327f8439e866f33056f1247fb340dd3e728a390cb5a8441209a349d8fcd0,73052,52,53,GON+,GON-,6.96,6.97,17_3.jpg,tampered_17_3.jpg,661684b98670957c1df19c359d2f80f27cbd08e9f413dc9858486a4bd25d2286,e0d330b44d11e7959c3743452dbc82b1b009c548cfc2a32ddd42ea77c5c40258,088bd5d0bd87177a84a70825e41c6e2fbe47dc63e6393db35a0bb3264941368b
43,17_4.jpg,17_4.provenance.json,65ca36599e6d969d33dfb6ea3ec5853b9571d4d28bff66d6ea5615f1e52bddb5,e7e5a0002f8b62aaf9d3192d69b5003864f6bb158b33d5b60f86d1d6f489c537,a38a30e3c7eb6111cbee3037e2a50ba7a52afcd0306a38d81effb179f0055a29,64027,59,58,GON+,GON-,6.93,6.94,17_4.jpg,tampered_17_4.jpg,8f6c705cb379d1f488e1a3519da232d19de03d39581a29eab999b0c208a5d49e,8be13cec12ba055ad97862535bbcb38c8129bde95a09ffbdec1bcb9df4dd8049,cd37210fb695efa5dc01cc6ccaf337d50e450f7fadda3407d3a3172e7e98ac30
44,17_5.jpg,17_5.provenance.json,ca7d8cc3baf4760a9a04572b264fed376a9e60c54299a07068bbecbdc036d32a,9e9fccc421ed19215d7d60065f3dc59831578da62eae12de0d53c03246e40a54,1e4f1d031b588314855c5a9f6ba2f763133846100a31c8e3ac8168cacef486f3,73814,82,83,GON+,GON-,7.11,7.12,17_5.jpg,tampered_17_5.jpg,368efda058f36ba9680bb8c0093f9db75580e1a23c7e0c58cb860ca3000404d1,b4aa7b4018a2d179ab747909d9c1b5a066f1f12b2ed73b41f5435fff4129a177,d29455ac3999356c93620ff7c4ce005a31c0b8610dff37bb70a5899dcdb2049b
45,18_0.jpg,18_0.provenance.json,fc4abf760d02e46cdf9fc51aab5776105009f9c76a13275c2e73e7ee2d5cb264,1e05a49dba806e31d95066f045746e73f977ef35812f8e0627e8f5360918d673,77eaba080b485d06bea538774f5e8895b12c60e58434a3341297bb37dee2f970,67359,54,55,GON+,GON-,6.75,6.76,18_0.jpg,tampered_18_0.jpg,b8c837175b27ad1e6d0293fe01ee10cddfafc460ad9e45926ce4be4f5f8f5002,121097a698e80b2839e4b012d7ea7f41a81f4c6e616452d3d328657758688aed,a99b31c683af94465699946f4e81728ec95e1893f629e90a1a0e75201fdc5cc0
46,18_1.jpg,18_1.provenance.json,0218ec113894fedd74be5f492c7129e2126dfbaae689db998caab545a82aecc8,f74c89f9e93069d8f8d06073ba350613ca9ec47fdb4526b332a4dd3c3401feda,1a4e6478b4e4a7ab89ae245c8d0f2eb900f1196fc71d89a399571443bc7ba151,67890,57,56,GON+,GON-,6.29,6.30,18_1.jpg,tampered_18_1.jpg,bb922a8d39134842a762ef4109228ac03f0ac229f81bb8cafab9a3e3174113c6,73f5db9bf4ff3e5c19e2cfd0297b4ea977782256d8d2d6e05d8b654aaea8fa0e,163bd73a6a618aeacaa52828522e94fe8074e641c5a63a94fb72445300d67391
47,18_2.jpg,18_2.provenance.json,7ed3601d50e60d1de0ae5c83300a089a2ff18b304acd3ba7a359a61ca9d22d12,f2b965c28bbc44299d51fc0dfc61d6297ae17f66e90a1395fcd86c312a552301,2d64334d9d15ee532a1544dbdc1bacbb1994b01eff10027fb41167a0b014b322,73807,225,224,GON+,GON-,6.64,6.65,18_2.jpg,tampered_18_2.jpg,b8e4ff588d27951f644125d9b1181ff88bfb6641ad999edfe37950156bf298c3,6cc89e8486181fd2d803aa3d5edbce1c93cf43c71a9fc9d2b61bde97c7fb0fba,513212131ab67799f6f05f415c386d32c931613872689cdb69256edb09b8fea6
48,18_3.jpg,18_3.provenance.json,e522177588a1476c378b146ec9b9de64903eb414a99036bc690a1eb95dd6bd2c,4eaae9d45cfd3ad44f2ac28b3fd30069e98a7b842ec1d884d0c992797f24ff49,2cecad18adcfc605810a34f07d12ae2694af72319853dd37a029b3b1f30d1f37,62548,82,83,GON+,GON-,5.00,5.01,18_3.jpg,tampered_18_3.jpg,4cfdff11e38e2d122e2756517255f8a842161ef36c443a5f721d6bec0a5643f9,8c48158c138375ee6a5416ad4f09ff8269d2b1dece4132782b501dab64aaf8e8,f9ff891370ad14352fc80f991cea731c9da40e46d9d311d8bfbd77f17e4e34df
49,18_4.jpg,18_4.provenance.json,999772a33f3eb6409825ac0eabd8241418570867765ece653fad5b4efc0ef522,ca584839f155d08246f3d7e3e7dbd614049ac6465a91bb29f46871b233f632d4,ad2c6f3ed471f0536bd24a25d2245cf422c2bd529b6cf23ad96b91b9ef4c3f36,66399,127,126,GON+,GON-,6.54,6.55,18_4.jpg,tampered_18_4.jpg,87dfa3a5e1d0cc5a4d20f0b249b812e7a8d05402b2a619d152a2dd2ad3bd8c9b,1d3cedf77229f52203e13f1f8984cca399abb1c11309c7439c1af7538af6e17f,665ce1338bbe6ef6c35f13cf8085708f95dc4eb1b6fb4af1957470f7519bc3a5
50,19_0.jpg,19_0.provenance.json,35480cb14a125b93daa5bf4025504f504c59e99e0aea9af92faf30e5b786a49c,4ace15faa85e2c02fc7b7596d38dda66e6f8182bfcb74e7a15f7522745e5e7d5,131f31dd64b3f8f3183f2be8c99a824ad315b085e7b1217c4bb22612134e2186,62225,14,15,GON+,GON-,5.16,5.17,19_0.jpg,tampered_19_0.jpg,e4b056664529df7b46287a57525f237bedfba4a458a531ef6d9f22fbb1438ff1,241175d0c2ca9482c92f7030165ae5f42eca4565f8665f753c504752e9dc1052,3170931ff613f64af6afe8c965cc626b9173f79ee02f4a837d6e08c7a8bdeeb9
51,20_0.jpg,20_0.provenance.json,75067708118b44ef6238006a2b6dc8cc943616432aff3224beabecc4ff40d915,b95e36b6260bade192f180f5fcaa84a28e933878df12865b2cf075e65d201f9c,f1eb88f3ddfa442550c9d1ff63962bb36df795534f5b0600f84e3ec137a31a5f,66756,157,156,GON+,GON-,3.85,3.86,20_0.jpg,tampered_20_0.jpg,3e093f8852d43f18e2631ee3cc34f530b3266aaaa17b879380464ce9b1be842f,743ecf30b995784a1603164cb344dc86f44d84c8aedcb04dcc01aae52de2793c,5cb649ac14e255e17f766ed77de2b1cb30b0e05287ecbfda4cdd5bd7432144ee
52,20_1.jpg,20_1.provenance.json,5903e3fb84d891c971d9c1e971d6ba34f640e781e853dfc63975bd93bd9f8134,62038bc4e9a03ccefeba5704826dd8dc77607df602b7254312f49aeb660f659f,93b18bc314baca48aa8e33c447930cf87c442e0aabc981840af7e5212428c200,63456,105,104,GON+,GON-,6.21,6.22,20_1.jpg,tampered_20_1.jpg,4b5640eac92f685872d78ce4c81027822fbb66fc0dedb349ebfc2e10c7f4637f,0a6e6f78b5ee25a3d563d139d243667ee92d8647a39c3e515ba229f2a9ffc79f,0ac74ea73067b8f643938ee543a03a240136197371fc254b9788676583af54b3
53,21_0.jpg,21_0.provenance.json,dc4ab3addb90bcb8784fc0a5b533643b185aeeb020022dba828d099cd1669755,c9f6245d415535ec3c90e5a7ec01948eca514f79eaf54d46f39d2e898be009fd,5275a7ce6d25186c2664a3c1c542643b5b3858581c220a836b67400ccf43e624,59654,2,3,GON+,GON-,6.55,6.56,21_0.jpg,tampered_21_0.jpg,755f07f5854880717b3af5c0d2ba666a742b738be6f696595c8da0316c167d4f,7405f8fd2cae9ed9ba26c301a2771d05118943d9eb933444fabd40f6c90c3e96,734f7de702c6ae7fb1c1e1a02ba9aade3ddf42ac21d8758baba337478239503c
54,21_1.jpg,21_1.provenance.json,9cc0c1a1dacabf12ea2981c2967cfbcbbd6b7354a52a1b4f3579f8bca3b6c174,db6577bee982bb91aee5dc31be6ff8a89be7c2a1b401a7665ea784533f635bdc,61590215ab3772722a56596454a276ac8ed0d623334412148bd394e3934d5f28,64524,169,168,GON+,GON-,6.53,6.54,21_1.jpg,tampered_21_1.jpg,9210a0db85477c4cf6bf6deca15db8c1861f7fa0c578cf7133c1ed8c098ecfda,940e01510647171bc0f01a037d1fc7a853183868916251b337997ad48669754b,3fa9cc369aa2c399e9aa05d765d4dabffe2a248e8b286d5e096538d85518ce07
55,22_0.jpg,22_0.provenance.json,db6935a337a202136524abb7c3f70f19a5242558ead6b473ad6f96f3932527ed,8a9b30cf45afd95d191073cbbbeaba2f2cf9c77abcc044764f49801490d1f374,db1406802d9dfe7ca643239515c2ff95812e2cd50121a172dffa623cca4ef6aa,76889,1,0,GON+,GON-,6.89,6.90,22_0.jpg,tampered_22_0.jpg,30a8dec424b67cba100cb5042a5417531724b832a0152f25aaf5ff4e2aefa55e,cd7a35664f7ae952b5fe817b385475e1955b883464e316d471bf783092afcbcb,aaa50c44d8e60d0ca93f8d7f5ad73a2ffcfb9da82398399e153622fa8a2d5967
56,22_1.jpg,22_1.provenance.json,e4d9ae39656b986aded9fa879f250886267f547bf4b55c2450ddd8e68d6a145c,c823ea27ecaa9c5b82145c1ab366173af1cbd1e0640df2271c79c383670b6ac7,f4c82888eb7889a5787494a1d648bca5f83e37518ff763690c831e7f61186625,78218,43,42,GON+,GON-,7.13,7.14,22_1.jpg,tampered_22_1.jpg,416a722f47b283e43ee777f1c7073093e94f47a677eeebfe8377c53acd830a0e,186251eff59d0e409f5b25aa82f62efa9f0b371bee64e1b229f9ecc070a27502,910d34f9b7c0dbc754fb4a06fdab3592915c13aec32353ee992dd5b4d9b998a9
57,23_0.jpg,23_0.provenance.json,59e9cbb71dc955ab319d0bc4980864c0a4f41cc3589761fdf916d062fa810dbe,d16a428195192295c94b9654f268b1ad43d04b1e30cc4aa8564300a5b35ac726,f52c6e03933fc8114a292ffd6dbeb309103335b256a8a17920c5e467ae9d063b,74688,196,197,GON+,GON-,6.63,6.64,23_0.jpg,tampered_23_0.jpg,b12a229588345b5348789b51607e2e71b7dedf15a67e7a27d46d919c16ccb824,b1a65cc028031022a28f3a92cb9ee995813df244366c468c2b2631ddd92a3241,a2d81b70193542ef4d2576a10295aafb5aba893abd5da385bf0ad2df6a73ad7b
58,23_1.jpg,23_1.provenance.json,09c550d62bab740bece89f318c00d7e6f8cb9556207a441b44386a56d337d981,743a595044343d2924efec186745c0ef0fda6c38b4e3c5294992463c13eafa69,ecdac746c738bc83f7340abe8569251f6f2c73ba0558bca38e64f0ca1ee416c8,72694,66,67,GON+,GON-,6.67,6.68,23_1.jpg,tampered_23_1.jpg,5a781e29bcaec4e5f8a23ac04e277890c8446d561f82316a6101f132405c2a63,b7885e76870d77622d9ddc2ec34885e85a29e8a7cd54e2d10b0b2ec39523ae93,8daf9b4fe8acd6ca2e553872c93af8b12da6577e321583e6f6ace0d297abcccc
59,24_0.jpg,24_0.provenance.json,cdb0db0aa0d633aa6ba0abb12fb8937a8b1575406cb16b4a7601d5649f78c89f,e8936a28c66e2b20cf9ca716dc90881a1178738a0dc73528e623b63cfd6b423b,a4b69dc5a7c3550075df55a61defccd2b19840ae9f300912b804d5f31f796364,67855,160,161,GON+,GON-,6.04,6.05,24_0.jpg,tampered_24_0.jpg,e0e437f61daada2064211bc968cd1f37262a1ad6a9999d75537dd911e68c4e13,ba4c1bd8b90f3f9c1a982cb7d4adf9af7a49600d652e1bdd4d9f0b72628da93d,efa15d15298731e11769e78ce33af4314f7f0a38f74f597d99ef1f3486c63363
60,25_0.jpg,25_0.provenance.json,8ba8086b1ef12168bfcfee0ec506e9bd5928af66f5779eaf8b1b0417f91577f8,1b4242f72544a685e1ac5bf5200f5edf8645156625a85929a019c97d0ee40a60,02be6d49fe4c4da4727a843b0466dcb33cb1e851e3e5694c2ffc72571f0da39f,64221,105,104,GON+,GON-,5.40,5.41,25_0.jpg,tampered_25_0.jpg,a113176e69adc11621e634f0d2631732891bc24856072e951c65806fd54bfbc0,59f4fb84f3966cd73388613beae9add200e127862903ab19f654572a267e3287,8ebd3ef995f7ddcd270ac2e7802653dc65bcce416d24ece31d316e42e8955c1a
61,25_1.jpg,25_1.provenance.json,6764ed3a010e67488c0fa56cadcc7fd273c5c82d935b52475d1349feac210cb4,e544afa144332d0628a64a4ef8117cf06a6a90193b8806e59581d3aac453eb25,e85e03cc28b72bb9d80f3c7a07738387a0d83f60b8d96462eecf5dce4c0ad266,68609,86,87,GON+,GON-,5.72,5.73,25_1.jpg,tampered_25_1.jpg,47e07cec2e21631bb54a840ba45518a6daca870f83735959dd0e2aabd1163b05,8f25e56480d51ebc55a9ba89df0a1e86cad36fb8c189b1ff2632d493b2236740,3b436bf4a050380210ea581e9257b17a54275f39f3faf8fcf06612a6bfb4b370
62,26_0.jpg,26_0.provenance.json,7bf172416389cb67db92deb9d88698c6d008a58c687fb2ff06557eb6840f95d2,573512225e1aa3b40b444e607df3f76cb14b504293324720765f56d932791af8,df991d1b9ca241f0463ba3ceeb6278055b33e67abf746bd7a3e88dd456afafae,58969,41,40,GON+,GON-,6.49,6.50,26_0.jpg,tampered_26_0.jpg,eb40dea6b3f7b7beac27e8027e2c79eb6538771921efbcfe066257089e1a4837,e8d41fe52f7c45592ce24beab714a4677910e7b98a88e9ab38744680788351a1,79c3b851af6e4dc9cfb0954da5a6fb1b02a2df4dc65861422b3232415458d791
63,26_1.jpg,26_1.provenance.json,55f79296190e2b7d96bbe49e54f7987059f1bb94d86c6bf06becd110cb4f1064,b0c8d788fed1efab03e2dcf04184d3e9b8863f3274e42a6139f38e4f7f8a6eb9,16928415ab6b546ecfebcd80ea6c15b94fc7b34554a7fb67e4d59deba465535b,58116,106,107,GON+,GON-,6.96,6.97,26_1.jpg,tampered_26_1.jpg,dbf7128b57606b59058059b1a059b302c50fd031e7f3924e505a8a9ab3c31511,610b5638f749e1ab97cb516e96ce6550efa241fc67e06e2d72fadc37c4c90005,58d48cff6afd6bffc96ee265474894e410b976c906c78f2c647e0d10bca87081
64,27_0.jpg,27_0.provenance.json,9d5e0e1f1a847c4f83c10d92d1a6126405297c70d449f3976750e5979fbfb1a2,3a61cd8a4bf1616a75927b567ee749bdb4f5e7d422a3c7e276cac4996e63ff77,6259703fbbac0ebf25b7217072813ebacbe9ebb7c3e697a75abd36db3d9987c8,69066,14,15,GON+,GON-,5.35,5.36,27_0.jpg,tampered_27_0.jpg,f84b8fef5f7d98c5e625e6a7dbe28f9ae09758800dee9c33d623434fa4fa275b,6849aa0fc32da7656f9abe85e4fbd90701553f415a59afb4c1a27f00acc8e6e7,32eda345696462cc811a681f9ef9a3ac2287c57558da877780757b3fefa4310c
65,27_1.jpg,27_1.provenance.json,fa898b4a3d4ed71a762422fb86841a64edf3feb333af2c99a2ab6e50c5d7e164,c799432d594de5ef70c37c9a41ef3f9d96803d75b891b2a5be5f25fabc93108c,2064127687c0e043f712466675b0e2ff2615ab86b7b6f44b2a30c3ad1ef5c745,62474,52,53,GON+,GON-,6.44,6.45,27_1.jpg,tampered_27_1.jpg,79ba367c636fb1c6926dbe36663f423bb9b4cf08bfe3c11d1a93211407bdb359,fa74e0b262e1522f227788b435eee76ddbcd7c9d7b242d07ea118dbbb52ef06d,6e15a0bc889ad01688f60a447eed6d9ad7644e46c782f44de3ca0b040cea6dff
66,28_0.jpg,28_0.provenance.json,8ec6a7ad444d5ffaf62eb15c3957213818bb7c6ec283f7b352deec328ef142e5,ddf89739455e8989c24c0af65f7a6eceba5e2f9298fd0f4ed5091d344ce34e36,0f1c18bdd4d4e9395ba77f4bb0dca9b142096495c5ee1e256b3f8478594c5460,62660,38,39,GON+,GON-,5.93,5.94,28_0.jpg,tampered_28_0.jpg,eeaba9c344167c12a677fc57ccf0212abc11ca07d9893aa868b9d044bd64c606,ee91dff93f26f2bcade4531654321e74aff55144498231d06f79fb48a44c2993,8d03367819fdf26b36c546a25cc39349565e44257a4a4b16748bd5b741a3a45d
67,28_1.jpg,28_1.provenance.json,90c2c030df1ab05a1b40faa22a5130677b4a80ba5f23b92095bed2966ea9609b,305ad1b27ae7f8bc370899534866a8571de26daac551565dc6828c872ca76a26,61f67c22c69afeb2f54f186c5246869c089d5882c23e3e44a38ebc323b40a42b,60051,162,163,GON+,GON-,6.84,6.85,28_1.jpg,tampered_28_1.jpg,497ad9d431a35001a5d954c04708a67db59dcc923c96504bd378eb41168c8026,95c1fe5a46f7572e261b0b4cace8937924d89407b54a112fdb8291a4e601e6a5,4b022e5948d1d10a12c3e70ef55b70bdf2d5412cf0f91a35036146578661297f
68,28_2.jpg,28_2.provenance.json,0175018c382f9d52155eb673c57f79513f983958695d758584344891e0969bc7,b08d2201d017ea26baf9f20418042a5c7b65a2578938e5fd137885d3f1bea10a,0ada5498b96e657dcc055db814663a4856be1cfed6e686da1e53fa377f2c8aa8,76504,8,9,GON+,GON-,7.08,7.09,28_2.jpg,tampered_28_2.jpg,b7bc1b60121329f61d89407cf1f5e6ba62e2f504b2309f171db9c1c9d950ae5c,535da30d0bf792689e2704382ad5d2dccca4b35a2e2af1d70e24be92a2f1dec0,401b5b5730a069971406eb2ee1b70fbcb672417bdfa456f59571fa62e5d98d8f
69,28_3.jpg,28_3.provenance.json,38d42c503b57853bc5bd32203f59a7c9b917c37b4052953791d6e6d8d65132a8,7d8d500ffd14191048f77048341f1cffdc0518b2f834ec74831680418319b605,61b5ed7f2305c8fcbe2d9cea3e4b453b2cc056cf97d963a16e2ff2880ab94bbc,63509,21,20,GON+,GON-,6.90,6.91,28_3.jpg,tampered_28_3.jpg,485271af692eea25e1d38811e9b74b7b5eedd81681b05fd3c06f6be2cb777e03,fc91de10915c2a1ea789f687b3da1ec8d06a7e92bf6343f85b67acea92ec84b1,25a0059d5d38246dd4058bb09d33b1bdb56ab93b39284114ecad1802a19e0889
70,29_0.jpg,29_0.provenance.json,5089ddd9d221e02cfe44e7c7168515624d27767ef8d6bd1c5b511975b11d7fda,3ab98cbf4c9ca181000d8fcbcf3462161289d8a90ae1092849cc5d9269eda665,b0a37017a6447f629b2ea5ddcd2c6d86b2e1441dd4e76b9db1b7a379ac86ee8e,54917,158,159,GON+,GON-,5.22,5.23,29_0.jpg,tampered_29_0.jpg,6e9a713d383d26fa1e5ebc08ea29ea1312e0edc9420720dd01ef5301b4b8635a,cb2ebbafef3b95311b987d219070cefc66437a45ce12a506f4ae9e80a7b02824,bf8ae92a670ed860d309bdb0bf7522ce5baeddfc2cfd451639288bfa2861ec94
71,29_1.jpg,29_1.provenance.json,471e18c9e6ce66a5295494c02d2cefeb29d02df112a13af35c787b1635649801,eca7d3ed848859041d4e6f9ca41515c6440013aecc172db6a2074195d7e4c1c2,9b6bdca340a36e302d1a9d14edea2be6a3a69935f17ac17aec10adf60ead188f,60760,222,223,GON+,GON-,4.68,4.69,29_1.jpg,tampered_29_1.jpg,c066a15de57a01b0490a191f11d8326af8fcfd69c08af5dbaf3907855879e4c4,a026dcc571216fbdfda30c089c4a3a6216900240751ff52379ae52d9c38ac63c,a10f9126c036b1cf6f4fcf3063b13612cfa5ca651300b3f1928d94f6d9292daa
72,29_2.jpg,29_2.provenance.json,94785783a02b5d62b70b3c92e6454424e82d47a75b4706114a6c372950e0e9d4,d64b145314f9239da1df87046637eb33a0e6539ff8823632dff4c9bcd8ca9de4,88f3e0a73e1647e3c0f43182eefba72f44fe7133713976190030a592616a8060,61147,140,141,GON+,GON-,5.10,5.11,29_2.jpg,tampered_29_2.jpg,45427c3b6542362d2d8502f00591a34c305809c36b62f71f60cb4bd1ac1a3ec5,5a7212b7416b76006a8d91796d2940959b0de79c798aedf81f707a6c1b560302,cca7151eeb310d0d279404f882dfba9f78610654b95961c557a544e16b6cbad5
73,30_0.jpg,30_0.provenance.json,8903c807319126cfbfb0fe64081b01956231c7a63fc0e1f890de3066ff7eaeed,00461efc205d89ecaabb236a8e91f30e30fc4ed53a42f8f9011d70edaabda2c0,5edd703937f28f3cb35170370723bd7ed897cdb36b7e96faf9ff127b8246090f,75751,134,135,GON+,GON-,5.41,5.42,30_0.jpg,tampered_30_0.jpg,bc67a32c514f6770f23902526a3d8e4966b80a79e4042ff51c46b40637af522d,eeede116438d13f252a27d80f25283bf3c6279e9236508c096186186a5e4e4a3,da41553083840e01c3591e3aeb1b15554a80a853c3719d2f47ce964dcaa252b5
74,31_0.jpg,31_0.provenance.json,d94548f596664cf07230af2d917374d9aca082152d514ec6f1b9f58fe314b455,4ce4e0faa98372523b8a039a86a2ccfabfb12545af354df5da7222170b11b840,e21e81b49820f9142ac44594150650be791154b0d99325bc1d52e8800b939978,67386,75,74,GON+,GON-,5.60,5.61,31_0.jpg,tampered_31_0.jpg,4407eb9e3a05ac5948808102273ffb14eac887a141c285e0100f84df71d81918,110cb74f00adc14f40aefe0ec92f5ec248c5b299556a6313a85e2df413e43476,4ff6352f8511ee4540968d0ef34c847f827140afd38c2d206d96541ce9f63c8c
75,31_1.jpg,31_1.provenance.json,17bad5b6c83ef177544c518e307f7fd834f2f2bb64685e7459412148b214d31b,0ed279d116b27b54b85b537090083e60ac8c68551b8886b882614f4b1d305ac9,9087f30c68aadbad410ff403ef233108ca14aa5d1c2b23ca97ee86927b4a6b19,66516,148,149,GON+,GON-,6.66,6.67,31_1.jpg,tampered_31_1.jpg,4ab9e3fee92f5597dac9b8fea6c1b9d81c5bdecbf3627a0e6f703640eab9b1f5,af02110fbd047900ddab04cca8a8b6c7623d03ba5a6e6545707f666b1211c93c,1ac19968c5ece430460bf3d5d25088659851cfefa3f97a9bc290e472edbe7d11
76,31_2.jpg,31_2.provenance.json,4574e54d1f19d94dca6e7b314257e7a257dd2bdf945c121cfa597b3597d20c31,52a614b1782b3db246309dd64ebefed25fdf53f29f31dc2998d017447e0ce497,c691a47e6fc28d19a59c1f6cdd90701ef9cf44f67817dd246cdc0eddd76a8c2e,73115,96,97,GON+,GON-,4.14,4.15,31_2.jpg,tampered_31_2.jpg,cee2914232c0c0d17b997d513895bd362296144f5f64f1b76ebfac20d052ee31,45e08682974177a1e7931f9f30eb8a87874f5c3cb34bf64511321b19420c3909,4102a7b120802d0e052fa4ead10d3d26991356532eb52cf46f2896bad71fe2a8
77,31_3.jpg,31_3.provenance.json,5cb5fd39fd148da946fced942ffa8505b1b477579243d029ce62032dea1d3378,4e912315fae99df95b3027145031cf321c89a537d87482aab7e2508f88307408,71003bd5cfaf8ccddc5763a0f4bc08981c705962e5a00e6c54e557ea6b6cd53d,68657,162,163,GON+,GON-,5.03,5.04,31_3.jpg,tampered_31_3.jpg,5209698f88d96ae47c85ae1cd0d61a8a2eebe204a3398552933e589ce701cb18,70f218c18da88716b07da1996576e9777282dd45203b2b4cb0460b3017b847f3,b3533897cd10308cae70f602ce069160f41f18f896c9bc347131644070a1c263
78,31_4.jpg,31_4.provenance.json,faeeb0fb4123c28574645c9f5a258ce3df329d1ea9ad212a59793e24ea9b1711,cd6b6724a4db542f634f91ee4c39459f66fac4488b66c992cf61ddee385e3880,dd07076bbb92d7bb49ad7fca9ed838c0b9964c852064369223e301012d66064b,58792,138,139,GON+,GON-,6.20,6.21,31_4.jpg,tampered_31_4.jpg,6f7066ec0f6ad3b24c21b8b5dfc5adc7e96b295597540142354f4f9e24549b0b,2d8823aa209e3b4436514cc195ca2b73f6a989043c793faf96f2d99405240f8a,9e26756724fe34c6060093184dddc44772f3a5a6b4de5499d8f8df91b4d8661d
79,31_5.jpg,31_5.provenance.json,ffc9713e61a063f4e4d5ca5849da4da74c4ac4e8580c9cdc81e74d6783cd4d18,949db5208734a2e5f07209abec9875409346f10ded68ada8ed95e43eba462a02,857dcd2b82b27d1bcade2913481724ac85ad0986ad8b7e39bcb5e9021397bb07,78011,159,158,GON+,GON-,4.37,4.38,31_5.jpg,tampered_31_5.jpg,107cb8fad2077a4506e544364322cf1c0b880bdd2c26e9e79d94d5556708ce57,b4ad78a699be694e3700afeb6905536829a4e0bf43bd8fc96f194b5a7645ff98,3364a35cae6f134dbf782f658be709d93230d84872ce64c388460ca42b9d9a7d
80,31_6.jpg,31_6.provenance.json,e7fa4625d67894abeabb2a5fe49931db83c38f1bb621407a613b3332a1fb6ae2,1b6847bd21318a0473573541df9e6f509835b92a0b131d03f6047d4d4e10a900,4d8e689fd76f0b8e79fe0d20d2a4da654f01210ecf00474b43edbcd166643421,75544,151,150,GON+,GON-,4.25,4.26,31_6.jpg,tampered_31_6.jpg,658b95b5c6439c7115cfce02c63ae73891b5a5745a12a1dc1b2041de0f98cd0a,2b2cb3c68f859a7f9672065a8273df07799b9ba08afc4f8b278aa5235e4382a7,445ca024861fb4426d37b00e7c4e8bedd7b3a1e640d476175c8fb2caf4d24a00
81,32_0.jpg,32_0.provenance.json,e80fec84ac378bee7c08d56b7fdf451183caefb65184050d906e8c5aa201f514,c3c5d71684f996584a9d59c400f20e75edd0def99a8ae0ba92475e234eefcb0d,fa2534ff7987afe9944f3a98ad56531483ba7eb5164e75e639ea90bf692125b0,63890,65,64,GON+,GON-,6.58,6.59,32_0.jpg,tampered_32_0.jpg,42ca2d3d82f2b1e4ae1f68dc5d5d87aa6744b50bfa78169c105985677b791dd7,054cf0ca126b7f4222241acadbfad62b90bfad430e194c4d50e05b7e401bd459,8fc2756b9174fd446ab0e4ca653ae0308d8dc8295fdb953091a9c4e2a393679a
82,32_1.jpg,32_1.provenance.json,0905f92f803dbdfc0462bd0d50d0c3ad25d68abd8db910b6a01f157453c700b2,5f28bc6bce13d152f75f1b98723cfb366bfcd010b2d46de8ddc52b996cc77abf,a4c870ae2508c1624221b4fdaa057bc7ba7f39a3f9f3caad6660c99a6eb74c77,53678,7,6,GON+,GON-,6.40,6.41,32_1.jpg,tampered_32_1.jpg,78bfb5b92c124e0d84c0e2801723623fd4bc07fd77483e9f5df73fd8a85b3b7c,006b39584673a233d4f782a2fae91bcb60bc35c1225c968bd46dfb71be0e3adc,3f68cefa0e796f231162c9b71a682e05892c69c347317aa885940328e776a0ba
83,32_2.jpg,32_2.provenance.json,ee65ad67d77451bab8b1c339b8c4ab7d8625976d72a75243542ff173379b115f,0ff264bf518e40e9733764dd021ed8f11caf228ba394c0830f55337484a961c0,1fe7eecbfcd19f6e936629933e0bc1aa486369ff426001b71a278f39e22ea730,53962,184,185,GON+,GON-,4.84,4.85,32_2.jpg,tampered_32_2.jpg,e71666286dbb72c5c38ba787d8a1b195c3b9b2a535219df26888933def2623dd,52b53ed68f6181cd3222b84160c48904a2bbf03dd2165f6adfdd71f49d80820f,9107bc510dcd592ec4d4922ce5a7ce45a4cd5ecf15fdd3136f92c6b251d3f29a
84,33_0.jpg,33_0.provenance.json,0b5f51f1de63a6ee75bace21748af06f515a98f5cfc877412fd9d4af05a6106b,02f36eae3fa8a6541fb87e2c730f20277b562615caa08590a014c4ef366e066a,b218f1cce0b849be3a7687a2d21e352d9004a7268656b718e50a64a5a035ccb2,67463,172,173,GON+,GON-,6.13,6.14,33_0.jpg,tampered_33_0.jpg,2363a9a4e44bd02bc01bbb2e6cdb7ee76674f5c129979fc94123fbddc3fa1346,014ee360ab97721235e54d09d8a6d6bffbd885d3c99606b60a1463ccf8a96373,7cc82fea0ce0fa5d5ef917023827de11229217d3430bd30931961ef73111d2e8
85,33_1.jpg,33_1.provenance.json,a29667ba8bd87498b473f676470b8f5bf80c983431e9ab5a4110bd59ed0c46bc,8d3958b6e87a8916648643bbbdc81136fd0d43ef1cd463ed2d733e4f8c87fcf5,cd5e0273f92f3ea099059b654b8de4b5b3e91dd8d70aaaa38cd44ff360c6f10e,68522,75,74,GON+,GON-,6.35,6.36,33_1.jpg,tampered_33_1.jpg,854ce045d6a41d64096e7e345cc097a80fa7d3211a83b7d2563369389b9a5fcf,7abce43e32ee10e571024dd43991ea486b06d4cdac3a55b2428cef29fb39bc8a,cceb88810fb4cc4b833dfbee8886f39a530a2967c2638331b30865fd7feaa16a
86,34_0.jpg,34_0.provenance.json,14a46322073daacaa2add2a4919c669f4f9539e30036b71779efac52bf1eac9e,79c036f0829586e962634eea0b065a967a7442b4c4c2cf8455c7d6ea6e96f340,68843eb9900c724a98d98c95edb553a923d82a736d06029478d5c58683265c77,60585,213,212,GON+,GON-,5.59,5.60,34_0.jpg,tampered_34_0.jpg,bb8edcc1c38082c7c23256402575b43e7bc2f5ad1cc8428c4cc297cb270b18d7,bd8f63db6d7a913febb271a0fad746171068e6593516c76f4153abd8324fac50,3fef4d880e94d2c65962d4069a616594f97879d234d5c63b2ad6dca935daadba
87,34_1.jpg,34_1.provenance.json,b80e3264c97014f0654ac864c40f3e3ff50fca9bc8680b4766acc2d8f10e9f51,4dc7e0ab99e533a141c531a4be9786ab3ab601be353fa21e9c74f029845f6df4,9e31a5ccbdd626a3d642567aabf5083882a820a018cd1d4cd831c1e52bafaa5f,62349,133,132,GON+,GON-,6.32,6.33,34_1.jpg,tampered_34_1.jpg,9618db5a0dc95ba96122116e9a461a6d48bfc04c05d3d1add4c3a6794ef38209,e720df100b6da9d5ba7cd36ff5a96d76ba014008f33b3e873f142cc0693e9ed4,1ba96c2b307e9b1035aae8b56283279a120269cb2e0a5bebaf72cbae423eeade
88,34_2.jpg,34_2.provenance.json,1099fcdfbe13ba81d4db802130e1aabadd900c9d78096d0e08d668e70083391d,b082bdeca12a93a3e958bd34ceeedf8fe728e9f6ecea82e940063cfe2b55c97c,b48940db88b58d880ab684863cab9e937fd7f01fef7479b83e35ffb8580002dc,65811,17,16,GON+,GON-,5.72,5.73,34_2.jpg,tampered_34_2.jpg,5d5bbaed1e3863994ed21e8da6bc5c060b9998b7e077f786564f5683fe1e70b4,9825e8c98dfc7de4724dd16a5d77997fa3f44b7768999953d717b6fcaa19e166,fb99de4c23e116a4e3787ea60691febc8a15a25dd9ce7814c4fe5145d29c9df1
89,34_3.jpg,34_3.provenance.json,ec8093a98687ad9d0b264ca86ad311616685aab04767e3e0fc3abd123afa57a0,e2e6cd7cf9a2c3858c543b59fe78f5c99cffce07ab82e325a92474914d408a79,7d1810a39e823143e3ad351ee3306cf28c0ce273f612a17196d96f3c8270742f,58834,51,50,GON+,GON-,5.50,5.51,34_3.jpg,tampered_34_3.jpg,a0047cd7f0bace52007bd6f6bcb2cb70d449247f3b0772050a9050cbf6798e13,9ef6f3f69c6f695ecbc82d705bda71b0fd417805d2d1af20e3c5118e2a71de93,3024c5e07c8aae3250ed122184dfeeac79ba66015942411b392655881ef82f5d
90,35_0.jpg,35_0.provenance.json,7d2d1b06a3839dd28fb47c64328a002e07271e1db420d46919c3510428d85cc1,1da179f988e0d57736f81425867b3ff4d457ed1debfc496167daac14d8d1ca39,3253cc2528e3ff1861d30a2ee84c7c43f0ef7363aebefde9dcf3f5805043baa7,61179,106,107,GON+,GON-,4.56,4.57,35_0.jpg,tampered_35_0.jpg,e4d4e14f769ca8478babc581c902e6be3d751e005927cda20137a36459ae4d38,99c74ee55604a270c61494313d524927a1f906bed619f15b41065a9ec0cb4e86,dfa8091f9c4fbece84f6961efec0b6bc2757c949e7354c628a234bf0a4ba651e
91,35_1.jpg,35_1.provenance.json,6cb74d1ff7ccc4f0d4daa5d0550bff03ce0bc119eaf035551540c69a112823de,3a69a8fe463be496f68cab91dd09934a200d7d9c2931c15a875ef6eb09ac655f,e707e5f97e436fd0a9002a41e80721f1fa8428b0b3190f8c2ddd24791a6bca96,67652,60,61,GON+,GON-,6.30,6.31,35_1.jpg,tampered_35_1.jpg,bfe4bff4a83572ec5eeca57506745e101c6f3b63d62a13b9ad9d15c0c3402868,52a19f6159ec0b3c821cb489926e7a4045c412c245a360b322d230404a1fb332,231635dfc3564baefada50461188ee342db684b7a237750971c606b264245862
92,36_0.jpg,36_0.provenance.json,19eeb1642ea8dab0c60eb192fea654717e1a50f069e3a100983836c6958023dd,9842ed5f53720d57070694761cfe71d02ebbaa38123a2c656a189e6d81229ed0,2566bb81ab8c7a6e33b1e31885696c356ae2cecb78ccd9dadff1b66ffd01f56d,58752,177,176,GON+,GON-,6.28,6.29,36_0.jpg,tampered_36_0.jpg,7e83997fb7fd9a482c9a11ab720da0175535d2acd0b04798b3aff68a2931b380,02617a04ff29fb07cf028c45a40af12d3837f98dd271bfc8a321c264b5d375c7,a4124e01c0a77c10f8f488af97861f71fa18563a85dd4c898cddc17007d40261
93,36_1.jpg,36_1.provenance.json,4aa28637941aa0a5c898de3748f5116e794c06de8ec4c44121288040bc29add0,4bb1b52fda6c4f5203dc8441af682356e3c9fcde7836e10899739fdb0e15bcec,11e94fafe3de73e66afce25af7fd1372370f5521beb6efd7318293789966da6f,69176,32,33,GON+,GON-,6.76,6.77,36_1.jpg,tampered_36_1.jpg,aff81ca8f9f1ecc1a02f8fbd0af67e871a53112be77ae81cfef9fab7081b3464,31f2c70d060a6bb5cfb209bd3e455fbde1c33de559664a72a4e4272389d64b3c,0e20b1967091a13a9ede7082fb42af03e7f1504f511d051e356028ba2f26435d
94,36_2.jpg,36_2.provenance.json,0df5b2da178b25f0281a40aedc2634d203012a5158d386e8d725403613ee93a3,d6cde1bb3720754a07750909e3a39fb616510f9abb051d45ce6a2e6e57cdd694,60f3966fc8834e753d28e44234472cd28e1bcc2da6d95e2a76a974d45393c0f2,66712,81,80,GON+,GON-,6.22,6.23,36_2.jpg,tampered_36_2.jpg,4c2cf4479dcfa53ffbd016ef73bc5e9c62791fa261d6c144a3d0b328a9d9f252,29968df91051322a4c91f0fbb70e6325ada5f02c979274ece72c2180bef6faeb,953fae8e896d4df2fe70558d5c79732bde28eda3e4c2948b4d090efb14fb3475
95,36_3.jpg,36_3.provenance.json,10c89b9646fc1577f67a1c886a85ad6dbd9494385433e837e04f0eb34eea93ef,380499839585f24fde9b39728608a916dc1074f1441feb3bbfae3d14019213a6,03740626c5a5603be2016521e9c381c2a3a9757ceef8baf77d51c376305fc876,78422,165,164,GON+,GON-,6.34,6.35,36_3.jpg,tampered_36_3.jpg,adbce9a3d1467d130a8d78c57e149fa0028f6fe919c69c52c45534c592c54eb4,2a8809fb8c2ebd07fd6e8db5108e06e61657e4546390faabcaf9dfe2e17bbf3f,1d63419d49192c59a2b121c72f60c8fa9b6c9383486eb043092bf72662f7b780
96,36_4.jpg,36_4.provenance.json,a8e59e1c53926fc2ac863abdd9e42d4e388e3729036bd3aa6afc026bbecd33a2,dcd872009108c5b6c3073455f0e2eabfc29638dc54c0fd382723289ae662b842,4d75957657cd101be83bd779684d2a2c8066c00582bb19e18cd3e5e6ab41ec01,81149,227,226,GON+,GON-,6.97,6.98,36_4.jpg,tampered_36_4.jpg,040ca07bde0a6ea13cd0c3f58b4e69a3c384db0b6195221a97ce72a53be2609b,b7348719bc14dcb388d4bdf3a2d5f3f011702fa92cc1e134a15e5931bc7f687b,92fecc4d3e466d9da59fd356ea9c20816693e6c97d85314253b052477b21aba3
97,36_5.jpg,36_5.provenance.json,0e0781c54dbf4b98e964e0ca4e7c30423e21873fca02999d4e13870736579d06,19f569bfa344e11abc6ea15557690a231a2db8c73ab3b0595fccc2aeb04bf233,7b25e083a2fe635dc1b02dfb868c8aff5691c62fd6526fd71e73ee18bf4419aa,75945,154,155,GON+,GON-,6.27,6.28,36_5.jpg,tampered_36_5.jpg,1249890094707869f05b520b5b9f5967c5fd6ec4365519aa097b3cde94655be8,00a19dd3278697f509b703e428449672387ab1c25446072a29795d1974f3da14,9d73d64b368b600ad5282bf9682db60e8542965179d7191e7ec0cc355052785e
98,36_6.jpg,36_6.provenance.json,dbc63749980511dba348458adc967a620bb8ebaed6a7869a07b22d8b2281b50a,3f3cbe2f1f9d19ec06e5e67de4e6b9ca599cff79fd53e4288dc6986fcf5a6cc7,216a175e3cb0278d5f0ac2f7497120c9c9ffc8fb3c9eb3891fab6d9215e342f2,70951,121,120,GON+,GON-,6.71,6.72,36_6.jpg,tampered_36_6.jpg,f96330f3818d7e398f2aa8a442d9e0d1b41bc3a2bb64ac4b8fad7a2b9425f9c7,3288a73772be8e6e8dad828a2af57a1e7106d9e615186ccb7708517a8cc215de,679182ab4d00e5b5a2052b5fd3b5752a51214476aef1aac9fa9a2c571e849ea1
99,36_7.jpg,36_7.provenance.json,c84fcf0e06f7ad077f33264d475386355bf8cda13351173011a6d6cf7e6de8da,9e7ff7fbebb575e73343b8ce8e425d43dbfe05acbc54af061eb57eca3c6e3f13,2c02d4eb37f715afb2733f224c8144bc185105c312df47a32b880270059b760b,73721,102,103,GON+,GON-,6.10,6.11,36_7.jpg,tampered_36_7.jpg,98da5db06776767d5cfef9276e130ed7755d7b89bf8671c8de785cbabd108c0d,86cbe59930bc2bbb5a27e1c40ffffd9f0d556cd5a59fac96d2fa893680f1ddb2,8877a7c55f80c6560392914b586f3f0cee424a7c6cd06269ca85f28bd55f764d
100,36_8.jpg,36_8.provenance.json,ba03f2f5729f5116c8def8b09b9b6c82bcbbdcfe092b61c4e152683e8e33e222,2bd9ed47f78f822b2feda51f7e7cf1d487d9f3d642168e72469427ed6f015e68,1118e5e825d566061621282e6d5d793dfe4c48c9162dd99cb6191f428ad27809,65686,49,48,GON+,GON-,5.23,5.24,36_8.jpg,tampered_36_8.jpg,c32df677fa102ead98b8094323c65a421506151aedaf808b03c9170c0425c657,89e7bd1feeda1cf0d34590dbd8239a982780b966803367f3bcf7698d2f37aadc,474db596dd53641eb530ec2f85bed62d98ec32fa8db715086a1fd24bca190d5b
101,36_9.jpg,36_9.provenance.json,1038575ce24951b68a1c5844bc6a387b7b45bdb26d62f9d3d03e96452cad54b7,600f748ed705415c752dbfe58dca99dabd8e81463b78dc6344cd6e33aee073a5,09e186a5542e383c466731cfa12f9618d0a84842b1c5767b7224c3458c26c88e,75378,113,112,GON+,GON-,6.11,6.12,36_9.jpg,tampered_36_9.jpg,f8e4f0e32f0b7b40b166b1d90614d140261ac74dc55ef7f1c66bdff9671dc93f,8f99fca9e11656a76d1433824765ca7283f6b57a5a7ca458fdc264af66fe70d6,679d85d5b210b9e0c2e4746a7d039a4bd9bbe1bb6fcdbe9bdf04352e1e7947e4
102,36_10.jpg,36_10.provenance.json,a28c5fa3f41fff78a4da2e6c439ae6e28dca3b4a68291b81def070270e265886,8872b40058415b024f097051aff8f19c40dd1dc7e6bc6940b708b5c05f3387be,759ebdf0f8fd1de2505a4b698ef11a57dd9a728bbb63d704fd2d09456315604f,73343,94,95,GON+,GON-,6.04,6.05,36_10.jpg,tampered_36_10.jpg,259ab94952bae2d923dedfb7c0003cd55945d8b4138040dc0d8bdac10a61d6dc,fe73e4e8896e03bbc44d3574a9d4b9c9119a407d934c333dd9c01bc3d5c437d2,2409d098098b8c12cf9942e684d60313465370239fb4636f0b0d0d2c89dd47ac
103,36_11.jpg,36_11.provenance.json,e6e309a725d5b743996e8ac435e140e9b56256f8ad5a995e26fb7b8ea24f2f0a,3a0e46dffc50a5ab9ab10137497509843522620b1c89477dbfdca7ee1acf80db,2c3596d4448c5b7088a9baee7c443edf331768c4ff0149a789398056d15d764e,77314,91,90,GON+,GON-,6.36,6.37,36_11.jpg,tampered_36_11.jpg,3d20f64909048f91c43b4243f036ffdfd7bb2c14872fcf712484794e2c689457,505b91812ac19718f35fdb7549adb611f25b38b57de9c443e33d96b3fdef5e38,d1b6fd8e73d13613cf8541c6f3a5ce2a0c6a535ba6801a615368745ef08d33b6
104,37_0.jpg,37_0.provenance.json,773cc3ebfdedb7effbfc5f45bf65aecb7fef48d3672c3292fae911ecf501355a,cca86890c63608f768f4e76dd3d5df9cfccf3d05397aa511595d3c489f044355,cd17ff9f0e73076993388b9253c0ab5abedfdcbeaa86221a2c41d9fee0d341c2,67150,41,40,GON+,GON-,6.11,6.12,37_0.jpg,tampered_37_0.jpg,00c43277357a037fa932cd4e17f5cfbea79b4b911ab8d4271079e0f20415ecc9,8e749a360964ecbb2f0d9ea3f1364f7f5f942248d50feb22ec1d83dca3298d15,1b1440f78d9c7dcb79b33e385b09e31d159538c09ecb73552795f894eee3afb1
105,38_0.jpg,38_0.provenance.json,779d9cc72cf3b302631cd6aeb046f0df34a65ed3362f4c45769aa49eb7f1a42c,e8b9abc83680a37029697b5ed26b4f97e625f57aacdc5dabdd42698bd27be1f4,d9ceab77f558a4a8602956f568c3bfeb70c35f86edd80c71c3d1c6bdf3f7ea5a,75131,99,98,GON+,GON-,6.48,6.49,38_0.jpg,tampered_38_0.jpg,9c34885994c0fddb633cc49bb234c19c4264d4ef8d1c5f8f47742135236dd33f,2db72bf94fe8d98b8d19bc36f875e805fbc9c3dabfb38e0dde17c49c951a47f4,0e4eaee3a33f79c8c5e2aa926b3ecf82bf070baca39ea2c8db0cf3e36d6f4ccc
106,39_0.jpg,39_0.provenance.json,f24428a4790bbbe3b897c210115b33ecb1fa0f5d97eb6dbe7d326d8925e08f4e,74c001426da36295c4425af25e13c1db6dcbb3970f45fca4216f22d663362f8c,4bf29e65e32821b87ccfc294a99fb8b69fc5e538b7e72e6354c0685e30ee4eb1,53978,3,2,GON+,GON-,6.77,6.78,39_0.jpg,tampered_39_0.jpg,4190f5a02712ceaef709ef9205ea51d8260eb586936ea6f19f78fa6cc27eb853,dec6d91bb96046b796605e7752ad14857564e6dd7a6b357cc2f7068654406f09,cb99c29e40602a7f8eab908e3badb2ffdba1c56802f9cd966d6f99931a35b890
107,39_1.jpg,39_1.provenance.json,f7ff0923fdc2a15f93c3ab862f007b0e7728d32c44b6ea0ecc2509601477be83,055626e3e74d80ac41ec56c851e8e886865bfcafda8c859a7cf9b8d6be4883a6,a27829a5cc741ab3b64a5c5ddbd9b09160e213da766e4ac96ea42034ee104940,58330,1,0,GON+,GON-,6.45,6.46,39_1.jpg,tampered_39_1.jpg,0184136cc9ce2ff347f4706854bac3ab24ea0676ec24dd221bca922313d8efbc,9727bca34382ee96bf5fe541552b7a95266c90fe905822c28cc83056d2e33320,8ad792186a0c16e3e0cb644dea8d2fda9d2684ef308e90f4e6e0c1fe6e616b76
108,39_2.jpg,39_2.provenance.json,e033ec8bf82eea4375c8c3514148120103d52e29d387e46fb688371ab7e9f253,733f9c15b6a9272dba2f5247e935fa6499577e92799419faa076609c692fbb88,6b7bc81c0d28700fc3894f8b1e8eacb23af4029546b48d5f6ac5d747dc30f345,59184,230,231,GON+,GON-,6.70,6.71,39_2.jpg,tampered_39_2.jpg,089169225924fc6680cc5d5d180f5feae8fde05c882ee5a9689193ceff9c3198,bec2b01af448dc1ae6c197cc72eac649d70fb4b7527ae21b607c0ddc188778bf,b50e24ea381636e553a345eb77ec28a8c9e1486356d7e77362a51ad64dba1d61
109,39_3.jpg,39_3.provenance.json,0dded843e6b28734003587769758c7fac0dcafa802d1383e9b1de70e5d2d748e,f49291a6e7cfa2c32355a8fdc50afe6fadd2d9b2d23ed2108bcd69b1542da001,b9a3e85b7921b9ec58ff8a9f99d3ce1682949a93aa8dfeda05ad66d7c0e25b7e,62090,128,129,GON+,GON-,7.69,7.70,39_3.jpg,tampered_39_3.jpg,5d42592e7509f7def19d389c477f80325e94c1824eb18cd4a520b6d303c6216b,75b3454279701600a9fc2398476e0aaa1597df9a5315fb15043a2c52b0799868,04db257ab5aa489bd3d8ee3127f8d8fdcd6d2e37a4795837e5e5488ab0a2b2d7
110,40_0.jpg,40_0.provenance.json,37d08fc19256e87a4f1d31a941175aced2d5fece5ff415f705b92b17d5c6f98a,239f79953e84e53f17b70c5437b9ebc4c805a46cd15a8d77486a79735dfb277d,7c855f6d818e51fcfc64300a62d802dc482d6184cc5ce0f2a71a958c61f248f8,57891,106,107,GON+,GON-,5.10,5.11,40_0.jpg,tampered_40_0.jpg,9c0f415ff0a3e475db4a191e751f6bb6d33b2483e80f65e9cd7e5e6468332384,c22cdbc6c63ae4c120bdebe15ba9e41d940967cdaa3eb2ae9e9f4cf62d0a19f5,4a193457c0806dc42ac7142b7d8cdbc5d12bb951eed95212da09e928b5a0bc25
111,40_1.jpg,40_1.provenance.json,15e6063966c8305e0d378967bdc80a3fea1191f96e75853ba61d1abd4fde761b,5b17e4adf778c3bd22563e7d3a6f1a1dbe28012002868249c4e604ece8845e79,a8202da803c200aaac655b6752d03811a010d23ff837c58427ee263af82acaf4,73812,66,67,GON+,GON-,5.20,5.21,40_1.jpg,tampered_40_1.jpg,41cf2e419bc9565303abc97c0b5651b7bf905184b2fea0ff1c56bec2f23cce2a,0387dc6013440b8edf2af79fd8e2711d13178e3b49538fd445752026d4fc287a,19c31541f139b1b7143257e9a341ba44297b9aa0402eb1624fdc0f700bc43523
112,41_0.jpg,41_0.provenance.json,a60b257ccfcf5bb99535589463b545dedef3b7d82cb3320a82873da9df1c9df3,026b7906d0766e8cd0b7c1bb3838bdcd91c3ab8723fc06b78eb6f5b63cade972,8aaa9bd06617194d79d2807822face955f327ba2da1aecf6068ad2bae8de8006,61027,104,105,GON+,GON-,6.22,6.23,41_0.jpg,tampered_41_0.jpg,cdbc7887539e15bd51625b80abb69c3004997764e54229952b16d54b0f721e74,653d4a11adef0f9dc260abf313a7b3aaeb11d40eb64a6a2511108916e9d1b9c2,e8fa791b9c8fc0278976b03bca32b0da28c4b866bb02288a80b1fa74446d98e9
113,42_0.jpg,42_0.provenance.json,c9b1f0b3d05daa23c660bc769f6f25e0d51a21d6ad02ce74ab6695f5af523844,0f9e536b2fda940cc9386c4eb42701083af7e125fb3a05c4d27e1e32ab26202a,d6abd5402999d649a1a9206c6fe3e90bd4b36e9a7cb97ae4d4c8ea7c1a347919,59201,253,252,GON+,GON-,6.48,6.49,42_0.jpg,tampered_42_0.jpg,da2436e5210b8d824b86ba3f7e663e4969fa09a2196097eb9190f3941ebe25b8,659c2213db474c145c4a561d77a988048d7a1316fbc1e8b0964b95a315c860b8,6489ec253bedb0f83993c62c7f80ebe24282d3b60d095820a20210dcaebc8002
114,42_1.jpg,42_1.provenance.json,06bd85a7b76a2ad43f2205722c657694089077daaab816807ea5e2ab686d4cc9,139f16273be691b59354feb14addf87fa60aa83e4b056abfd51cbc310dac4444,8caefa77e647ac9f60b65b3336312c092b31a6600d4568cacf88eca0f047f8a2,54757,45,44,GON+,GON-,5.88,5.89,42_1.jpg,tampered_42_1.jpg,11a30d986eef52d2b71b89691170b950a394028e83f29423acb5131f31a24c74,f583a2313ea8c53fcd91fb10cd7368c3411bafd89e4303e442eef1bcc2e91615,7ff5c8ebf7876c565a3453a82995ef5c7a642a32014c4d9b4acc8e2bb8ada65f
115,42_2.jpg,42_2.provenance.json,3b88b942fb159b99c236fe7a2add05ec9ecbd75e93a56f5d386f8924089d9a99,78cc6beb24e63c25691fcaf201ee7dbd3d434a1d5bd97f3aae61e344fb0fa600,ffc03a76191f47560d43e09291bb74b38978d646b9cc209a1c92b51c6d4b9f58,60942,8,9,GON+,GON-,6.30,6.31,42_2.jpg,tampered_42_2.jpg,98ee9201b8a26cea22334cfc58899d1af6e49d378866660f1ab59a9a9b147ee3,fdbad50a912bb36e16fb3dfbc0a80fa0060408086862aa27b497889ed1168d3f,f9d970ba7b0ede1b33f3574d9b0af7971dd10e25d282bf83623491c4d3bc4152
116,42_3.jpg,42_3.provenance.json,bde8e1dfe09fa78728a45690f0f071f86a2d962e7e0620610a56c02b4f08cb9e,344c78b003ca2bcb930ebb4890b5fbe080127940e6c77fad96cc1f366e13b400,37269fd5041c5c6ec5ab37fd3dbd1d2f54fdfa4b4b1887302baec2920733c313,56099,73,72,GON+,GON-,5.06,5.07,42_3.jpg,tampered_42_3.jpg,df359f387d1eef4796521296d0da5f0b8ad6e023c16f176e28819e5811fb0bdd,bd0122cf0cf17106bfd46a9b8e6530c98c16187ca61a37b216b1945fcb9a0499,ebb8c02f950185bd03eff0227a5b5152d66b84d4f5e83a5148538079e168a70f
117,43_0.jpg,43_0.provenance.json,c69071a4c585207352342b8a2fada32e5e52e1d93b85e9c90a36839e4747a7cd,1002b63ad8d01b5fddc418e31b6d014a1aa3d2395cb4cfe06acc84fcd048fd83,f98152accddb697366e63dd17607b5e31d8a368031d4cb9a424c1cf02ef6181c,55156,73,72,GON+,GON-,4.54,4.55,43_0.jpg,tampered_43_0.jpg,299651005ca13470df8fdc18748caad1781d3c28bca66fb7541aae38af093832,cfe2cd73dba2013a92b7a1d67cf449967c7d4c096635069dd535cdfaa1696050,d17273896f04ad0c6f5dae60e905ef42051c56605007421f351933f8089c9153
118,43_1.jpg,43_1.provenance.json,e3fb5ea45739899264d2e03b23d3544cd06efde9fdb8ce41b5e7a3a19b5f06b5,5d724a6899ab4428f08608fef3593713d56249e94bdc7f502dc98740df6a9148,946d6f1bfb5ca73adf5d92225dc4b542a267cb470dc80b79c7b6d16f5ad580a5,59242,128,129,GON+,GON-,6.45,6.46,43_1.jpg,tampered_43_1.jpg,a31bac8fcfdc99faa97174c99f5fbc8bb8a992dd0d0f79917b032f40cc16d413,d22479251aac23ab47fb6fe41e5188bb1ce07acc49a3cc224c5771757f837498,19026ede93c98ebec71f745fb8c63b397ec0fa34e4c4f9e2430a76847ee3c8fb
119,43_2.jpg,43_2.provenance.json,937abfa2bbade9349bdc3b30fe0eb7e16ef516987c84beb0e645f0861b191de3,38e6eb0c4b962b426c67fb89a95679cd2986e7e0d91bc93e8c5242f0e18dc51f,0d0bd84724e2bf4f6ffa65e81d133b71ce6a6c0bdf6024c8166e6a5d0e8291fc,58628,206,207,GON+,GON-,6.18,6.19,43_2.jpg,tampered_43_2.jpg,bab534a24f5167f57edef8ab570a63bc2ea1d9cec96fdec4842afe6e6aef32e7,ff8fb2e43c7f347af554ff04d9a6db8694cea69f2dc82e338d99f3842d3b12e0,5e59316fc6ab82aa5ac96f4dfc8709da31442974de768cce09f783b130b0d58f
120,43_3.jpg,43_3.provenance.json,93f0cb9e74d04c21e090ca0f8dc0e3e35c25fc6068e1127884f0e8ee61608c1a,e2f6e2458d0c0b8f4aa6de30426a6f808ac4cf48ba27ca72dd7c64730a342fef,3a0704c1f730dc89ba39d6564ef748a0dbf081485fac9d0a4fb17acf04bc372b,69187,159,158,GON+,GON-,6.76,6.77,43_3.jpg,tampered_43_3.jpg,47388ecb3847258ba4d8f8f7afc8204136e039646a53c2b323f76999419cead8,e874566db3be833fdf0ab0b0cb3121da9531e3cc430341adbf7970db7ca42fcb,1d2a939a1c76e5127ee53137766f4edb1a5ea7ca963f850c6f11cb42d786b723
121,44_0.jpg,44_0.provenance.json,6f187481cdb41368d0c1d9cae824eddcdb8e910db3e8ddc28d67f448261fc1f0,447435afa82e1942215c446a849b9cf47e5d06435cfc4e77a6831478e48c1354,2eae09d10ef868d696b2937eeb95e74b8d74a1e159df00404607c92e0d63998b,57399,64,65,GON+,GON-,6.58,6.59,44_0.jpg,tampered_44_0.jpg,8e22ed579b83adcb723ec70bba9b1939f063003ef28d1203d4eb42c37602171a,4b940b72dc836b6f2e9f03baad0d8decf2fac1147d7c622ad32b3314909907e6,fa00b0370e0e2d15ab55d009cca66767ff9b059481800b5d648c6e03bee42f43
122,44_1.jpg,44_1.provenance.json,02d717ded7d0f6354b2cf09e7896deb8e6fa3a8ae2aff653a79f864bb4a1d502,a9870029c0a9d131c62211c2cca4f2269620450bcb323fe5397423961bc40d70,79dd4f40f247ce1f097947b9b4cdb54c37da3cb443772d1b4c2e361808c316df,60267,113,112,GON+,GON-,4.53,4.54,44_1.jpg,tampered_44_1.jpg,5735d021c4fbd9c0ed781430f1314f1909d36da7b172c12e8ba4f159de190563,4dafcbb176e0f389ef6fe496d5270e02cf239a332ef1b92577547ce5ba87a03c,240fd976499fa1882b1634be7612e03874b0224412c1735a9845af746eeb1f38
123,44_2.jpg,44_2.provenance.json,7b3bb1c74de4f5d6acb2dee3cfdbe91c1a2b0b11983cde5be1780adc033a4360,116c056ab4ebae299721a44f1085a1940816b05e800bf2a22019f964effa3f0c,20bb2ca5ea74e6e4e16e20662e7c8a0e89d9f5b8da4b7029f6abda74bf0cb110,58919,40,41,GON+,GON-,5.96,5.97,44_2.jpg,tampered_44_2.jpg,cc75a881a330ca22927a84467c8311e2e46230f3acfbd082d262184cb5e238c8,071b12ac1e1e5f941b903da39d925ccd17f817d510159c3572ce7831359ce29b,57e12477643438b4590495a6b0a667d304bab89cc508642067449c85ff8a99be
124,44_3.jpg,44_3.provenance.json,928b65c829972cfd3e9e396141ee7c4c217a28c35c6149b82c802504cced2d7f,d611aad8b91205206011cdf00f23c2bfb7cf2006feb1935b028495c56a923671,7d4b4ce28ee58c3366b860012237558d9d12837e5e4412ed3b55aa355289c5ea,63921,41,40,GON+,GON-,6.86,6.87,44_3.jpg,tampered_44_3.jpg,fc4da05907f69482da685fbef12fd35d2ba118e752cebed4704f00e04cbf67f9,3e1b23aef7b70337087f1e60af30c49596771bf98dfd6ad0e332f4f992733b19,10b17c5cc7f3d06ab171618334779eaddbcb094ede079bc45f507bdb66334cd5
125,44_4.jpg,44_4.provenance.json,d60f241855fd0cdc78d673deeeeaaadb21ffbdaea2fdcfb7824f52fe6cf2c591,d55eb27ce3c033d31998804e24223200eb9a8b1630d544364d9ca0671862a782,1da315da8178a3500a9f9999cc34423cd4c4459d0d9b27f61e11edf17cd86eab,80230,165,164,GON+,GON-,5.70,5.71,44_4.jpg,tampered_44_4.jpg,01f360cfcbf922b26643b36e9f33f473a804f000cb77051301656d551a18de42,e5eee30159afbb48edff0a7b2de7035502b3c4b82025c317ebf47838ee9f1e95,725613410ad16a42f5627a6c2775dd64cbf5425084fa149f7a42836019353995
126,44_5.jpg,44_5.provenance.json,b109f775b07e995a9fe5b954bbae6219beaeb99895340d5c7e7ed1cc6255b9e3,dcf34b1f233c8e251db4813759b1bc1cacca0779353d07669ced7550864df7ff,15077be63bf45e2c8f39c9d437188f52a7b5e222221236a2ae28ec9be1129f8b,64568,108,109,GON+,GON-,6.13,6.14,44_5.jpg,tampered_44_5.jpg,26298c2fcade0f6bf53282491f6211d984a3b0d930923a3c9b0508d789113648,733aec5db6fc1f6f0258aead68e8f4a6933b82df3a3cd0e6a8ee6de2a60fb9b2,9a223c7fcf47fc3ffa5e1d368c8650359fde7322cdae8972530c03f7740cf1a0
127,44_6.jpg,44_6.provenance.json,be91a18be8a79cefd93dda4ae758124bcb0f1ec49309beeaaf15a1115500884f,289a2cc40385b6a3d467f0d250919afd9d1c74bb8d96c82811811808b4157f14,365bc282d24605f42e1b66912796c08c475579ab2de755926692e0e3a5728925,67490,198,199,GON+,GON-,4.80,4.81,44_6.jpg,tampered_44_6.jpg,d0bcc5b2bb16396701233ce78ebf897ccbd6b2e2765d125f26f360bac42b2ddb,a155da54fcd74e2b2c347a157ef99456ca96e1225a96e56a78d44a9051889f01,1002fe82af217174a39ecc066aa9bcc392500063a4f207d098a2a01c4f00e466
128,45_0.jpg,45_0.provenance.json,33c150542632fbaf770c1bbfb32ec27ccdd37dd5b38f7fb21928a711cb552469,b46bfcff629d4ef845b46fb8d013baab86f7e59a6dc178f4570d49e406ffa950,a29017724d3c393506aa63c71a5ab492ccb22b22ee6cc85b31917349367b72a0,62207,21,20,GON+,GON-,6.03,6.04,45_0.jpg,tampered_45_0.jpg,0796bad60b91e82c714a3027dd3876cc23bcba7e24031c67e25670ab5091e790,61fea508cb66cd891460b589b894cb22c0b3036708d0b145440c7372fb7e0443,0d9dad14cf3aade59774089e7596c0508359138acfc3bc0f78377b5f91498eaa
129,46_0.jpg,46_0.provenance.json,a353ebb5057333537adeefaa84c261caba8f4bcdec9fa0f3911586a377248b55,6f368070c55cf414f6175b9ab342b3db16a1ba9378e991ea0e0074b8631eea63,91276ad3ebeda00f405096b2e683188bebcd8d72eba7ab395465347f41ca99d8,58530,176,177,GON+,GON-,4.74,4.75,46_0.jpg,tampered_46_0.jpg,3c08fd93207c0bb0f70b247f020894356ddd5aa948514e18eb8448bc04b36471,2037c6fc106bd7980ff2438b7ce3bf9eddaf48df8e5550bf27bcccbeb25db322,fd25370b51bd829c4a72a17dc9c39c86b3f4484e2b659d7805a9acd09ccff665
130,46_1.jpg,46_1.provenance.json,bf8aef0c40749eb97f1a20cf05099be16ce183fff9e56a0282959c2b21e4007b,86224d8c613736f69e7f633c2a2d92f7ed07b1c2512d2b1623fd445044aea4a2,f8a0406643c5a9212890b1e773460e129cb6cec78c5a86867c14befd5719ea3e,48262,20,21,GON+,GON-,6.19,6.20,46_1.jpg,tampered_46_1.jpg,560d09fa00f2b7732ffecc695a01b04159af4fef6cfa99199e676453cc70308c,85c9e3e697a767b908fec1b4257aebddedd3d1b6b5411744c8d52a8a191de1e1,5dc673bd9c46e6a8b2625bcf120148ed00036a4789e694183d1dcd752d812ccd
131,47_0.jpg,47_0.provenance.json,bbcd65504e9b5ce4bed42d1591eef566714817a388b995e49547c2256487e6eb,cae0949adae6423b16b2ef5bcc434a66c90869488817ee36ea1d23eedf9fe575,c2417d78a1fc1a371417a5ac98459dcc36d15eff8d228191c307400fe02827a4,60273,66,67,GON+,GON-,6.30,6.31,47_0.jpg,tampered_47_0.jpg,2d32d280ff2512d67fd0459aae54a35a529b490c2a7b0939cc9ebfe7c40a2432,ef6b8463c1739022c08dcba4fc003d0a9e9238f4ac05ddc42fa82427ed293ca0,9e8c31d91854049ed4fbb66536925cd141b73257ea57377cc7ae9c4e0f47bd4c
132,47_1.jpg,47_1.provenance.json,ef5696fc5adf00591eb630173cfd28f7ce0bec8f7c6b772c903af20cc40796c1,104f7808e05f4744179c6f036d80efc850884c28a914ea2da03dbaf10996afad,aa6a18698d0a77db540fd549b192129bf12edfb954e0f748dd4125fab2046a89,67548,128,129,GON+,GON-,6.65,6.66,47_1.jpg,tampered_47_1.jpg,85cf19808cd595693ffd1935a1a3899510784e9734b4c981de50248b297e08b6,aaf519d26e8886018783b52297a022c23172b5d3c75328dec026e2861f83c917,1c5a0bbe1df7a4a319d74bd45ad4d85861aaa39ef182b61346cda24f835d0054
133,47_2.jpg,47_2.provenance.json,8f7552e9f6849dd0bf20f41970d164f9aa0796d4ef1de35e23a7fc3545caf93a,d94eced7913dd0d73403740cc0c433efaa3680facbf4020a56987bd47dfd4598,76a1f03567c16959912b40b14b961749a7b2297992c098c29cfec90b336f1b82,65546,66,67,GON+,GON-,5.87,5.88,47_2.jpg,tampered_47_2.jpg,7de65c03f120a55017c7fa70f4ab2110fbbabef172b929a6b7908050a7a0d444,54c7bc55354da52fca57c6205160e0767f02c3a0499c2c9e0292a8f35697ff53,491fcf5fbd403d77adcd9aa0f19073d460641642fa0e05d742d48d5e72944320
134,47_3.jpg,47_3.provenance.json,dbc9919db171edf5c0b9d88b509be314e9eda001104546f45006b77298b16e45,c1d496cb1f2fe3989f999c29ab52f71f270e5cbbde63e8a21ac02a4f4d3ee8dc,3f70cce2025e48340697a285e67ef12b36ba3caea84a98f0a849339fcd9a9a06,64980,231,230,GON+,GON-,6.83,6.84,47_3.jpg,tampered_47_3.jpg,f236d500c8a188d0ae914608d1e38c630ddb6b677ec51b4692f0c12fd83f6695,4c37b32545dc0950c2243f233e0ff8f599ca79da61595828878f565d5ba4071b,67b9da3ab687402ec4e9d4566c46d83173c05bdedb2497a9cd8113b6098ee40d
135,47_4.jpg,47_4.provenance.json,eabd3e49b50c9641dda56d1b12628895c33b0635458804b233dc23ef5fb7eb15,c2b5e0bff9e1e7679265aae96ef10cb2d103f167ee34a4acd1a86871c3dc28ad,ed5297b08bf65f9b2d779c6d9bba91b90971f067753175583195158f89d0d12a,63619,184,185,GON+,GON-,7.00,7.01,47_4.jpg,tampered_47_4.jpg,c1cf1c877efb0b1a084448b99cb8d772bd16abdb1949e15251ad84f3879ee5ae,f42c623910bd33fec500491ac05ccfc548493ccfbb3e3e84ac38d82d76b76653,e57ba69a40571504114a509d50c952787c4eabc6bc95a686021d0355f566e7f8
136,47_5.jpg,47_5.provenance.json,7c2c43d8e171e65051169c05ecef7f8d046c4868437f41752f1d6c37fa146b58,7b8473c7e1c7df4c66a189a0c8468392d8995e5a6ba210e4ed18ad59d2dd4339,a7f104bd80266603dc5d8bc5500a899b798febd344b27bf2cbf52117e4662cab,63015,23,22,GON+,GON-,6.43,6.44,47_5.jpg,tampered_47_5.jpg,47ae778d6805767cb6b2bfcb3e17f73ea33fd0832b6d8b0c94fc60e399f4c62c,d164e217f80ceca5cdf743089ee3c0edaa0e650425b753f96b2f539c78c57234,8590208a51468d3a5995bd0ac8cc394912061bf0c966ead8d3db9697f8795494
137,47_6.jpg,47_6.provenance.json,1f15168c2f47f112ac8221394ae2c4612f7e5b5fe7a9494679ff9b266d73c6b3,a6c5b3fe2d640dedad8eed97fd23f186ded3cd592853f7b7195652f2bf9eecb8,9771493d001ea5cbfcffe8913bdc47764112b9fa31e498624c2be99e4d385d4a,57888,207,206,GON+,GON-,6.39,6.40,47_6.jpg,tampered_47_6.jpg,c321064765c4c7ff33e0a5b1f0008e609418726cb8ff03a2394c932ea5744145,35305b667450c58123ca875f9194758bc6bcd0181726391e3894a6fe050745f6,806ce7f09a5666c5a9ec9fef2036241f8d5a904d03b551f5445345e6b1b192ba
138,47_7.jpg,47_7.provenance.json,d57c6b79aea914770449ffa0f4348d87fe3d4016beb83424ea097302285101c2,20e643d16b742ecf2b8236aec9344fb57be7049389698330fdd055639ffd3353,47f7fbab13dae9fffa6058a49a8aed9d00b3752afe446b1a8361805cc74e89c7,59814,154,155,GON+,GON-,6.34,6.35,47_7.jpg,tampered_47_7.jpg,9222a39c72654cf4fef1efed89eca8856d3768a6617e0472a5596db6e72240f4,25c8b7335001df89421a63e442059e86cc16ff20d3c5960e928716ed4f2bfdc0,28ff50357697b5597b6609147af73f7932c3e6a26722fca46e80cf20498ceea9
139,48_0.jpg,48_0.provenance.json,f746b98ff57b5e1d9237fd95361cc4d00fba6d0fbc2941b839f186247a628c65,0ae77d46fe0395cd5d87286c434c898346a6eb19bdaf2ea22f98f77a39cc21c4,185e027b5a86db4fb77f7c3cc4b13b97c715b04bd248b8d1048ff60cbe6dbff0,78299,220,221,GON+,GON-,6.81,6.82,48_0.jpg,tampered_48_0.jpg,cc634e24989dbaf7e012e17c713833558c19b785696f9db8957997f0a5d59f74,c51971c4367be004e624aec71ecf09f7aeff02a63afae77a7e5fa1c9c79ecb22,8eb64cf9bb0fcb5ea50fbf17a2ed6b9af5c1d25bd4d7b038c1c4ad6baa91cc06
140,49_0.jpg,49_0.provenance.json,d14c97d5f0ec58cf5960ec03609a36447e4b7e743c94614b67c4bf69307776d6,38e356e8eb684d384feb2e81a7634e9c50dc304e9feaa35d86bf0dec733f1c2f,cf06bfe7f2d01bbb0ac6c3cad6807b82a7e4d24db786f716e15162f66f99fa32,58774,197,196,GON+,GON-,6.20,6.21,49_0.jpg,tampered_49_0.jpg,f17f4aee6416fd379a5136087973a2bad2d67b81e770cb8b17821fb0fefa7efe,47d41747607fdad8579d63637f9bef040e87c8d0b6ffde63ab41c1535037727e,0a6b9ba3273de4822c75205109f79f61002270307e3678a374e05d0ca2674fae
141,49_1.jpg,49_1.provenance.json,d7fa740e20861eca7a18e15c6c9b6c0d8e347515decd2cca1e0fc12a4520b107,5a379eed0cbb72e9418a2b7e69bff1297278148c6e59a2729f064be8cdcc06ca,30b1874ea2292e2ed08e9cc1d17439e5f6da6af715f1b0d979a6d02759ce52d2,59722,42,43,GON+,GON-,5.70,5.71,49_1.jpg,tampered_49_1.jpg,df6c2f7942601d11a239d093dfb2d5f24b735d0cd6daecea0ebc539e074d04d0,2d3b2e0e26caf0a041272ac4e736a1dd6b55a995d927cd23eeaad0f8105eb076,fa187a379999426ed2da1a24e717478b938eba7dc8d1d5c816590920b394b7a9
142,50_0.jpg,50_0.provenance.json,239aa98fa94fd79edf082005278493c233014a760b2aab76dcd75bd7c7c15a97,0d591333c7af83dede343ea70494e0b10055d75e04b35b25571c61875eb90fd5,c5d33388fe850a1e1033f7bcaea237aa964bff6b592e49df008f3df7b817e1db,58810,210,211,GON+,GON-,5.40,5.41,50_0.jpg,tampered_50_0.jpg,640b9e48ea662d72de17f0f955ba39af08d65d695d8ad6668d2b9bf854341f33,8339e1b2773f4e51053c29281642844b27862d19f081febd598e2277b131dc60,0968e2aa7414f17e2cdbb33422824172998170e424ee48711723d919aba19870
143,50_1.jpg,50_1.provenance.json,326cd736c95ba38b12c2c886e0c679c5da1f884ea3a19a28bcd829e563ca6eb0,980b9fe41e49861cc11c6fca8a7b98d19820383f9a58938f749fa3259c732e34,98a75a9266a7c93378bf22514be1671fa03961efc6d8948f08dfd4ffb4556a7c,58118,105,104,GON+,GON-,6.24,6.25,50_1.jpg,tampered_50_1.jpg,5ec96d03296722767c3d9e971b2b4c0b86fe5190b972f5648d0661020b0ce56f,0637f55af570e90e841f9b7c702bff35ea3be5252a8a29ed1b4645b7090781a3,c0ef2a7222e6400f18855b0036f6b5e60747cce220dd1668133996626c18c9b1
144,50_2.jpg,50_2.provenance.json,572b7a0b80061e044990ef8c0a5a956418e583cf4361516046ab127deb0cbeaf,ab6ad779eec1780690b52b4f3c8ff90ae316c11a2223c992ec6d2e9f798a4778,d1183ad08af6d1deacf24b71ffb349de7c0e1537f5a743a43cd497c1bf9b9fb3,51429,2,3,GON+,GON-,5.89,5.90,50_2.jpg,tampered_50_2.jpg,14966065c4506cd1f1d97a228a2a794689d61ae3d2005bdc58d938846c222b69,dff118c995a39c242e1bcb53156d90fb9c691548572826c791bfb7c955dad2b8,cfee5ac1165000df10d69e34ae6d65b081621911f2a2d44ec527a698ebd26a00
145,51_0.jpg,51_0.provenance.json,a9e8de7ad94955962f803a700401e3f0f03d3af7e5b552ec1e81b9b74d7b66cb,aa62eed530c50e5bb5cd79182b2ac1447bdfc79604afb9ea8412261f9a6885c5,ca80113d2a7944ead43c6dcf18645e18f47650b39852e088abca15ce9be03fd9,62491,164,165,GON+,GON-,6.25,6.26,51_0.jpg,tampered_51_0.jpg,190e3f61bf5ed16c3aa25ca61f42c657a6d702509645b115c74224bcc0f09f88,980bd18f623d84915f2e1121a06ad29e98bbec9f07f5a4ce1a45dbaf05626188,09f84544f79ef7bece27514a2ffd2fda126057ccb85965480c270bfce523183b
146,52_0.jpg,52_0.provenance.json,92c9c7b4304bdaf2796b801a47999c3ad991b0e2dd1b0eedb9431628c4ee3100,20d367b524e1e874882435d52cc6c9d86edbe8046e9e76aa818458b656315495,d26a052afc40acd5711115fbb8b1f4fbbfa94a71df8f8113e96fa6b109064705,63353,14,15,GON+,GON-,6.62,6.63,52_0.jpg,tampered_52_0.jpg,70bd8b75fc125a1b4e2ec057cedc9222aafe039d576a165c00a76bbab7deb861,526d5690b7724a12c039f490fec0874e6fcf7c9190ea3004cf1a815b9e4615a7,dea84879ef91deb3128faffc2a863bb6e517505fab303387f0c266564fc73253
147,52_1.jpg,52_1.provenance.json,8870d0b53919789b35dd5101290fdc2e289ed022af972c7629eca6b3859bbc7a,cec7ed0786f7d62c07a88d193e2fc581e86f4a742b79a1e87bb6fb9940974dc5,3f94ade59a5abc4ee03935b6a16c06b6d67b10a27b40b4062c612eb46e6942e6,69520,218,219,GON+,GON-,6.33,6.34,52_1.jpg,tampered_52_1.jpg,f93c5418d5cf73839db11c0df4256f008311b06965a072918298ac22866d76ec,ecb535522d1202c937b68237d94f3f6c6ad93fb5eb36a9413a3e1d20133fd0d5,c2f6e7867a7d094755cf559870eeb24131c93cdc9cf4442781af2c7785207836
148,53_0.jpg,53_0.provenance.json,63d296b04c1ab53c2aabba5277e0d0c10926e7a84b6bbbbed475ac5a911a289b,890810451c381e99283ab47607c0e990c4926b3b237f7a542904ed635fe13042,9901e63d06baf473a5063f427802bc5dd1364e1308e3b142936e1016d56094de,63538,30,31,GON+,GON-,5.55,5.56,53_0.jpg,tampered_53_0.jpg,191d8c5ad85fe90633c05b0c19ed16e6549c246bfbe43166cb04dac01b646c3f,ead137e558df3564700e7a9e22042186084d8bfe190bc6b5bb224a0b1ec47a5c,22a0e31ebd8cd77ae024aef6a2737d3749fd426ee195bdaa699e6c408b48741e
149,53_1.jpg,53_1.provenance.json,138dce3b4e3a2cd0a0d0cd381a97bef58d1cc3e8dfb5fab4914180b3b764994d,c87e9f3f90a337da4d76010b6ddf2f9149821fb2bde22668884d2026e18af2e9,28bcbce2a3f5910d1dd48b98dab64a85ae4216d4a58b7197305de08fcb83fdbc,66899,211,210,GON+,GON-,7.01,7.02,53_1.jpg,tampered_53_1.jpg,95364c8f6800abb92f7cc4cbf0ea6f44a9ed4108fb01626f667970dfc654d7a0,128da1aaeece5e35ca00fbbbab2528cc8238a491b4cbe5c20d0d602f8a37ab95,4b4b780f1f81ecb513596e12445728e8fa1e7357e0c788015bc031e5a869a9e4
150,53_2.jpg,53_2.provenance.json,ab9a5828bfcc52722e649fdebb5bd9a712c142bc6924bebcb2087b407fce826f,42de47e4bdad072301db23373f57006e8c28c13440c3343e47e1fa8376842484,9b03a413de3132c328f5a1460a2e421537f3818ac085fc271c04c98eba9f6f7c,56305,5,4,GON+,GON-,6.32,6.33,53_2.jpg,tampered_53_2.jpg,2798f0d8b8e89dd7d4c750ef0770046a55b585a57ae4c4e6853544cd854600fc,f1ed1237d51ab3d0b4a17f7b8950085fa108da580fa08a722ebd79bf7dd4f458,d0b6c0aad477ffff365ccc8fd3ad31fdc0fa289b011dc914337456786654e94a
151,53_3.jpg,53_3.provenance.json,e56fe61b901436890f3c65ce145c61f287e154566168676e6cbf0fe59faf58bc,3bf454c26a2b2357e3867436c7dca355a7c0e798819f1d7b49ef9cb0940cc9a0,70554b4e22194a61c53a2e6fa9d1ed18f9011a8f6a7a8e0d5ede42a0226437b6,65238,244,245,GON+,GON-,5.68,5.69,53_3.jpg,tampered_53_3.jpg,dea9d7c2073db21ba6cf59f9122def96007be1696952669ed2ed5eadbc0f45a0,6916a15bf1e163d2d10b62aea8f2d6836873fc478c01f4175cb978c55da94613,52a30b995820d9172bf7e6f5618d48e55e4a7eb05d934d86f73a24d3e32d786d
152,53_4.jpg,53_4.provenance.json,aed73eb1615cc3c9691c233b18a67e8a96631ce7f77574fc8c3e70809cd4dca4,e36947296baf89b2f67d4144b8b665a50fa3b25fe1bd7447c91015a3e7a4b45a,e9b054c28b40bec828c126d691193113b33869591b8c406f94feec399a7e5792,64469,154,155,GON+,GON-,5.88,5.89,53_4.jpg,tampered_53_4.jpg,61807d2d9c491054ad9b8ab8f68e0c84ddc5bbe889fab31310434c659c72c67f,67c96bb0ac503170a90b10b73f5b73b32614e03a0a405bd443b8e10a4397d0b2,23ac4ed0f59e745ccb6479eb7d7acdbad8afdf24a5e4429b977d4a8b5cd33f49
153,54_0.jpg,54_0.provenance.json,ff7b9bde65c8931d7e455002bb7b4c3809c61290e8a99082f6457398a7e7c1ce,0855a89060a7dcf4ea29a2673a5b7bb16288d0d732a6f65dff748b25b838bf55,5bb40c877db75caeecdc9f631498e1a361a8feea8298355755cf3441d6c50906,66886,90,91,GON+,GON-,7.28,7.29,54_0.jpg,tampered_54_0.jpg,d5ad1dd1398d2dfb44ec0a575c2da8a272703ae97aaf3d59d8d4b8f6a369ffe7,ab2f4e836446257658af7f6c2cd309db56efa0552ea56895fd61d4aac5282403,43f51b271a6235e84037cf654a99c4ce6700a2ad0b270cf446a2b43cc61c10ab
154,54_1.jpg,54_1.provenance.json,37245cd198dc498cdc4024925f27fcc80ef7a9397a458bcecb75f5a766ccd62a,e6531946038f882d0322a59ab39a426bb3d61afea0fd38f2ddffbbaf76992880,2d7de43d5043547a4d735618ea220626b37bd969480dd9db3043a0e193ed59f4,60751,231,230,GON+,GON-,7.01,7.02,54_1.jpg,tampered_54_1.jpg,d1915a57ab6f87ddee2372a0c2a91a427ec75b0fb65a0d2560ade626fbf424a5,e964a2284d1d23c2757b918a3c49b4022fb5ba684d13b342e283da2e02e35694,995b53a56963d2c45dbbcabd1faf1e846298b53ee482883c38b6236d56a724db
155,54_2.jpg,54_2.provenance.json,688408249f2f9da7195a23ef8b1642ccad12aabd5445d86789963e21ff3cd118,20cb63021aeed143f6a382b4bac70596c7b02082ce880ba849dfaf92544840bd,4ccb1f65ac861801b2bc9041ac64ff3416b03f2e4351b809f99939cae08dee18,60845,205,204,GON+,GON-,7.30,7.31,54_2.jpg,tampered_54_2.jpg,b1f2300bae8e0b6c5191eda015d49f8a54d91c27da030dcd941fa084104ddf6d,83ddfbcdb18ef88e1f043f89bce48c5e39bc18375a12916fbd1b7e5e876b65d9,fb82f7e34c5748be81e17d88f0b9423307c4ee5cab6dd69b3f27e98beba8ea52
156,54_3.jpg,54_3.provenance.json,a50cba50582a38231de24d555e0f680094a3e346aa66bce5532cd24a2e256039,380aaedb9ae835e4954aee75c7f7c2c9dd4a39ad967d2fe54bf0ae5871e2ad3b,1b8ad50e492543bbda1afbd1890ac914777acf15fd38b6b032e41f2d12b02317,67632,189,188,GON+,GON-,6.68,6.69,54_3.jpg,tampered_54_3.jpg,11f18938aed18e88987e49eced4833b1cd59a1c652d124440e2a9ae85c02f6f4,94d9ecd6d7ecbe896fc645f81af8d3bf23480d79e6e0491319f4de4089192b6b,e84065f6718a4c58374609c977297624229ecd576700b00f3e338f5422e00aaa
157,55_0.jpg,55_0.provenance.json,06232b6182bad2401c18fa776fe8d96c05106e1eca644e50e67128ef03f3903d,41273ca154ca432730924dd9912deb1df140effe75c71f31f01ff429863e8977,493e6cbd5e6ec3e077768abdc2e4a1d3ac65c6e46eb1583fb0212714ebf1a5f5,56850,40,41,GON+,GON-,6.31,6.32,55_0.jpg,tampered_55_0.jpg,abf82eec1b4608ec073bee242218f39e30300ff38b2a90adfd3b6f9e6672eff4,dcad3107f335e20df7df9026ae72efaaa7a7f0b32d04e8f9b7884884da78697a,67bac20bde9c3707610acf5f521089cb92396076146eaa736e7aec45b1bbfb14
158,55_1.jpg,55_1.provenance.json,9cbabe045232a5ffd6624b145767e7ad262b28a083c0975001afde3ffc9dd98d,33d4b77106cbc465438dc41dc0c771782a37c3cbbb3129421cc9734bad660d6e,cd04c6eab43dffd74a31787fa500a84a0ae7309d032954466e6919500231279c,62686,83,82,GON+,GON-,6.68,6.69,55_1.jpg,tampered_55_1.jpg,2c82e702716969d2749c706dfb3c572623833395c429e2466d44ed767c7a53ba,9eb6dc8e24859f6a1bb4b4c0811b3bde3a1d4d4de01f7a669857ca9a92d10a58,54c711834866abe0ca5f9cdbc5a5be644f92dbe8ec3882b316bb808bf73c409c
159,55_2.jpg,55_2.provenance.json,46ed02c4a2ca199b4acc6de7392bf92fd4422797eb04137a5fc9f003d466ef8d,165e7d62d9e554fdcb299fda17907780b3d96f95974310c4e3d557a9768644dd,9ed19fa2678fc86acc927f6db8c18a0fd01529ed7f6a96c65a1a6a47cee7f65b,76142,240,241,GON+,GON-,6.84,6.85,55_2.jpg,tampered_55_2.jpg,1bf795bdedf8a3638faf6edfc58dbed45cef08a773e094a1be43b1ea844a51d9,e416c8c3eeb973229430506a5b7e90d3f00977aca54096f38186db7896a838d8,58496bf5c1dc107f466cc335307226f168989887f0a715e7374806c3ff66b0c1
160,55_3.jpg,55_3.provenance.json,0bdc245f0db837069704bee659465e81282bad9cf9137eb1ec0caf5cf63df2b4,aa00987f87a12eb2475639c87df3267f3ae939cfd3a597217cb12bf85ef6b901,98fab2416b3bd0c7ce4da545f229043c5d4ccc3fe0bde1110b8cf3be66fd5a6f,82373,39,38,GON+,GON-,6.59,6.60,55_3.jpg,tampered_55_3.jpg,224bf0ee7d0de64112f5f86e6bc2c7fac52affd47a0180a656d31125a8036f12,e2741b50e158952ddb6e61a4d25f92c5ae90d0f425e3b340ca79a7ec5bfabe61,fcc37abfa0fc5671059288fa4578a1d0f6400c6a4a73ad82b93c91d7c0f32cbc
161,55_4.jpg,55_4.provenance.json,ec72e3192d678fe3164beee053cdcacd62a73a080a329d9397d65e644e862e35,d2798654fa0b7644b58dc6a3b232518121ef30a7472ba070613e238e3a4b4adb,33a0185419ac71d402649807594e7cffe3c313ec413006a4fd1f012f950ad53c,60726,28,29,GON+,GON-,6.30,6.31,55_4.jpg,tampered_55_4.jpg,49de16b4fc8e5218019174d0aee340754d20c249bdc8b2c187f4740916d1e4d8,9756c7de5bfeee2b066b248e4bf04364852a85251d06af1d40843273a4f1f402,6f76a9ad16e7781da51cb0d9a0fd5046bfb480a6b14aeea002a48e194f518602
162,56_0.jpg,56_0.provenance.json,d694d5219f453c40a34b799e84306f92e3db1be9f72f5a74fe16621df253f889,d8266fc7e194cad29a50e60eb86fc133436a29d33921b2251b3e1dc24379e5c9,e59b43eff3643b2db8c9eca1ae5d494fb868311dbae642b17f828a2363a4e0ec,63816,168,169,GON+,GON-,6.21,6.22,56_0.jpg,tampered_56_0.jpg,7dcd7ef88dfc8613e76695bbe8507250dcadfe178097a7feafde20f27c0af6dc,8a55d2698801f10596a68008707a9bcbb83ad31db8b33b810dfd52f097321942,ab743342066d5eda450bb0281b26f79127c646e7e1109ebb98b56166dd9467d0
163,56_1.jpg,56_1.provenance.json,a462ed4d9040f023f5314a80b71e1d9aa15b8ac4431169113d5338d095ab134f,d8266fc7e194cad29a50e60eb86fc133436a29d33921b2251b3e1dc24379e5c9,e59b43eff3643b2db8c9eca1ae5d494fb868311dbae642b17f828a2363a4e0ec,63816,168,169,GON+,GON-,6.21,6.22,56_1.jpg,tampered_56_1.jpg,2120d1164ce52c68b97e283b6d3efcd45e15e053b71538ff3e92508c063ab3d6,c65e1ec3ebd5ec53859e75b7189e1efd92f66f7fbd38c3214c5f04ab765da0c7,7be68093be472df91f249d36f2dc4157af007e4d8b88f3d23156e097cec494a6
164,56_2.jpg,56_2.provenance.json,697a2ad34fbef0386a1ac1c51446cf654a81b3a72e6a0c4250384f9ca751d25d,a8707327a03e057601d7a599fe0524b775a5f9d00450cc80729b0a20fc34e8d4,a39c08da949b49421c9c5a8602b0490b2e9782931618d11c36d4d0fbd07b6ff6,65797,154,155,GON+,GON-,4.34,4.35,56_2.jpg,tampered_56_2.jpg,1464aad1edeabd2a80c0c0d55c3b334e29c08b651bc4ee91b05d0acf8cbc6960,9b67f0af727a5459300def3b56d2b27ca809bfe8d5b72be2573627c30880c0e2,dd05d4dfd356ca903550a7c511023cb4e30474eab7e79b2d315e4f5abd032347
165,56_3.jpg,56_3.provenance.json,615c5c36836b62a2640b8d9b88cf00aba36b9e0c93b8c7158b72709184ef6708,73aa3373fe16dbaa3e11066aea19d427bc12daf42a0e44b7e48069f7383bfd58,80e7cb4002800eb726ab8a257d627200face7ff9b07c8712b06563ee3bc6280c,65848,153,152,GON+,GON-,6.47,6.48,56_3.jpg,tampered_56_3.jpg,c06d4af2babfdc84b6dc12efa7bed8a2285d0b2a3ab1e66a227260941ca2aa75,0ef4d96398d4fe84225df965fbc72411f8a29ad3ec8800042307c652466ea20f,b3e4d2e1639bfb2ab28c79e56e526eac71d74cb6a7b7cc7d17821884ddef2793
166,57_0.jpg,57_0.provenance.json,d4cc657ad1a172108a0ffbfc695e21574290d73971606c5fe33bc1b789bc9b3b,fd2dd89edb0230ed3d07ef10139f0f0ca34b4bad493fe89961d1a10acc41db1d,d73b658de7f5e048b19a4cfa09e82bbe52fa9e5d775cee8b3fc836b7406be9f6,66735,106,107,GON+,GON-,5.18,5.19,57_0.jpg,tampered_57_0.jpg,5b85c39af9302027f6bf51c63b84dbc441bc444cde596a64576e39af945c987a,7c805a55b6a20ad2ca1353b25827f2d3b64306dfdba585a64d4e2445e72b3a40,127563577f4a1f1451684544480cb3e4ccb23d163745b33ba6660daf2f2b6845
167,57_1.jpg,57_1.provenance.json,bff4d186d3293a9a50a20309e7b474389a8af62c21b20fba9a719c3cc5617650,61448f7c598a7a9b68700218017a4f286368c671af03860250358bd8e877b664,e979296d8b23807f57c792a9484c28229ffad7174596bf4a1f7509cf477273a0,73053,166,167,GON+,GON-,6.06,6.07,57_1.jpg,tampered_57_1.jpg,1e4a4ee2cd2fc547e4988902a2fcfdf897073d109d32f02230b72be95cede07c,8a9651498a33d1a6a2146c58ecad0946aeedec98409d9dcb3ce5dc0b94da94a7,41863905855200089c642355b248cbb0e19d8dae8eb522a5d68aef122b864393
168,57_2.jpg,57_2.provenance.json,06b2b2d28201f02ac6633cd22c9fd4df6baf0402f6eaafbf82468a290941227a,645cbdf6bd0ae495ff8eb4b96a0b4da69941c5e89e11ea065d87fe02c1b6b356,619dcc038f9147f6463fe7c8f152a460c577599b35b31b52fea04ab7033ac581,68165,35,34,GON+,GON-,5.64,5.65,57_2.jpg,tampered_57_2.jpg,ce74fb91d19d7267463474e51114583a2cd2818a04e2919ea3ca6ee197b98f14,0fdbb8d4b5531b078244cfe483074e23e83bff97cb58635a0b0bf72315611239,9b1fc66a7420a474c7b676f62026972c7f650777ab45309856e7e1cb787593cf
169,58_0.jpg,58_0.provenance.json,52d57fe484bb78a8b0e4e6e80f4246169f9078ddd8f5bb014661ab46b958c5c9,622af6e94e9201747fc2004d6e43e56c37b3e883249e336d09b20bc75755d7a1,aa5e0f42a170969dc5294baad06c6c26d9af1a98beb991f8d1a1ee657bff364e,60180,160,161,GON+,GON-,4.48,4.49,58_0.jpg,tampered_58_0.jpg,ae0a3bbf68c39054e4d019331a62f41108dca37038a45f38982a22327f806e61,34166bc9ebf99917ad6d9381fa6bd6ac7d4ab7b6c1662256f39a60f63660d9cd,b414327fdf746ab1d87597c23845d384cf773664f1d7c57aa2ecd5042e03fc4f
170,58_1.jpg,58_1.provenance.json,0b6db7b8a2da2bb8eef6f27a1cf12cbb1a58e007f2ed0ea5190887139685b33c,9aa32e560736d66881c08df65eee7edc4d097680d5a7c7d3171ded67b192af9b,965f52220792b03fa3c5d78c456cbc01d7cd654084dcd939d664fe6e36364798,58543,64,65,GON+,GON-,3.60,3.61,58_1.jpg,tampered_58_1.jpg,977f84c799fbeaef9b4bf07b7842aad10c055330a6d47af1975fa970a129a9ca,1bb42e2eb8387f0958608d69cf31c4e88be3281ad5944be49b1ae3024a3a50d9,4a97dabb1cdfd564a1ac52ccda766ae459a4678828d4eec4dc36f10fe6e51599
171,58_2.jpg,58_2.provenance.json,bd424eb9f719a0912eb9e9083ffe343e070c7683d04f76e21172c88d0a675181,dc33af957b589ea6861a88261df7419416c18c5cdbd8da275e47ffd5fac2c31c,a7365a478467063211bd278202a9398a15dd7bebeeccbc3fe9d3dc6155e48803,53171,52,53,GON+,GON-,3.60,3.61,58_2.jpg,tampered_58_2.jpg,031093ae720d8f633cd4d825b8da3d73be0503c90523dc99f3c73c745f94f437,ee4ef850f300988a410d7e6a38306f4bb0da07e9f92dfe36b733e7f559abb761,172e478097a3b44ca188a9a42365d3ece831932a5c0a14cf2e668c6251251604
172,59_0.jpg,59_0.provenance.json,f75acb2cfceb20589134eeda4550d9367500fe80f514f8dca183166d36d83f52,bf37bfe197e4f06c6ce6312ae292837fd2f04de543c26cfa416eb35d819660df,6d7003a070f286fab62cd09a4e984e5d15e9036ed7d4e175a8ddb30a4269840c,63073,28,29,GON+,GON-,5.58,5.59,59_0.jpg,tampered_59_0.jpg,74bf19102fd80087e06b2e5d9d313a18dba8e7b1c15f8265496023351a9e0d12,fa55bec52b2abbbdcbf4022f0337b93208556e149d99e838495d25e762c15fc2,c74bbd101bc9a8c7bb12f3670ec570b67d08acde5ad19e9380d49aace0bdcdfd
173,59_1.jpg,59_1.provenance.json,c5a3a5982f22dfa3038d605000e3c35439054ae7ae491dd982df763ffbaf91c1,80a3e5b4d58632fe39af8f0dc9d06a4c0088db2723ec2b3b16104ce3edd7e944,56577cdaa41e4650e8d4f4245f6d23c6d3e57842f18b5b96b97643b403151803,67082,165,164,GON+,GON-,6.36,6.37,59_1.jpg,tampered_59_1.jpg,03f64da76979154f931b5ae510266a4329bf7e225cfacea5462c0ff923c5a6b3,0aaec41444e24686e10f2c552092a69c33ebaa3e01bf88ae5018d2b6db26cb03,67a20e71b6fb42e9491163e6c575019271dd5cd071b95c8ca327cde36968ad71
174,60_0.jpg,60_0.provenance.json,7fa6e61f8fbd863581290d2c53f7ddbba76ba7586bd3de6649e13e31c3ba9f8b,5330725d343a7722e1b460d415339ae0c35aa72fcd3f56a56fb47331e0c09127,a475c6d62aabea5769d56b314f1f1d83fe2e54f5d35fb5ee73b6f99adf8c92af,70957,74,75,GON+,GON-,4.16,4.17,60_0.jpg,tampered_60_0.jpg,4f9d83fe81f0c2a9e80a04cb86cc626d6d8d9983d5e24cdda9de510fbad0d4c1,4d4491d7916baf945fb876558b878aa2a4883be77d723e3afb6566ccbafc081f,5a403e1efcba2f0edbe01ab15f0b65533646988f575784582637c8f3ef1e240c
175,61_0.jpg,61_0.provenance.json,b99dc1cbeb649254686942685accba397794a9904a6eac7b4d4d77812c6cc3e1,8fb881f5da3387420dd2b1ff61d913b864c757863f55b64720af8a23fcb0de1a,b40bbf4c361abfb01355ab37b6170f70b8f5c210583c52bbdef7036d7ecc8fa1,55483,189,188,GON+,GON-,4.17,4.18,61_0.jpg,tampered_61_0.jpg,dcbff861360f2ba027d000f389f38656452a72d8afefbf388a88d3f8f9d8ac55,862599e547cbc095f2f5ad4bb2847b0486b7e5f5b5c67e678494bd7567efb9be,3268f1a037ec3aa66b82c65eff3f8f1676d57df61eaed7a6ce05e29e49b1ec8a
176,61_1.jpg,61_1.provenance.json,0aa607d2675ac0ff5fc88448ac5b9fe5debd95124dd9225e46d8e14406135631,a9e7f5e4f65516912dc47500c462dd55e9720609c1a7f1d1993fbe684329f2cd,6d6cbab91165677841c9ab5fc9ce60a252af644dbf2461f4ba155193dbf51382,57505,118,119,GON+,GON-,4.99,5.00,61_1.jpg,tampered_61_1.jpg,1b7b13436cb3a7b9a5696424e77add02874c7271ef148fc4b1fa9059abaaa7c6,f88325597f5ce998a3d41200024b915b543d68ed39adea7c9ed3e0d5c7c1df2f,47ae627dcd17538cf29b6d0b883f7044cbdba39d21002ee27e84740c93a2e9c4
177,61_2.jpg,61_2.provenance.json,ea77b64c91aced0be5100aa56d4ddf13419175037b73eb973d1904ac9fbd226a,6d01b8365d3ad7e7b98f654a922de62978c210b5a86f70af7e7b4c0ab59e79d4,2718899c71375b711477efbd6f66e4ed2ce9cf076e059d3235491cb0e9ca9e90,57405,6,7,GON+,GON-,5.71,5.72,61_2.jpg,tampered_61_2.jpg,7f494e7fdaf7ae1a78f4683d217b691465b09beff0d830258f419c8f05a9ec9e,b54871e0583ca29551521392a8a9735b806ae2177287d3606e7068c2770c6896,e540925f14678be28597eda192104fcfc65ffd1a58f896c2c5f3fa6a85fabd5a
178,61_3.jpg,61_3.provenance.json,f2ce4cf7d998e7875509147332145230e811ba3dba14438dc42fe46891b6d9f2,077d795460a896e0fbd34f2357066e474d5222a4c59549d10672dfd6df4e4989,45e035c8e2e7985d1b823032a9c25dc494fa81c2a678fdc40516a46adaf565f2,61166,237,236,GON+,GON-,5.19,5.20,61_3.jpg,tampered_61_3.jpg,d4c99347dcbffc2f6fbfd5d47719fcfdd3d7470efeed6b0c1e9ac7625fa89a0f,90948e97db1f55c6b183334ec64ca98ccc926cf9303d50f782175c67f0ad18bd,60cf854b7cdb861cd40ae6fcdaf6492d6c0a2c94660c483ea9d8acbbb524ce5f
179,61_4.jpg,61_4.provenance.json,699d96477bc0ec7e6a9963592ba789d54260c0ba2966872b19e85439bf9b26cf,eb737bcfe2af927206cd0251200d00dc06641fe197f2e05bfefd9869f4d0dd32,9b95e53075e303eda18cc09dce0c9295b06ab8b78518a7a5901de9da1102a2a8,61071,41,40,GON+,GON-,6.57,6.58,61_4.jpg,tampered_61_4.jpg,0b21a4f71b2dae78ebf4a7afc978271b27e9cfa84ec0cded3b405e0221e46999,9015732ef7a3998aebb81e857201c2bf5508506848bb2d0a82103c491f5f688e,0255c3682e500b811c171297e97cc883c6b8b906ce51f1830315f6694de21118
180,62_0.jpg,62_0.provenance.json,8a9a8e2a0bff04ce182b9cef6e5a008d54a98b72278388a01b9263b70bb9faee,7cfa0bd7fb2e7ac0d9e39b32ea4ccc17c1a61f11d08027d5c40aabc6acbbb75c,42c1be2d8d06dc8a426272cdc21632225f8b49f3b9743fb94ac7ed4daeb1d0a6,49948,106,107,GON+,GON-,3.42,3.43,62_0.jpg,tampered_62_0.jpg,9dcfb4fb88366d6def5e411da7cb9ce52953bacb8d583a5e0a5e9aa93f0432c0,8566d98193d1632981af101428961b892c1f1d36fd7b7fcf08f382f2e7f1d828,a394da66ec10b6dbe0859308cce08e47852c2c5567017412e16fa66ecce3960a
181,62_1.jpg,62_1.provenance.json,bdb99865338eee6828748a3079d6e6667670069a4ffe92f8e09d47cc13b8565d,b98ad538594893422d677d8adbf2a78cd7b8f7958daa1362c29368bc9674df0d,cf69bf2bdf38a03403d4821c2330b1630a712ae6067f274348a90b0c395bc2a9,61410,81,80,GON+,GON-,5.64,5.65,62_1.jpg,tampered_62_1.jpg,5039b1c57fcea6a1e569426233b42ce2cd1ffade4d84035100a538e7b8b48dc6,fba95b7948d359d61d6209d2cd51fcc51ad2784d6d20d7b1f93b78438679fd48,1702a297588d2bff734f2d5f320bd716e0a7bee0b7fe4b8fa2c9f79c8f958041
182,62_2.jpg,62_2.provenance.json,3b1ca7a70ddde81a47590d0eb8cd331610831aee96f58217e400a6338b8eaf9a,800c849f5cab26d58f3f15434485620262fa5130ee2d86cd3ae93b2dddbb7726,33969b49a94357f7336b34819117027c0c567274616c5512d521cfbbc9e92c93,57353,133,132,GON+,GON-,6.47,6.48,62_2.jpg,tampered_62_2.jpg,db24d0bab82641ddc0165af3f2e77e79cce1402b2a86b11b641fe33961ecd863,dd5473a36be03eb36e44d2ef1c375a0ef00bfd818be84d64d4997d37aca80f20,4453a7ddfaf926908a3b8099dd4ae83d1569b50226eb1a8ef189f267ceeff7bb
183,62_3.jpg,62_3.provenance.json,a5fcfad9349243eb9c8fef52a8820a8046e9ec1820dc92f6b4b61b5acd4bd48c,931cc7dff52fb367e2294a2f25456e777e2c910d7df2e61a5817d1ac96b47d5d,fce2748e7bb5264b2ae128f89d7ba30767f7a11b595e0563abc2b21393f8d697,53366,160,161,GON+,GON-,6.48,6.49,62_3.jpg,tampered_62_3.jpg,26a49785628394a906ffbbad059d742c667cc20f69c7370e895a0e4c20741529,e837e7c68ec716790bb3dd695771fb4a58ea92b5e97e712c89f453e437d77836,967b4b782832d1d6b1db79870541b367f64616ed31842f13a4fa5856864bed47
184,62_4.jpg,62_4.provenance.json,6c939c01ce056d05fcc4d0db00f36951a7d9320767554ded7e59bd3788bfd408,733a688eacea921561b83da172140258dfdad8073171c3abf278030c9aa3e9a0,db98ce212ad14478cc42436f28f6ba79193abf8159b38b8fff383c05a81ae8ce,61709,11,10,GON+,GON-,7.12,7.13,62_4.jpg,tampered_62_4.jpg,916664861510a4c85062dfe94d27db378a78d70e327a0ad728b217b2c269501b,3ab17d7784e8c0de740cd9fec4c20b65851c19b693e48d4d734614bb39da8327,963457d2c199473d57628ba4a39130a602c1d7ad1a2d881249d0a10c4683b55a
185,62_5.jpg,62_5.provenance.json,266184442fdb0675cf5aa01cb6e0b6d5eef1228500f0b7e62c06ebae7f844e1c,e5cb63cea3f70f24425abbc33dab717eb5c7fb726ef2bcbe9753412d62065518,b010988dfb065c68567f8112a846748ed6431e0362009e32be70a16d9f4e98f9,67775,41,40,GON+,GON-,7.09,7.10,62_5.jpg,tampered_62_5.jpg,da8dd9c07e8e166fac51d42e21234b5e2b2fe7bd8863bcdd03bd416a778e0510,869435825eec5b8f41f0c2169e61a1b1b8bdcca665ae64b6caab6686ef5b0708,9f14c2037b7abcb33dab8ab4d5836af9ff75c71888d7829d4be3ea5a92211d24
186,63_0.jpg,63_0.provenance.json,a89d6be486b1a530ba3ed4356719654532f94bbaa23ae0269416590c6d1a3e07,c137110d05718dbf2613da2a7bd2f6a17b36fbc736b255c5c2092056b831c35b,0e93ed196c33eff8931aaab5effd1c578292fa879ae6f7f214d426c8a995cdff,62813,189,188,GON+,GON-,5.92,5.93,63_0.jpg,tampered_63_0.jpg,ece9067f7d046bcab097146b0e328c7df961770f09191364ab81ea989611f108,78a8b9acf4d433d9319bca44c569696a72f99dba5bc62a31c0357dc0cb013cec,a0547d665f841aa0e3227b2ed6f845a65846d11c8a228d68c7fa845823a9698b
187,63_1.jpg,63_1.provenance.json,cc7594a2fda807b5e3a62690b06b901828fc8eefd6303dedaaed70a65339bf78,50ef1d4ffb4264847411d208ecc341b191adc7c985915499c30483437c5304a8,fc5742571dde0048bea7965fbce9d35138c7017c8f4e432f5e1d18b92706fd31,74743,115,114,GON+,GON-,5.95,5.96,63_1.jpg,tampered_63_1.jpg,e05cce8dfa0822546ef215e715771d4d34ababfcf25598655ece43d733231329,f8ef36b57e466e09c55b2490f1e5d41431be5ba84ea7f860c5b0a333a785e4fb,4197577eec89d0ccfcbcd6eef769ad1cbee8fbb130d5e8f91a2620b33740362a
188,63_2.jpg,63_2.provenance.json,6ffe250cddf44eec228127d19cdc87a9189c99d27f4f77983906f63a52d06a32,07f4639874a0a2231ae918cc9b2477834d7d0541ad02a24101fcec906858564e,d6cf7249987e268130578e885bcd59a9ec3c0ec57ffa90432ad1e832eee36fe3,68561,41,40,GON+,GON-,7.13,7.14,63_2.jpg,tampered_63_2.jpg,59afe0e5b3ca51536bfe8122d14a7fb4da7e44e41d1a472ebaf4b1ec39c193d9,6ae153750cd21d239250b706ef096dc5bb9855798c1d4602d84d45c3a876743f,540838c71337cc2d83a1ede23c8071550f4b34bc36f5aabc8767f94c39059929
189,63_3.jpg,63_3.provenance.json,3a128058f769acf5e3359652a36e000af0f53c73c5051d7400478e0487376c91,282ef327a585955f239f5303d8ca919bee2deb6ba2c09de800be8cbe13ccadbf,8e0947a7e6e68aa0239b6d59258f36e576161e62e9f4c113ae95f9504f0c7198,59922,137,136,GON+,GON-,5.54,5.55,63_3.jpg,tampered_63_3.jpg,53abbaf4b2ab42caa458319a86050ce6ea2686bb7a36b3fba796cef624bd6c69,5362aa235d629b9911e4ab2c299129a9740590f4573357fccfe26cc3f61813b7,f3b716e6155b10731f334c543e62dbdaaf69bc0b7362be671d99d271997f5afa
190,63_4.jpg,63_4.provenance.json,73f79abb51eb24b9a561f819739217f524851a44ad7ca107d85cf52ea309952a,25f16bb08b145716e965ab3373b363f59b0b85d25147e55fabeb074de1050962,f712116bfc31d6a0ae2d459466b4a75a387abb04b1034ef7d2e8987a8c453eba,62877,173,172,GON+,GON-,6.70,6.71,63_4.jpg,tampered_63_4.jpg,1c8f82d24af6dde8ad83a3d40b95b3b703be4f13dcfde891df282a4b08fc060a,240a2bafdd5da781580f288cd65c7f561c6fb66ff6326ea4c66b4f77deb21afb,e7e90450f156f009b349c28be7e54d9f52363f22bbaf22da11b2aed9bf561063
191,63_5.jpg,63_5.provenance.json,c588c28b41dd2dfd97c714fa797664314a9b46216a9d47fa11e20716ab02e315,26be419646a35d03edd2c857ae9fb29eb0327d0ae381ef6a5e8b74136e74bb5d,33e99f391314401606bd55f23c6c6a9f67e818045a4e7122548004585d12f754,57031,41,40,GON+,GON-,6.71,6.72,63_5.jpg,tampered_63_5.jpg,df7ae4c372b67bf9e983585d35b808623ac7a145bcbfcd8fda9c5e7b7e46cf2a,6951a2ff932e883e1aeb82e6ac9fd6fe2cf27757e1fa2ae5dcb0142e1980e36b,199b2ca285d49bc3658915fd2563b32b41eaa48be8628edce501a1df3cfa4203
192,63_6.jpg,63_6.provenance.json,e8cf6cd60bfeedddb30901aac264d9585e23dc8c43e1aa98a22158cbcaaa18c0,cdf96eabd5a03afcacd337e2ccb8e73b2737dae225391054bbc7964a734d4620,20fbfa77be0ffc147b131789659fcab6e160027930a41009e35250c1595d9dc2,56200,232,233,GON+,GON-,6.51,6.52,63_6.jpg,tampered_63_6.jpg,0ecf8cbc05b3163d6c33a8c642b309bf602a8bd76bba4be149c88884497fdd69,80b82d05344e2bf46c6a0a591a431a0188809ab67520e3e8073858851cbdda14,9ad0ef9f6e182c453b1e4e569d8e05d3f43dde03cebd8e97c170a4659b1eb8ed
193,64_0.jpg,64_0.provenance.json,fcff74ebcb29bd8646843bed761e03ff4f1791c58f85d1f50d84c3e4e937f92c,772a7a3f4dab621639abdaceb3ed0d423f86994e74b7b407ee9c9e5fbce4cc18,803a04f0cd2494ce90021b431bf55ea67a4f9b1674020eec2c1876612230a81a,63455,76,77,GON+,GON-,6.23,6.24,64_0.jpg,tampered_64_0.jpg,31805ae2e2f8525beafa57f91a4dc1c64ec06db9602f26af8697027aa9709c18,439fc70073e4864b001363287c403b63d4f8f9344c69ff7cfb40efdbbc63da7a,f11a8bed0244183a47a0162ab1368f7f4fc21aedaffc8b00f1f1b016178f1e5d
194,64_1.jpg,64_1.provenance.json,dd5be23a7c27acf26ce6f9f1a1e78f6d37caa95b61ae7f70746cc307521f2ced,ced7260009dd20c85c69c69764a4e7655df74fa39321c827f6b7540342e0d6fb,4e4ca0219e58d59941ec4c8b688632af9c47132c565ec13ba1ef3575308d87c6,65725,21,20,GON+,GON-,6.10,6.11,64_1.jpg,tampered_64_1.jpg,3aabe11206c7594583de816e522da871bb13c2ceb13c7980fee81814ec8b202e,c75175531df272aa40260278a036d006004335fe958cef19f4f36758026f3a2e,a41b4385a6e14f432f618dce22a49f92ba8873cc9bdf06f89842fc5149d59ff4
195,64_2.jpg,64_2.provenance.json,04e2ec532d5d9f03425b38b86d3e0daf8cbad2a9ac63dbebe6b80ee332c06a1e,1446e1a9535c03a8293145b6f74e77b236b7caae913159f8b759e15de172709e,27489c37699db1ec2c97310c2df2d73575d129f9fc9ce0831405b01f64702f90,73735,73,72,GON+,GON-,6.31,6.32,64_2.jpg,tampered_64_2.jpg,a5552ab3e0217ae962501e0f799b01a26a0859839f29f7a5f886c457c299215c,fe26f7d5faf62a456c7cd9318cf47c7a28717e66e2aa62649d0f9718de7cc2a0,7d243f62b04d31035169f4684e0ae670d497d907548d9f81c50ce64d990eb1a8
196,64_3.jpg,64_3.provenance.json,874a5d8ac476781f618cd7ba56271afe5d33e63bb0bdf876d6b18f02f81a92d1,60c30c8d89f0d89088db14feff5ac7a899501d9bc460addcb1e30ce0f271fc47,1597ba47fb2bc19c3bccc1a8f837b52239e803c8a7bfb516ef36dda9afdcc43e,76159,56,57,GON+,GON-,7.25,7.26,64_3.jpg,tampered_64_3.jpg,adc938077b74c509eef601e17daba10f126696158d1220624f2eb5564b56c073,2890391441ebe7b842383d9e52d30f4b9773902ecf1ef5ff5b864707b29e33c1,dd4f3c388b72b92b7faeceedddad2455269dfca8ffb7923fb185105a06c57e1b
197,64_4.jpg,64_4.provenance.json,d43a995f9ee17f64c9d11243aae0e808fbe28490fcccbfdfeece883cce0d3631,e7b785baee3e204640d0dcd7fbb3470f4647861e1d94ba2ca6a33bd45d054361,55a7f34677dc1d98d7520d4d30b96a5fb56de3c78d411657a4a0eaa68c95db45,65137,165,164,GON+,GON-,6.90,6.91,64_4.jpg,tampered_64_4.jpg,809d67927005163d50c564479d5ccfdf1e0af045616b3ed26221fa3ff87f087e,419632e98e2c61d18d275bd867c7e4713f8072b53264e7e90574c9b5abeeb2d5,bbd66aace732dd4b4631398a1782c6feb6d81441b73ecc40661c999e5b3af654
198,65_0.jpg,65_0.provenance.json,78a441090943f4491ba4852c8ec7c04999f9e7a16c2236c5ca831266886de6d7,b8be49ecbf301df096d08b3cdd7d69c2eb39966b5a6cbc84616d1cdb01e9801f,171857ae1e6de681c144371b980dc2d785c1bfd735ca7953a1bd5c4bdaf7e1a7,67705,142,143,GON+,GON-,7.16,7.17,65_0.jpg,tampered_65_0.jpg,613db4adaefb1efe4c53e2a5a17aee1c41b42e2d1399ea7c18af482c2b1bd607,00d511c5a2bee360cbfd5da50429667024d8aa89c5289ea2e0a26bbda7b98e61,a0f78f419f2609d7faaa20ec57422556a05d01d3e44cb5724ede1619a82a3d59
199,65_1.jpg,65_1.provenance.json,15dcee03b09ae212c694e3604ef9449295feb8649c073faf4b954218d888ff9d,fa59d27960c62ae1a2bdab8e6972b56ffea7ec77273d69a84f5246cedbb89d0c,d985363c7d88541ee9af3d1a64a8e730990f25f75f142b186597bf695e0726a5,60362,239,238,GON+,GON-,6.91,6.92,65_1.jpg,tampered_65_1.jpg,10d80df57c5d7b5993b108add2ae87a3a0ddafaa30f44ecb2217c4a44d480129,bd343cb9f7eee45b163ee06c3ec7091a0050265b92caff642a1bff398133a8ed,20a2fd09ee02b89e4bcce59a296536b149efc3b86390eb6957966b4ce896ddaf
200,65_2.jpg,65_2.provenance.json,2c2ae5a962d8b2dd26813fb0771322f36814e14c4027d09fdc4c9888decf55e7,41002591793ba148fe48c8f47807a29c44c2c60b42f2d56559c62b96e4ca23be,43c692fdfb0ff984d9529f1a6c3937b29a39480e1ab3503e99aae19f85771823,66148,72,73,GON+,GON-,6.98,6.99,65_2.jpg,tampered_65_2.jpg,445d4ed8383804e732fe854995ee836f433c445bc98f9a36c93799cfa4a20e95,493e988de157b0255eca0edbe10361c8fd5f9787d2ff825cec1319cdfe81bde7,f4aa528bb89704bcc76e80d20188b36ad78b5efe04b595c2fe126e7fd39ded50
201,65_3.jpg,65_3.provenance.json,b8b215ef165510d18bbd07600d7d9c7f1bef3354d1ec5cd554364b716185c266,4f19c082f1fe094fa98287362a9285ce8f64e666580df41fb9b03394f466731c,9443e08f0018a09cd8d368895fc01f209a77d5fbb28c60944ddd53ccf8d9d2d3,63771,128,129,GON+,GON-,6.36,6.37,65_3.jpg,tampered_65_3.jpg,de7e2f5ecbfbdd7b41cf784a9936a8e63aec2efb6618b73d64fd8f301d5a8703,1ac8f90ecd02e1f3450cbf7a9f84755bd670eba2de3906814478a76aa810c76c,91b67bb3f345d441d7f2d4c9ae7213f8d96629bed558610288fb80bdf8b28e16
202,65_4.jpg,65_4.provenance.json,d9e3be6cfc708dd061eb01244d7a789dab205c7e162b81e9350ca3a984fc67fb,61877496735644f27eaeec282e2f9973b3db91fcc12acbb7344ecb180675022f,2a2e56cc3e9788138a1bf6a7e883c28e544f564831a8aaf6515f957df4416f0d,57943,243,242,GON+,GON-,6.81,6.82,65_4.jpg,tampered_65_4.jpg,bfb17baf4dbd34872f436050c19d55a162a213835f29b0147a69e1d186953a30,e63f33d3f2e015b634908561751da96fcc3e015d31eec094a5b98595f89f095b,16769583d7a89229a104a2673bf40274127ae8550aef96b662180d46bd44f0a3
203,65_5.jpg,65_5.provenance.json,a7f84abc3cd7c71818b22b2f5a3630e8fa2716b83f95f31b5211685c77d8dec4,255f5edfcb938651da7907d4697685608259dac9628d9574eb8f806ebebd2892,fdc5a8b7e2ba7615a4ad97d5c42a77ac98d088ed4e7944c94e4030d3f2d154b4,56954,208,209,GON+,GON-,6.67,6.68,65_5.jpg,tampered_65_5.jpg,c695f2c22411b7fac4a6ba8221227f23803fff8327950efb63590754f02e19d8,4397ee930519b91087f5dfc353656c2271c62d0a1800f0bffa4d289a14c5ba82,48b716d8f96d33eef3f477ecb51a9650a61ffe9aad54ced0a22f040029260cf8
204,65_6.jpg,65_6.provenance.json,76c2a7ae82c70f598137eec044a5e3750d56e817edf2ee23a85c8e491b2188bb,afd74b4d05a08a5e1d40896ae0f2096c22162fccb0f66b24ba285a4e03e78838,d430150ae9045e6b602b5e810349e53ca4118d48b1fca14f387ded5845ad7dc0,62378,78,79,GON+,GON-,6.84,6.85,65_6.jpg,tampered_65_6.jpg,f5926b323a60044eeae11cc67f2e34971a712fa9c547479ab028f18341a21d2d,3ff5553a2a5a2b9b89c14ed49064f63ccc9f389b1971f2f15191542a84faab40,cbc06e227045dff409ce3469bfdd5c4ed25dad6de64ccbacaef2c00ad2c41975
205,65_7.jpg,65_7.provenance.json,3cfd4faddbba2e1e8816b02a7e4843e8aa46296dab7cba6f776cd4035e47655a,4d46379cc19c82a79ec3c1b801aabbd6f67bef83d7baa0634a8f956c4e9b9155,0897e16f3fd8f13e486db676bbc36a6745045ef53bf8df5d9b633ea2b88ed12f,61154,31,30,GON+,GON-,6.49,6.50,65_7.jpg,tampered_65_7.jpg,1ecc61729c42ad68d2af8c8f19de08f9b695fa483d524886514696d2857114c5,e8f344d2fc8ac18c002583619ba34d131997957b6fd7b8ecab17988a6be86773,6b01fb13c0279d6aa11b6382c6c33bdaff2dba8d9d2df9220800195c08f0ecd2
206,66_0.jpg,66_0.provenance.json,6c74b324e4f5823326c20bc66d72854c09caf7503da7c59239a39dbe4bec6146,0e63021908cb544418516afa51c8f092343241c0b77a1f26d8a1748cd1061197,65a881bb0a545ed16a8ea7b8e9addf240b4f207c6ceb8a3af4c20c919dfff534,62776,41,40,GON+,GON-,7.32,7.33,66_0.jpg,tampered_66_0.jpg,805d2f7a0b179d4075b336a519c476d57c69d2909d6b73d4ed4e3dc4a8746bab,4bc2c0bb79f41e77656f83e8d8f94608ca5381e8d0abcf313f121d28fea06e73,c0b8b2ae3fb97042a391c85ccb292a6c85201c17a702bf31311fcf8bb56be050
207,66_1.jpg,66_1.provenance.json,06994b73d4c37a0bb6f90985bea19dfbacc593bb40c53f785e73e4101240c6ba,f62438e5f053a6a323b4e0f54a8a96d303ebd6ce6dd65431785982b2f6407aff,29446c897ec8a771b98738116d53a10f0fd570d41c1e8947c51565d38d039261,62191,115,114,GON+,GON-,5.09,5.10,66_1.jpg,tampered_66_1.jpg,c3346dd778a682e9649f5009b4f735b7124150932076aed70164a324b75b0452,fbd8b5ba3eea2acd03398a5f2d2ad7d9e01add8bd0dfd8e61c132ce360089d0a,c7c87c4e88cd5be0d2fd9b2af9a2d5c5ff7ca062b9d550e913771ad7d7101115
208,66_2.jpg,66_2.provenance.json,36035351a012bcd93c0c59653b75ac4e232b9bd8e7eab2a31f6b5a8e90275444,c15bfe7573bb9cbece7c7fa72a9ac2b109eedb44eb2b667af3e102a269cbd29b,c83ee3ae2719a334f974c09c77cc015c5ad2328efe3974a2a612ff8c2c7ec975,60673,113,112,GON+,GON-,6.82,6.83,66_2.jpg,tampered_66_2.jpg,9e4212041bfc0729e4bcbd1cde6840c3f46afa950eb57e5b239c45e785ce84c8,3890f15ae0c644772676343dc1a6f4c2a4282fc3126493a32635d9e99125fe8e,7632a74ce3228c384c4229512e3d0e0a28e3b8760a23835d5945e4232cf6f5ab
209,66_3.jpg,66_3.provenance.json,6d4f0e270dd815a683108e4111d74e18a16e286da13f3e2d6cd5e337b18f501c,21d8999520cf5898aab179bc2b9c4c08c62b5a637cce60fbe01ef774e19bab4f,ffbf2ef4a31c363c2589ee973699b8d47e8b1fd66dac9f0613d2c00ef67b295c,59028,164,165,GON+,GON-,7.56,7.57,66_3.jpg,tampered_66_3.jpg,79a6642ef58082adbfb107f1090df7884e60be4bbe175f33fe21854d661eaff4,cf6f2cfc2399d65269093c3ed30dd83bd21ed02e5c465236afdb716b9ce1bb5a,8ee3a65565a39eefa0ef3933094e8a2594b35e0f4fb670368eebe1a6325b502e
210,66_4.jpg,66_4.provenance.json,b41aef2a0bbf29a8b2b5acaab69ddb688e532bd7dc2e513fbc33f994e3aab801,d04aa7c4a42eddb28e04f127c091a8dc134292beeaae1237d58c1dd07504fc3a,d2181b693e15b5643eaad8c75d11aa26761b74aa33b4f77dc30a083e70418dee,57398,69,68,GON+,GON-,5.42,5.43,66_4.jpg,tampered_66_4.jpg,f6a607cdf8c8bbf4cfdd2874e4b9a948c94de421cd56710f8891d22b388e5a7c,56017c530b1b6dc125b6235d3a61db24495665c6103d19a6abffe4b7708f2b9b,df698e9add5aabcc98176090598946204e3a8f5bbb3e0189066acf34f2391854
211,66_5.jpg,66_5.provenance.json,097c908ca5da1d8d89ae94853a797d45e64f674678c2c6f99d7ff2deb6cddf28,013b8b9611639b4e305dadd14af7976207ab1152851a02cfeef218203f63fb20,055c067a338cf902e7485adb31daf131f86f56b0a861f7ac2bdc2de8990c5350,65599,70,71,GON+,GON-,7.53,7.54,66_5.jpg,tampered_66_5.jpg,4839e3ae34524d31c5b2461c315c2679b1c248a928b4831809b7c5b23a484a9d,28567e29fd21cb346f356824faa341b867595da73b24f073806801e46c6313df,5810f8babacb2e4a0010d674cfa0c5eb5a599e96fe49523cd461ae304fe907d0
212,67_0.jpg,67_0.provenance.json,f12a3566235b17fe3242f81ffcd390f7cb859fe70b4dff8a40e0e53aa389d619,d8bec343c506b040b392059c5ae81fb71b6c3868af2244429ef59dcef156bab8,d74f53753a149e2842f936da3a4b881a0c01c07519c97c2db3c3297ffedcef88,77861,0,1,GON+,GON-,6.22,6.23,67_0.jpg,tampered_67_0.jpg,5104b479cc1ed6ed7b45478d318beb2d94dac0045e732411074fde43d5278a09,adaf517c92ddfcd286971fda9579beda733b079cbec49b560a422f21cbcca8fc,1f48381119dbe4f6000985be9aa23b4353901ccfb730a1a3851bc9b15e1d6e90
213,68_0.jpg,68_0.provenance.json,9ab5b7191ce41cc5535ff31963f3ca6049d7ae8d58cdc09b1e7dd920f437ac60,95b507bc43afe31e04617307c57bcaa13f1346f2c2765f2498e4b086d211e6f3,7cfc2bc9fbede8a452045257cf3c8107231b6604e7ad65c991c3e557c320489c,59778,78,79,GON+,GON-,6.17,6.18,68_0.jpg,tampered_68_0.jpg,05718289a9476b236a82c2b0041b1abd76425655f8babe221ed9456cd24df1a9,ff30705e1858fdb3ef2cd090c4b1a5ec6af4275edf9b3fd33cdda14ce9c18914,ff78f37754c22e5f205b98b3306bb0d5ad3190e454f8554e19284013906fb9e2
214,68_1.jpg,68_1.provenance.json,66fb4a96053b5cba423f5aa3b2a743163b3a123b7786e2d1d4517ccd65dff889,b050e3cb494314633be3671a0f5cb3cbc98f145ac73cbc85f2240b724e651a69,e2346aeeb1440408c6afafbb09db03d2d6372dd52c2b8f49a05e61ae7f785ade,55875,70,71,GON+,GON-,6.52,6.53,68_1.jpg,tampered_68_1.jpg,66322c53a4cd87adf1f8a5aa27ce0b9dbfb3f17bf48276c58142e9a730509dd7,53f9667b913ccac3d9edf1aba7848b2ff71453ba10b895d58146d1ea8004effd,1b740346d4297d077793d8be89479e3980140091ca4d40e062881586ac3b50d5
215,69_0.jpg,69_0.provenance.json,96837d33a02a169899cb460b7f3bd540dfbdeb395bcd4ab71decdc5ed94965c9,30d179e6da7317afe3358fc628d505774e7ab565ebae3860d311689163399d9b,972c0f43e010af97f2565431de389c5f97859a8947a6680e6e19fed95b38df2c,75388,72,73,GON+,GON-,6.81,6.82,69_0.jpg,tampered_69_0.jpg,d12d9dba59c77ff83684eb6613bad315ae4a84069adf2cb93e0adf80d515c66a,2f2ce10c83951ebc8a04751aa33ef30b898611b03ef7391e6f42f09f9d72de33,26e9d6cdbfbf8d7984b1e77abce13652f61f8049445849d116cf46115b5d896d
216,69_1.jpg,69_1.provenance.json,ddfce43b4e415bb3a72e8efd8eff7894574a7cc41f7cc6b26e912310edea7c0a,bf3273fb79ff0ba35671676765c6733de8728ea22fc2d131506e73e90b8c4225,6ad8bd0592eb8e7b490ef877d206f8cc94f6343cc81630009eb25563db56b388,80300,24,25,GON+,GON-,6.66,6.67,69_1.jpg,tampered_69_1.jpg,28ad8ce2c922b73d61f9593681dfff069908e16ce6961a48962f58da3628797a,9dd02ab93a48119761414280babf4300dbb86551c574b2d5893e00fae8120ba4,ba81208866d65517b6c3b1bc98fe8c211beb1b7c626642852e2cfe6f441b73ce
217,70_0.jpg,70_0.provenance.json,a7ce4d20b121fd99d4ccef34046b393123dc928e6791b4a8265ac9ac66e0f28e,eee4774ae10098dde4e333cfef3dceca8154b6824d06e353cde2885c03574bb5,fbac814a2c92b0b78b4b319c7e459ebfba4bafa2cf9554d8e6271be61608405d,57029,0,1,GON+,GON-,5.97,5.98,70_0.jpg,tampered_70_0.jpg,3158c62ae5bbdc17ac56c6b8bc39074eab6e671092634f69ee13aba5a3e2b594,dd471c762eec9299251b632b163cac3f522641baa353630eeca1e1d244c6bbb5,3b7446ef6964e116323ce689a2fcf090a2a0246561732ccb8db7a4e28097ef82
218,70_1.jpg,70_1.provenance.json,f9c6a19e1016321a3d5260ed59b851a1f10113f25b78b71889e524652e0ad5b3,fb533f2eb49805af648fbcbdbed89fa1e7a24be8dc1839733a97013bd66d0f71,59390c0314379ea5431dccd17fe825712c2dd3f7ad44c0223bc967b8c37da036,61934,46,47,GON+,GON-,6.13,6.14,70_1.jpg,tampered_70_1.jpg,9478c8b0f9ac78a1e34ad8981d27b7a3c46ba6f88617eed53d4109f95b194193,7c06bf1e896612f8e37f658433e33dd112a26dbe83a977e3a5d86401d18b6392,eaf3be150da4cc4616eaf609c42b5e8e075bb22904300f31d8a8d9b479d2b55d
219,70_2.jpg,70_2.provenance.json,a41c4f1b13122fec2f9b81f6571b4e90c431379e1fbe319e7454cb434351c513,ef3eace6f2a2c89b984b9204fbc1d2592fd6001f9ab9bea6c7233ed9dc491c28,f13ed877eeac2f085420c796a9d3d917c2ef52d48427475133f7842e10b773a8,57526,52,53,GON+,GON-,6.66,6.67,70_2.jpg,tampered_70_2.jpg,03bd681b9809b0a3699b444d39b9746ae506f418d0b7ac49cd616a49b463281c,0b13dd951eb8bcbcb93f9478eb00f5adb01fa265f103710efd80c31f6a55f05d,39e21f5535096a51ada2feba059985cfc77d083d52ffe5c934503ff69ed743df
220,71_0.jpg,71_0.provenance.json,67b636b56b56a33cc172bbbbf443b32b2787f0e59e9abb62e360f65f85090ecc,90e1931939ece21166494010823e106d47c60f950504e1997370aba67c02898d,d6eb932a2f5ecf881cb33cfa4d50d07667cf75367ff846d54b3eedf2997fbe84,64542,164,165,GON+,GON-,4.99,5.00,71_0.jpg,tampered_71_0.jpg,206ec588f2b1a4582b42a0843fa7840f3b2a5171b8984459dbecee81533b5221,7ba476747c826ff77b2a075b933594db8f0467d6f874e308bc8495888677239f,b5905458b39e90ac84396adc44317850ae9b216c88f7bdb6aa3cb9ab3210f82b
221,71_1.jpg,71_1.provenance.json,2cabf32c94a76047d1e3d6e98e95c70aed5d1b2540467836a73ac401a64dde00,9be9e6b61d6f245f1adcd1449b45ac4f36c8d8a98dfee3385e40b6bcfb9ad4d6,1ede427ab4bdab67dbae13309596fd26f7cf132b8f81c8738694d1fdb2b1c8bb,66309,209,208,GON+,GON-,6.05,6.06,71_1.jpg,tampered_71_1.jpg,2939a1da07b5b146b44cea8e086992d2009c9b4380c483038d64fc26e6531cad,4a6110fce51086e82991f7afcacf39314f07a48593320add8c586e849f352e90,977b1a1618af3ae38560c02df2f4ecb0d78d88c6195e24542f85fb806c6357d0
222,72_0.jpg,72_0.provenance.json,2127e56206a68f28b3f55c61240042cd7b397653644b274c20924597be756ae9,9aa7664fcc898f67307e2a3c143caf1a2e0deab2d84c89100c3821481b7fa760,88c7b6faee934cf65e953cd546fc38366bc929db2f73acca3ee1839ce10ff7ee,66399,173,172,GON+,GON-,5.62,5.63,72_0.jpg,tampered_72_0.jpg,465d1e61e5cc50b6345e1ebcd8a536b8b2782c46d9fac7e3d06fe5a9438b59e7,bbea8cf777e55c7f37168052c411720997e8f1b9b3a8e283cd8da6c83088849f,62df5fcda0e1acf9a77d19aa8903f2feb98d37f3d1262a0ba105bf9912ccde24
223,72_1.jpg,72_1.provenance.json,7bc52c7bb0b779b521a4aedb3ed97d60eabbc6ff74dd61791d81d3cfc78c30b1,e5ab0a7407840a17d11a0b1a8251507ba6a49d1ad4d70c9056f924e08c036355,79ef2efc897c138d4b859173807bd5e8f65f66656b5d2196c4095c64f333799e,66656,154,155,GON+,GON-,6.21,6.22,72_1.jpg,tampered_72_1.jpg,c0ac12de46c06fa1320431c80e3d7fbfe7d12a73e866505491bee15953ab90c4,78036d6417a361db4a18c39028c5483f7781d7bf23da1075d05f715067cc5347,dab5368e382745ba1b72492d39ff0abdb7c435f57e0a4f7204e7c82b591f4226
224,72_2.jpg,72_2.provenance.json,eaa8f8fc309086084ee2d68019d608986c22d325e9f764b66f025f8925738e2b,00dcbe789f851e74e8b09c867d72c93ae0da5fa9902047523f783a7cd0cf2a7f,d884637b0efc252a6c997bd057e0c18cb31dacf09a89bfb4c02c5c5f2736cb35,61412,165,164,GON+,GON-,5.78,5.79,72_2.jpg,tampered_72_2.jpg,9dd9c7ee93fa0324fcecfdc3579b76989abe6795ef359e9d449d18d8868c25d2,c582bb2912b9613999e3188c3493abb98e02a994f819475f11c2250c6aa1278f,f18f5a7365dadcf187e0fd154caf4f30b4580c95ae7dd081ede3ccc5d17a7763
225,72_3.jpg,72_3.provenance.json,654eef7cdf54d50c4223c283f9ea7595f28fe9541be2a2e3735bfa6961da8ac6,10dc4d5393378d4071983c53984254dc5e9230777b55aefde60cf2a55e90ae8d,b78e98a1ed53dd8bd8fabbb4c39f0b9b786846b2cf678a4ff8401d717892332a,68186,70,71,GON+,GON-,6.01,6.02,72_3.jpg,tampered_72_3.jpg,b12caa6f8a338f17d502559fabef4e8c4419df922cb224392d0c9b3767f5bb4e,14db1ff145148a4f14c79d2069ab5317fcc81ff11eeb382a32f8a9f1ae616c70,66a378bcc2beed450029cafc3dce42a3209d6565ac62ddc7658d884216c7fd06
226,73_0.jpg,73_0.provenance.json,f63135c6c6d75a458caf4da65bd9633ec6fc259b779cbfa516d78f73e3740dd2,f717ac14120eab81676f97a00069f5b20df1ecd7cc984a9a1fa678281a2a5e52,7ff4d9716d0c50b8ccd0a8d8397085cbda698f2eb11cfd44149c5a6b3006dabb,64675,7,6,GON+,GON-,7.26,7.27,73_0.jpg,tampered_73_0.jpg,5161e23e72d5d83842a43fda5aaa81be7f34b052461bb2ad6c2dd25fd7702b73,4077bda6a34cd4d48a359fb6d2979cc166d0208e07cda849b7d87f5b2688b373,a9cc7804333a6acfb3c980ea7961bfa1351341253e51b7d7d949c8a7a57c2b88
227,73_1.jpg,73_1.provenance.json,f5af158114c6b6ee63fc23f1ee83d676af7721b87147f6ba53e295bd3d4d57fd,9dc027b59571099ac85ee7bb6528f02bea229fc3e4c592d4cd24a8b9149d6d6a,b9122e04095c08acbbef4127e98e5b12da793743b6f6ce469689dfcdaa5258f6,66000,245,244,GON+,GON-,6.78,6.79,73_1.jpg,tampered_73_1.jpg,f55ee8ee6cc1489de3fefe28b8318383665765d1476716ea4c74c35f3ff52fce,be122dcf909d6f8728a36ac21dda06a6769ba9a90557c1a99f67ba726966ed0e,b4bf3d9bea9105fb7f90b5171fad7e80738de684276b2fcb7c3d18d0a166fe3b
228,73_2.jpg,73_2.provenance.json,a2ed223890dbd9fa776bd5704dec068b41c99fc59ffe1fbb4cb939ab52918d09,a5121579dd85b14359bc2940e87dbadec3002c518d0d180c344b8a7474743b7c,83d2cf1acd1df94709665c1c3ab97a502526580577d98933534ed13440eb311e,67518,135,134,GON+,GON-,7.34,7.35,73_2.jpg,tampered_73_2.jpg,d6fb8b554eab0be41db7270e5c80b90f9f943e46b51fc363dda4ba1f0a86107b,f911c314002e89cd402fc0a8cd2e5d3510b0c0a5afd9dddfd94ba6175986598b,e134b46faa8a9ec2285912a38e5a9bd1e0e70a0350a7d1eb1b2b340cc2ff7072
229,73_3.jpg,73_3.provenance.json,f440f74d575c79425705c0028be62edea77237aa0d6a39204054bc22939e7c8c,f4206e38fa1913c86a07700de4e46f5e4bce34d674df94ef30a5d44979744897,4acb85108ab40415f80956dd3d9e71fbe6b6b9cea7c0e65e8de2c3c8204cf9b0,74450,3,2,GON+,GON-,6.92,6.93,73_3.jpg,tampered_73_3.jpg,074c6756bcdd9d4dbe7b1838d2007a298cd46ac52c559c0629a9b2188c9f6cd2,3c0ebae2d9d70ed26f88479692721474b3de66ac1803a6b0b1cb34e61c65fd84,b0caa3cf849c77976a04c9fa71c9442e1137288d358651cd3639a360120b895a
230,74_0.jpg,74_0.provenance.json,27554cb2d137d6e39a8cf37480a15dc001af7b0a06e9183160f34183e97bd150,b98dd252d85c9028562b78a444b8bb9348824d0cd6e8319f258158fe741d8c32,5f82d27b64d2a79c69fd0af834b93d8b812b492f2e22991d45c832ec3a32efe1,74022,1,0,GON+,GON-,4.05,4.06,74_0.jpg,tampered_74_0.jpg,b2143e8972417dcfa84c9eaf1420b0102dd177bf8d1d72eff651216f9c8da61c,9b9ec45c47bf2a29d2fdc52bcf8d72a4a636f994584ddb562b5cb90f4677deab,46ea7b26f647ef1de9b19d09316e7cca1aff80018e9fbf33e0f01590abb4d266
231,74_1.jpg,74_1.provenance.json,8bfc539501102ca3294e7faf2de5782a9e51d349f92227c50182c545fb5b36ca,f26072fd2141da4ec7d317b5efbb2cace7b5ba88ab31d7ecdcdc8cc86ae97b1b,58f62a2e1de456d0ee64ffe65ec4fd8eb96bcd72dc2ccd15d5d839aa15700749,59713,102,103,GON+,GON-,5.58,5.59,74_1.jpg,tampered_74_1.jpg,402de5a4d49fd100a7a600e15e9ca2bbe4323e99e2547ff14cd91ca2f2f35ae0,0c20830c10a6a254ac75fd1b218de683a0b1af37c8ead37dfd49233cb62204a3,298429931e89e3c2baa981a2bfbee72353be24b584a857a876a8a4b84b7a897e
232,75_0.jpg,75_0.provenance.json,a0648f1fd80c982f397fb102fa46e7051575fe8a27f2136e1e9a4526017db283,3bd24fe453348c75d37a5a6aae659846c365dd674fd4dd18fad676db6bb2d29e,f2e0f95dc22283bf2817662c871cf8f104e689765a536766271ba48ede93ebb7,62566,138,139,GON+,GON-,6.82,6.83,75_0.jpg,tampered_75_0.jpg,5c0ae66572202a6c276c972e91bf4ef210ef5c1a7c1d7c78a44327cc953a2f10,c16588ca1aad4b9925b02f22ca965197d9f97481095b0b7cf2e4b11ccfe1f443,0aec352a2ce3a3142a757c93398b73d8295cc7a822bec678cb7aa1ec4bdcb576
233,75_1.jpg,75_1.provenance.json,9fa8bcffc4405bd92d52d4bd4b8f1f1883d668a4f914ca7d9d94c729d62b8e67,cdf2e66b7b37633699b59fba821396ac38c282a8a96c839ad579cfb21b61b0d6,f748a48c163ae0f126075e65c8c8e84dc948195e61cb184b0e7e4c3517c059e3,57642,118,119,GON+,GON-,7.43,7.44,75_1.jpg,tampered_75_1.jpg,7b150cdba902ded6099e39929601de22a16d55fae55ab1a1880fc5433bd90458,27902d005749e00ff3c398543f422d25b992c608e342434a1e2c0ca6bc15d90c,67dbfa4b7cdb4c2f13c074980b39194f4e7090c32e78ddb9680bc433f6346084
234,75_2.jpg,75_2.provenance.json,189dfa278a31fecc7a9c8b257cbd40f63a6681af6e1fde90b7f0ae2558df7a63,5b3399df8d2b5e56c3a86b0f98e97f9e0411512b657c77ffc19533573363784b,438a70478b4ee70024d24c1f3320ca78fecd181efd3c466af04a81ba3983f8e0,65032,197,196,GON+,GON-,6.85,6.86,75_2.jpg,tampered_75_2.jpg,868607d8d47c0d1efc6371735f9fb2c193d57396ed8b5cc56c4c0f6061c08900,dde4b374dee668dc3173a8d51155e042489bf47e2ff28113c1793e8df32d28a3,702c4d0330f4a52368de104d55fad1c2f08d7561257e62412045ef9aa4d2c9f9
235,76_0.jpg,76_0.provenance.json,38edc6713df605725df8cc035f44cd95c67a51b9ce04265e29d8980d38478bfe,99264d3f68cdf4542a5633b01643b5e22ef4951bbbe1e5d867b1405cab0ff57e,3f6d4a19180ef83beb7302c2c45f5bf8547eca68df93f0b7afcead2aa5d598fb,59195,132,133,GON+,GON-,6.33,6.34,76_0.jpg,tampered_76_0.jpg,fde45d8df492ee02c6f05e7d1e3735063e02d89d2d748361d1e8d8e9a3c83047,9e6d5f5d22e461accdee8fbad1557dd88c2b21aeda88cf1f8cf7a6467a28faea,509dcfb1f1495f22502af5f36ef27b6ff0f97d6a80d61c867e927f39fbada48f
236,76_1.jpg,76_1.provenance.json,3bcf32c08b98b2e2508ffc790681e6f8ca0d6790c615c6da57ba212c06e64093,cb4c0592bb54597cc6a27d5984232ba376bf5a2f75f4e2f4855510491518523d,0cad118c81b0f9186988af0f002d890fe0fade3179afff96e72699abbfff5a18,61089,214,215,GON+,GON-,7.18,7.19,76_1.jpg,tampered_76_1.jpg,519fceb032d6691ec9ad6ad2613166ebc212be414f5f56762bbc4aaf042f13cb,0e863a94a9b6045d6994b6a793df2cf4bd02db21c7bbbae5b86de79521173023,1208e45c011ef2d1e4801af8a6ff8fc70e16912d76c2406d93c3f243c49f330b
237,77_0.jpg,77_0.provenance.json,2e71c00a4c91386408867018b7128b094e490e165024fcd2e1b35c36bf676b78,1110726d59d1dc303296f07555161b4db63dd2d70bc5b432eabc754491ed1f5f,7bd7dabfeb75eed0969308cbaaaf8b4ca05e7ff41b6c64db923731cf0823fe76,67244,99,98,GON+,GON-,7.30,7.31,77_0.jpg,tampered_77_0.jpg,57dc1c9cbe6c493a069e77a00ea3c69621d210f3c44c47ebf92198e6c16a2af4,f6eaf23fe4456ecabdf66337314be9998ff47bdb279fc5a0945c51e9cad0e0f7,f428242c83e511b1a12505c891eb26763444acd6de770a01d5d2aac84742762c
238,77_1.jpg,77_1.provenance.json,8dcbf336e8488b848c8d1651bff5611300cb167e86ef281a710b36a834f86b64,7909a5c01424da293018416fec6960c42831d524f33734790b7bd6c58212003e,0ef1f0aae2019f27435aa69b71384e343f43fa4fcf938b3c786afba0e108b50d,68627,72,73,GON+,GON-,6.55,6.56,77_1.jpg,tampered_77_1.jpg,7b1754af1967978c1c6ee17a97c4784e097c02f4edeaa2de1313c204fde6f4e7,df7da19ef908659944d1e3de2a9abc566bcfb25ff12bb19fbd944352e3e8d3fa,89a42bacaecb2ee50354dd08e7d355cb8cea211fbdf9bf0bead7fa352618ec42
239,77_2.jpg,77_2.provenance.json,d331304ee65aed391901dbb3fa4f0863e0540c216e66202152b2eb23399b27af,e8339b7365a6e3fb9c9f47c6e4b2dbe88057faacc1cec3e3956f91f8088daf5a,6a676a44908ec2fac5fb94d90d21e99f93a47a0068055fb0946ce9185de0d005,68181,155,154,GON+,GON-,6.90,6.91,77_2.jpg,tampered_77_2.jpg,265bcb2f3eb136327e6b9be2fda516ef5e2952859e82e2dd07623db43e513674,fe5312343f0428b3e86aac89ffaf399c086aeaefad2c837c291200ff139cd9a2,3ae2e4d8f47a1a666bcb6e0147e5e7e462e503f0e434dbf37b604e28dd94597d
240,77_3.jpg,77_3.provenance.json,4753d4206bb2b3f02ffdee2be38c4bcb1465e02d745a85d69f16d9444774ef9a,a53dcd47f7af67fb44feddeeb5879d2a08ee4529ad349f5ece12d010bf0eded3,97110a6eeb0cc3c1baf0a4fe0a2146ed1dff3df936c3831e577b1c1734bb764b,68751,70,71,GON+,GON-,6.61,6.62,77_3.jpg,tampered_77_3.jpg,d111e8f3e7fbade5555408b0f61f0bfc3e39ca740135cc1aab298541035df651,0c712ad74be3bf1cf77d1ac205bf516287f35bd7a29621202d56a766de28bddc,e9be35f793a1be616fd4b64b8326639a3641c351eb0c1ef2ef511cb3dde0ef50
241,78_0.jpg,78_0.provenance.json,81edf690e0ca7f42df1efb0c9758418fbab2b26a7e3405e79cef85c9dc98e5f1,18b51038b31d2fc52f033dc803b57b98860fe5e4a268bd7cc4f8ec6a6d1b4999,99ddbd9ae7a4458c179f25eb6497a3cf24192936f393bbda198914e068709b4b,64030,56,57,GON+,GON-,5.53,5.54,78_0.jpg,tampered_78_0.jpg,b0559938b44d256651c4f61e7cfb740377ebf5e4fe1d2a31761d9066274dade8,1cfa227c4fcd8eabc2ad7c4e26d2dd1904921d2d4f91628a7637a54cf0abc740,bb1bd43e88fe7eb46f8afdc8175e66a44c3e403be397de7b959d35277ce804c1
242,78_1.jpg,78_1.provenance.json,3898494187eefa32fa3d307c594a0a9f25c0728e911a71fabaf7ff3edc6ad6b6,ef6d480905a0741956ed1f0e34469aff59f6a864a5009ad1bf0fba4ff6a26f8d,cce271345b315411b3bfddd7ccccd7f5eee167020e2b465306e85b32f28eade0,62998,230,231,GON+,GON-,5.67,5.68,78_1.jpg,tampered_78_1.jpg,c13f0d29a361c603393654510f50c6899f5ffdf3d5a19be125200a52a07447f7,7396b63527b39c5817117a362e008144346d8806de1e2e8c09607d14e2618085,73e8e260bbfb5278d65e0afbb8f56e03fa6c8d860ebbba390e446d58f35f5c5b
243,79_0.jpg,79_0.provenance.json,85b9766c24a5a3f0fdc9d832367d707e1179f87db12ca36948b72b508a5e19f5,feb4421baa344a3e59a771c3cbadb479a95e72ac2bbda7f164ec8360072f6413,c6e3c49cff9403c034b84095e16cec5856fda5ab84c18a343231d6f5d7725aa1,66904,167,166,GON+,GON-,5.58,5.59,79_0.jpg,tampered_79_0.jpg,bb6b8cb21ac11fdd11dbe6c212a9f1f4d9ae957773bec04ab408333f721e70e6,ee38ffcbc45ddd6162169b3302b463a9728df2b55afe43a91fb56178b8817472,60e5f1a26f572b33939572afdf8855ff0ceae85c953113580a98502cb209eeb4
244,79_1.jpg,79_1.provenance.json,5d089ccd68f7a735cfa0e27d52a30392c036f14630582d8165f09497226a4515,2775c0d5d29d12e41cb6a6ab6198716562d3c688bf6cd72f2a91bb3e6c2de24b,d48a9dda958028ac6c22ca3f31068e37b57ba0d5ad101f3253fb00c8de70bc02,62491,40,41,GON+,GON-,5.82,5.83,79_1.jpg,tampered_79_1.jpg,e167f536eb358ff9dd938ee07321b393360be0ae8f59bb5402555adb35141c30,fb3747dbcccd5f9227447197869b0fe5cdb3919f706a1a28b3810c581c14d24c,c1b9d8190c4b77f9d6e55c3d22130bac7a6471a17cb0ebcc5bd050d26bd38e5a
245,80_0.jpg,80_0.provenance.json,e713fd2107922ef31cbe5951df2a52bbbfdd1419f50be24f3759465f5adb883f,7f9f1abb066123eebcb77b057014a9ce7fcd5e885231151004d6e505276880b3,b381e7f7220d6b60b142b939df78038403fdd6b3bc58a3383e964a172c224798,59166,147,146,GON+,GON-,4.38,4.39,80_0.jpg,tampered_80_0.jpg,0c9db28aa2cf232e9cd419fd94e97759310383259e84cb499e7a01d030a02627,30e0b0ffcd5dd0659c2788f50c5780497edc1d1bfcadab72fc1e69fcf95e601c,763478601961f60994d6221dd25ada85956ebcefc19bec045ce77fcdbdd5bfb4
246,80_1.jpg,80_1.provenance.json,1840c0d6983a595fe8a469594994e8d265752c25d9c67470b65e9650224402ec,ba76cd8c601a22c9b0de3b88532fd2841823c037803a4c054a4f7e50906c03a4,d3d6baa70b8ff7976aebbe2375cf9d5edd901e7187dd58517493baa75ce5bca5,57886,76,77,GON+,GON-,6.33,6.34,80_1.jpg,tampered_80_1.jpg,1c83b6748f06137e2854e3409d1b33ca3bba61e2bf2a478d9329f67f6e4d9702,85e4baaef485950ea923a0a4b6494402fc04f025e2ad2a5ce1115abf44f68fd4,943a36aeb369cd1cdc6de2fa204c61be87df5a2c0b176b5dcc19492ba2abf29c
247,80_2.jpg,80_2.provenance.json,09705aaec3d2a691df19bb59ef8756544c0feea851d617f20c95e8b149e7108e,a17cfa4a89f6c44d7b22d91084a266cef15f4e8a8bad1e156ed4321e2be4b117,c266bfbc077fb14a57c8f8fda6b8214f5e8982e00035605b9dbe207ac8585d93,57445,169,168,GON+,GON-,6.55,6.56,80_2.jpg,tampered_80_2.jpg,3934774d0b156ab36b00d638212982787eb8430128c5306f2bf67e245b2c0905,36eb377ad5c9886a1019f12684db109c2a1fd6ded306f78427a0a521f22b9888,5573ed05d38792a2ed6e0b1d9d8a48578ff1cd26edf983f8cee51b460ccac819
248,81_0.jpg,81_0.provenance.json,f5ef629727d299c0e77bb16a02f0e70275c0eab615c961ab5815c3fddfbb2ec1,27db6cc0651c28efe720ed242b8d74a9e3bdabb578d708d66cf9b9a88c653dad,89d7c93bc6443e38d78b3734ee43d32a667b05d9f76b117c02f49ab98d0ec1f3,55596,140,141,GON+,GON-,5.35,5.36,81_0.jpg,tampered_81_0.jpg,aad6cefea9fc7c84531a8a0a3e176c88f6a9eae5dbab89b00e95e4b15da31bd6,54334224107b2598e17423509042ff7bffba9972136963223779e2b274f17b03,99aa1084fbfc6c42289c4c2fb3b17b9c49ab7808ad3f67b0a06becd0fe2c4339
249,81_1.jpg,81_1.provenance.json,4f92d506fa6cdabec4d35bf4a82ed26feea394a2e38d834c1e26b4e0f59baff5,0d5692ed6740ae09854ec55f90df0a7afae0f89b0bcca15279a3c635f6f9f2e2,fb940bc77a5e7d81790d3ec904cae58ac0b7cb079c1bb4bfebab6f66c76dbe97,57955,179,178,GON+,GON-,6.74,6.75,81_1.jpg,tampered_81_1.jpg,bd84dd98ac5bcf93c2efbb4d652d8d1c847c22b68b815cd84ebc3feb080c974b,325102927177ddcb0da9fabf3139859bda2ef9f5342899ab64b1294313e4d2e7,2ab2ec0c34e532a2bec2923097a1b41ca5223d7d01435ac9d1cf1431d5053a1a
250,81_2.jpg,81_2.provenance.json,956b367f2a2d18122578628238f0d2ee87deef1227d9ffa566781a7612d40494,319e35b9344ad22c7e639c180c74b58c1270f3749fbb2ba51d9df941c2b729eb,383cb3b222cc45480f23d2de677e7837418d344d62839265c40dc25ca8f0072a,85029,122,123,GON+,GON-,7.36,7.37,81_2.jpg,tampered_81_2.jpg,54ae9ccc7526b1acbeb37962e7bcce3a31b681fffd6c46c74d3d4b99cc1c38ca,dc4ff39d7a850331d4e44c3d60e174803381101633235df577e51185fac0e484,b7a08db159fd2c977014e305a473bb5bf2ec962fffc4baa0fbecbd4bf5c63f7a
251,82_0.jpg,82_0.provenance.json,70205061cbc5f6516d10548184429633a1cde19882ae83b5c264e4e1abb283ab,d3cf82f78d9170c14588f8fb6d3885dc56e2044a7970b5ff106a577be9709400,f0e602750faf02d5082ccabe0730e095f1904f78bc807b4b03a43cd4f7cbded6,65398,146,147,GON+,GON-,6.83,6.84,82_0.jpg,tampered_82_0.jpg,380db4d3265f94e760fc9ba0b1323cc7d40f3546b75a5cf0a6f1decba5ac9ee9,51d462d0dd49f701ac4fb06b021c403eb0601882b6a1cf6c00492f02145854ec,db4469b4eab9a0a784852b7ad8e2e070eb6a237c40c7b6865217227a11ef5a00
252,82_1.jpg,82_1.provenance.json,652d88bcad6f1f842c2e6f53abf076130e0da32b6fd9526010b4bf6ebe08795e,938c9224e8ee5e0f4beffdf5210165ac468347871848fb714562d0ce33cd764e,4d05a44bf32fc2cf3659ab3df164e97e3269787a70a036c13cf0e94e15097443,58629,24,25,GON+,GON-,4.38,4.39,82_1.jpg,tampered_82_1.jpg,7d5979e65599a78d43ff79ee998e1ee37002f2046b1cbc715a412aad25f2300f,5b024aa28777dc471072ce0a07223e478daebd17f812e188389b868ce68b0982,abbc0a1f0f21ad70a5374557c47896ae071357fbab3f0f13bef54796b0ce8e28
253,83_0.jpg,83_0.provenance.json,ea6c0b8122e5b658fb59e9d196f787cf82f22541b2ae1549471ab4ef5164f875,6d81e97b7018775bb8bf0a40f1ea4afa2aebd51926b8c1cc5644dbcd3d897383,4b6668031deb87f34646f80e92b17e018d5b6ae8cb3f995aa7623a5fb839bb12,62965,46,47,GON+,GON-,6.56,6.57,83_0.jpg,tampered_83_0.jpg,d69ec064bff15363247027850ecf1f072caa70d0e9d02931366d6bde0cfffa7d,262230f02a229aec82a261ede431d764c48f531dfabad4d9f2e465e3e65db5f8,e6b3f0fcd67da9263bdd83a358e87ee19c446589d82dd7b0eb0d7ced4ba9d11d
254,83_1.jpg,83_1.provenance.json,9eae21ede3a24200e87bb6a3c23e590ce22546a55ae0223ba809f3eabbf7bb4a,994b433afc91441bd78234fc4a7b8d01eee3ff05e00793e08989178f31a5e5d0,c7284bc92f57bc3fad7af810518b89a2b13d4d31f0a242ffe396ad8068b686dd,68954,133,132,GON+,GON-,4.15,4.16,83_1.jpg,tampered_83_1.jpg,55343b17d3528e60d8955ca61099e91efb66e838f3168a7a2ecc1e895ce16470,2fc81b52bce3e3a47d0b25d49a983ee25126c9bdc4eaac4908ccb11127937637,36c7fa25d8aa0af753415d32b7e0b7d3efe711c87df7cccc118a47f9e6007c2e
255,84_0.jpg,84_0.provenance.json,4ca68c0375cc0af27c15ec4c40ec0147ede4162097ca8c09dcdf6f1995826c64,82d322152532c48566ebc7eb8b08eac1861e76c2343014d6e7aa017c559bdcf3,9784615b393e580d527c4ed9b0a95d9d80584eadad6fbc6a61f092f8328cf6bc,60007,38,39,GON+,GON-,4.27,4.28,84_0.jpg,tampered_84_0.jpg,6d9974fda30e09b089bbdc6e5dfff935a730628cea694ed3893259aedfecf050,1e6895eb986ad0e25bf5b217d364326fd6b89652cacb7e67571ca4c699a45fe5,1fbce079586d755cd6ff53596a308207b1352ffc356586c873a7eae08d402d49
256,84_1.jpg,84_1.provenance.json,adb3392eb2422623e5d417a5cffc7fccf3d5ca86d9aab58ac061fa8b5fff9235,c7e60c2884edc616c28c7c5e7f667fea2528e837e3f7afd8cbc89161c7bf5b16,39f7c4fa91fd1f5e01ac0cee2eef2b265408ac42f1787cfaddfe449ad6335344,66540,1,0,GON+,GON-,5.88,5.89,84_1.jpg,tampered_84_1.jpg,f9a5fa92a473b5849a882c6c12729826b1a6f9862741c8cdaf8df73403a2aadc,e22e024ec553c450228605d4fc1895e3e86081f3ccce77f5a0f17274f5c25d61,ea6098b5552a22de5654d653958a9e66f5d824ca641dc052b7cbd54e10ac273e
257,85_0.jpg,85_0.provenance.json,10d93627472e045c207560ea486729a1d41773e8b2f3f7f13172cf0b95645371,d8402ec810b1c60c5640680d21d90265bac4c5c6b84e0b06483750aa45dddd43,a3b01ebeaf0d3dad0f18bbe236affe6a6694cd6a23ad3e4087d30f12fd9ea9a6,67234,38,39,GON+,GON-,6.13,6.14,85_0.jpg,tampered_85_0.jpg,4c89334a7004990823ce0a3e8b0fe8e2994386402c9041a47e8302bf1fb01585,df32376b772b0ce90062c2b7643aef2b8fbf0c95700ff69153d40a84816db1e7,3ce1de752ebe5ef046f7edfbc10954374598378139e87b6db4370b8659315e1b
258,86_0.jpg,86_0.provenance.json,82d457662336d8c5be9e187c19ca1fe70824f24d2a94c16b15e8f5b95c821cc4,ecd59a719dd8c4608d4b2cc3b276d9d42dd9bda4b951abae908153d1911d480a,068b1dba5d1fac2a67c9d8a4d21c6d7e6672c01812afc393bb9d71050b1d0c89,57743,2,3,GON+,GON-,6.92,6.93,86_0.jpg,tampered_86_0.jpg,cf4f22e19ee8e98e4755d71c76d3cbabb7793e4c6a2693f5e96fe403820e715d,9fd6bbe5f57760787af31adc72d3098bd57aad9b8f5061eff868d533cfb07a9c,79a0b80cd134a84fde12355536ecf1bd412bb20c98c796f687c2089a8a318e68
259,86_1.jpg,86_1.provenance.json,6792ee8ba34e196eed968ac8afc166c11a4f8813e2e02f0aa58dbe4b1ceaf79a,ecd59a719dd8c4608d4b2cc3b276d9d42dd9bda4b951abae908153d1911d480a,068b1dba5d1fac2a67c9d8a4d21c6d7e6672c01812afc393bb9d71050b1d0c89,57743,2,3,GON+,GON-,6.92,6.93,86_1.jpg,tampered_86_1.jpg,37b7740539a27eb7e8609add0f1d43a47abf74c73f85ab31e615d629dc23af4a,2284f5e73f55ae5e3b66430203718a4c49b31afec9a627b49606b15c12cc4849,068fd78bb0400e16145ced5336b5978389adbc5cea0bb77638c3f39facad4627
260,87_0.jpg,87_0.provenance.json,755f85fe87569079281431c78da95c2a2c890c318f72e1fada08cd49f62e88b9,22582d9a81b1633284f70f271630a7e0ae76a405d513f33c7ab202fb70e63812,81256add1c4a51f8b125febbaec517df89b7fadab4912905d3a2e0cf9a40376b,59821,155,154,GON+,GON-,6.45,6.46,87_0.jpg,tampered_87_0.jpg,44683cc7f5e4fe2b1ff8650452ff20a7c0535fd83b3ae538fb8d566921406924,9eea9e963ad542dc3e6f3b0ef4a058b25c001e37053013b0efa5bbf3fd73e138,8e9ddb758d4e5ffc497bce579579f99ab1ae76f9f059422bc0bf595b9dae414a
261,87_1.jpg,87_1.provenance.json,9843f32ebc750887b24e474a7179725c0d95bb8e51623f50a0f392cf57ea5268,459affc8823e4ecef9e6d3a007dffd403d4913d82b68503c456e179c5dd9351a,2414af642a997b19b9b406abddf919acc30b17ba47f671baf841ccc22363b487,64618,72,73,GON+,GON-,5.85,5.86,87_1.jpg,tampered_87_1.jpg,d16cf6fce02ac1899ce1a9bfd6123546d39e9883b80478a78d74e180d5681b01,b4046a9f02b4c78dcff0efe2612c90d5794948923b84401d450177d3441e9311,9ee2ed7f63432c32dbbfa759743a791d3c390ef0a38abe0e000a64d093416964
262,87_2.jpg,87_2.provenance.json,28f7467975ae1e8804710673f687c114d517bdc3120152867ac8dd8b1a268545,0c2e161f8507534bff2f7291afdded273bcb11e0c03f086471fb40762d4879f9,529511034b53202fcf1067a76b15f8750fdf2aaa7f0ed4b0d6b9a14e7978681b,71608,154,155,GON+,GON-,7.39,7.40,87_2.jpg,tampered_87_2.jpg,cb2e6eb2b4acf7b0d43f31930f366a32e67e2a7141a33cf76742dbc58a5b0bca,4dcad08a9081fd3dab708cb6f432104abfd70da8316c47239844c38438df9f46,f7d600324faeb313fc90690893d288bab0f560abe75bd93bf3c5ecaf3186ead3
263,87_3.jpg,87_3.provenance.json,fd1339c37c682276bff8ab4332f89ac3e6350c62fef8afac77c744893fd4f4c4,dbc0f9f11e6f2ea105641b1a8279d5b470715e1bbf6f7e52c41ea46d0004579e,7bbbe0d212a3f7ed4961c0d02f39f8b3e5fc905b0e8009a29cd1b527e370f63a,63207,122,123,GON+,GON-,6.36,6.37,87_3.jpg,tampered_87_3.jpg,0a1cd82d6420a31c307264944acbda454ea4e72a95feb2dd6643aae8bc6242fb,9a8b65edb040cdd1df6d68e168ba87709efe246e6d87bb5ca9733512dff9bc82,05740e4442204db86954fbae04f57a86d80287822bc33987a69f788d6523aff1
264,87_4.jpg,87_4.provenance.json,45f14f1aa573aa2ee98048984f7231282da91a9d9c68c4e22ae1550c12382766,58f24b7edd2ddc311ee8a23b17d061903c007fef57c054a1b97bc48d45c9b07a,a83df956379a9a4f4f72599271da8c6863bd97bd358ddcc9b9a164f9d4915b6f,66757,52,53,GON+,GON-,6.73,6.74,87_4.jpg,tampered_87_4.jpg,9d98a4f94847b7236d63cb95612c8020ca4ed104439fce75acab5c208cbb68d0,8ff7e0fd6137e81a1a71445a7c024224cbab87e288d1ef7b9786253908c9eda2,86022c0c02a7a5b96612f9439dbe9475cdd66488d6840b09624d9c17577271eb
265,87_5.jpg,87_5.provenance.json,57773d7a35b4506db02aae6b5d0148788ee8ca095072d54892980831f9d26825,afaaf5aba681706602dfac2085ddf8e7ab0600ae10566fbeddd88e3c1622eb00,d1727f132eb6bbfb70eaed82cb0de4ce2414a027cddd4648a22ad942da4856ae,61434,163,162,GON+,GON-,6.95,6.96,87_5.jpg,tampered_87_5.jpg,4aa9ac5d9c28e791b36a3b6101153b82d9c2d805a7a4c8053ebd0ede68b4d3af,e939a3c450419f4c5439d2436102c750893786a89b7a0d4e9b9496f277312805,34a336c4a334e39c0dcafeb9fac36be1f066b546003bdd4902b7c10f7425ccb2
266,87_6.jpg,87_6.provenance.json,98d98547eaafdca3cc73a18e7663ff31c214f2cdeb817db7e1c7ec547d032d2c,e39b2debe725f6097589221f61281dd2ebd048cc14961b11d4e0dd824a66da58,83bdc2121c154da561a562abc9d87fa7cd192011fc6adbf17fd02605bbbf87d7,63629,170,171,GON+,GON-,5.88,5.89,87_6.jpg,tampered_87_6.jpg,c03167855e8be9277753a2f017e5989e7885c0093ae02440963a395f5f406640,79e5e4e2eb8e12b677a19ba2672ff004e9eca1db03dda6ec7021e8c66eb10e23,f10c5388e901687b4f0df6d937fced2314121f2dbd4ca2bebb7da22172feb88b
267,88_0.jpg,88_0.provenance.json,9d781cc9ccc7f97169d0a2a1df299dafdbd28e4a07732de6857d97cca589937a,301048de904e485ccde2d098ae0666d1c01cae8acd719f3bd7a03b783b3e544c,b4c12a97e7015538c969ad1acbf7b1326178fc9bd7c64f67abdc04f80208c217,56405,139,138,GON+,GON-,5.52,5.53,88_0.jpg,tampered_88_0.jpg,0a24d692bc7c1fa430ee261d2db71a57aa77d3396d5e3a90c0424ef3e1c1becf,1350f93f8931083cf0824d86cbde8b8cf2fa6926fc1b777b73d6441be5b0c0f4,7040b764683aeb253cb256af064961f01f7ea2c27a4b8ce343083f848e087ada
268,89_0.jpg,89_0.provenance.json,87e16c55f4fd074d90722c1bf54dd1bef6c45042452df3450201ff651fa49ba6,c60ee3f2fe17b04aefef9a6926e5190ae4d43ddba89d4080a207f3dad0d1032f,78a51478bae321e9c008841cc72424cce95cef3600669d5f4bed3a0012874877,57393,1,0,GON+,GON-,4.52,4.53,89_0.jpg,tampered_89_0.jpg,c0e4dcc29876b608bffc486ca1afc70050b3902fa15fbf0f6e355ac9ffdb1109,e707cfd83cd194a7d704482feac929d2edf3d02dfb4a13cfbe0fae495c4ba25d,e4cba1bfd3674fe656355d553518a1e2f2d5b3c5449873c10647048f374bc8c6
269,90_0.jpg,90_0.provenance.json,43f4987cb01bc1228b1e2911a60e481bf9138808bedd7f57807e0133cdcec5e9,b2d443bc61e284ca6732e189e3a82c82be30058cbf74cbeea7f797a641891724,778073a033015de1b0555c76e79d4a0d6e5cd88c0203d14cfa37bbe28c65e117,59463,230,231,GON+,GON-,4.15,4.16,90_0.jpg,tampered_90_0.jpg,4ad144925f2a9caa48769ebc7703b394b78a2652cdfb6ae5562f648da3164bb9,b20667f1f442b1984398dbce1a48550ded44cae0872976b1a93f91ed3032e9f4,c8a21ea6cf872946ad1308a302b8b8ea2caaa395a905920cdcd4a0f6750ad158
270,91_0.jpg,91_0.provenance.json,a3b2591e49aee5bba3c1a2ff741672896406db3baa20a5045b171d812e447286,030d27c07977ab2ad2f459325fd8e5dbedb19857072bdd1d31bb42be2e19c344,4a2c31e1eca4a5234dcb558ae831e996ed2375a34e44ee6ec00251ebfd7be141,64266,181,180,GON+,GON-,5.46,5.47,91_0.jpg,tampered_91_0.jpg,6386303467b021324b01024ea30bca7d0cecd845403d6c774723ab793d9b7299,5bb6611c21a053581bd9172a913b4eea46ce5cb8b766d8f0970296b5fa6ff12b,2d0194a2dfcb7c8228645559f144594a82727c68d97a9003b7a6c9bf28f1364c
271,91_1.jpg,91_1.provenance.json,00ec4a13781fbb7cc902e0290968ba4e047c954aeb55706c5837d0ab6718642b,aee21f59a7386656f86eb41b554d25397133ec7fb5670461cde8f3b209beb958,d693ef246a498e762e3f6fda38fc611ef3320ca3f76ddb3906a11f3e228fa2ec,60163,77,76,GON+,GON-,6.24,6.25,91_1.jpg,tampered_91_1.jpg,1bde5dc856ae7e6fd4853d57c5353fa96a8ac1f2744a1c381a4b09c00dd17b09,7102e08558b2a6df2ea1e39905ed7c5318c58b0839645375b1dd4377518580d0,acfc440c70a6ff795e29191bf44b0f38a35aa6ae9bc16bbe88da46b809ea0966
272,91_2.jpg,91_2.provenance.json,1d7e942262123e3952627b0422d5210753e6f89b7fb8e33e4701ff7538115f06,f0b8840af94fc2906ffb54f3e6ff44e1e5deb2d5c75c4d20ee10805c876669b4,b24d1c0dfd6a6922a335e4a1615fdc5b44b3af7c6e59aa2052c58783448fed1b,63511,52,53,GON+,GON-,6.47,6.48,91_2.jpg,tampered_91_2.jpg,50740c59c362e6ba465a7b34ff2503974f43851a090294f4a464bec09eb580f3,643b4cc4ea77324adc375c7b048ed32c3bb1f1e5c9e33676ff21169df5c22a99,ed1b1fcfb9fede2afa88625919e7d43ec01a6e82faa09e36c23a03f159e3ba6a
273,91_3.jpg,91_3.provenance.json,6396ac51c01319bd98710683bc662d4aae433d33958bc9fd69c113046a596570,d87479c65f5545313b72338e743041a72e562a2e9ed32eb59f2f00888e188c98,ecaf2656e2cce6e6a8145557ae4516be22e32cb3342f836909b0ae2568d39598,64687,10,11,GON+,GON-,6.56,6.57,91_3.jpg,tampered_91_3.jpg,5877c71c964ec7dbe38a306d5cd4497007365ea3b03386881b65f8ac92513d45,0144c92b14191b643cde85e0aaf48f42c8d708a59c94ef964b3f12e2a6ee37ae,8ed9ddda0ec89d2db6cb7cb3ed42a41a810a2836897baed39a388eb5f20ad810
274,91_4.jpg,91_4.provenance.json,a6954bf2ddb064b6ea4f7314c3487b08a2f20e0be91adf52b7d13bd3d490ac74,a7d5887fdc8db7732856ef48580cb49d8f6d1d9278e67035ef9501826c114395,1db4263b171276d2f8acaaae8d35eff71292518c1abb394014e91421992fb998,70152,36,37,GON+,GON-,6.92,6.93,91_4.jpg,tampered_91_4.jpg,239363666949d9ede21c079e9d9dec51b4d08b85cf3d0ae7744ab812eaa85f5b,66dbd43cd7155783737abd34a78516cfcb5965c8f85c87db24d02b743e0caac9,7d82a28a818dc3fe6875f72977f1fcf7a20bbd7e7ab8fa159ab7449c157e2e4b
275,91_5.jpg,91_5.provenance.json,2c663c7412da2afe91bf724a103badc24e9e9ad882aa6995887f85856018699a,752a627897722d8e752b867c16c4b026230c14b597f345b5c62c579ef00c6f0e,8e2403f7c472331f7ec02d56b8eabe0e5453e3aa02f600537d2b4645c91cea41,73323,3,2,GON+,GON-,6.84,6.85,91_5.jpg,tampered_91_5.jpg,1d625e73c665cac885b4f7d09cb4cdef96413ebf12f8c1e7b11ade4bc7b710ad,c20a7bb62ea2d838246ad8cbc03e1707df9e068aa82174be538b8c3db3633f25,9b48e81a7ee15fffb6730bc4b047a93927dcfed0a690b0bd1ac8b16e7b4ed389
276,91_6.jpg,91_6.provenance.json,5e431274811b18038131a66eecbbb94c196c6c0793873f8e4d10a0ea08bc9035,57db335529ee1fc5d24e907040549cd792359e2619485907af038888d5e103d6,25e644414bfe1b19d895b672e051cde10cd47b5575257b1005e0a191f6e85344,54191,162,163,GON+,GON-,5.90,5.91,91_6.jpg,tampered_91_6.jpg,4734d9c018bf75474b6432b9b596c4463e47122f1db234d6bbeb122bd63043f7,afc7b98b6ef83ea2d8044263ca3963661579e6f840710a94243aab7676eafb66,53b0126081f9c4a571ccb676b268c287829b04ef3f88ab58117c732890b5949e
277,91_7.jpg,91_7.provenance.json,41caaef92631229cecabeb0d6d6dd03a3149950407c7178dff2fddadc251fa55,07b0e2cd268c40db1e98ce95ec9bad2a42a37e40bde56d6f45113c9b776b484a,e186ddf59747e470ef8654a79b9fa10f66ba20209d754c68e2b9a454c0056fca,61672,128,129,GON+,GON-,6.19,6.20,91_7.jpg,tampered_91_7.jpg,428d72ea510d911c296932f8c07d01ddfd57e4de8491b95af2500cf05d02fac3,6aa68139949149f694764ad5c64d0c833b9c0b056aff5cf1b2802b696fa1972f,bba82d8281b9dcb0df82d225cbf6a8f1c8e3e6d66a39f73ba07c6667445d2b2b
278,92_0.jpg,92_0.provenance.json,df89383aeaeba862bbeab2ea4974dafa8cc6aa9b09b0c32b6ec95d87b5c11130,b92aeff58858d05a7d4b0353e497a59bf5a6a8b0d74982590e60522283f1bfef,7f8a2dda7aec326547afa670ef9361b15a6772315a55d62e9f0d35865ead94bd,57317,165,164,GON+,GON-,6.76,6.77,92_0.jpg,tampered_92_0.jpg,dc8dd23c02c178f87c88cdc57e28ed47188b00921b5516d0c2a63d55031199f8,491f117a37cfa01a045fc6d3133b8b902a29dcd9c7daa1173f753e8fa5340d99,6980d58aa4a333806c8b65d6e1050f25923448a885b28a286b298cdce4cd278a
279,92_1.jpg,92_1.provenance.json,4e3ab128fa9ce590476fa5304f16f6bad62606143976f1282e4c4d9a060d6ce8,6b3a6fcde3c93449ed4a898555360e6cef5edf9fd6e7d44513d8d9f96775c148,66da9275d4254df10090633b4e19d14373d6606f56a3ee1cc409799948130608,66434,208,209,GON+,GON-,5.26,5.27,92_1.jpg,tampered_92_1.jpg,3857b8fe2bbbd3f623e1fdf19c6483c64a3cb31fdb9c20c6eb677e4824570982,80b451e1d6341884bad83c2c7e657f4ffaa05534f3e7b87f5cb5ed1e2451186a,ddb633377bbdd729c52b7637ddea6ce535d7a6a6a0933e6af08ca6a4133bed87
280,93_0.jpg,93_0.provenance.json,35cc1c09c25302adf30ac272065ec6ee32ec5a4a316ddef39409fbe00a41eb64,4a860d3cfff6708f598307f38f8411131d7d74a2911f4dddc4eb4554a6394cb1,a8f2535fcd82064e0e1dee4950285096cb19f5ce83701fc7473fd78a0b7cd4e7,61156,136,137,GON+,GON-,6.21,6.22,93_0.jpg,tampered_93_0.jpg,4187eb1e866a3335f19aca48220d35d3a6ed7bbad33bc92096f6700733bb845f,94940b00185ee7c5ee4faba7ddf34a69b541396547ba3f990a94f928d3fdd6cd,2443332eb07493499272ba2bffc4355155b9e6928639960fb64fc3b3ea9f163f
281,93_1.jpg,93_1.provenance.json,456f7e5924209d079714f09872b6973147329331c235a6300d9d2556648975a3,a2987f4c53d907688eb5ef095418da3b791cf86fbe049dcbe0170258f059a7fe,1cbc82f4a5a6dcd865d958543e4657b13319a4d3bd38a4b0434e31d194add009,65209,20,21,GON+,GON-,7.03,7.04,93_1.jpg,tampered_93_1.jpg,ac68ac55e78950e1317e7abb9fa20b6e69da5b98a86792df030865db30287883,8cdd2081a9079b8454dba701db287f6c1a6f98e304b0ee5af6399eaa43be8f37,baac01663aafac9cba33894b4fd0e94f8961156a1875703249bebdd918d512ea
282,94_0.jpg,94_0.provenance.json,ee437114fee866f70676e16fa7178bfd2ca7d1cd65a377beebf02b0b741784af,783081bd7c2893f93698e43ac27dfcfbf9580b9ded09a0e8998f3e2947093730,423b98dc842cf3842817474f118ae31caf59f13e184b63180df879a2a110a96e,61699,220,221,GON+,GON-,5.17,5.18,94_0.jpg,tampered_94_0.jpg,f31845f509d7ddeb7cb08f45b8e8c4a10b660483e65e234227c2c28d2512fb5f,690c339a1bbd18256a46eaa390123780c8f6aff9e58819c8b40469ca2f7fa1be,dd961aa90667a26a42e5432c4c0b5a758ab9802a0cf7734733a7a74077f018bf
283,94_1.jpg,94_1.provenance.json,03758591cda53a78005b259ab31dc413fca63877c4b6f047b2b727a51ca263c0,783081bd7c2893f93698e43ac27dfcfbf9580b9ded09a0e8998f3e2947093730,423b98dc842cf3842817474f118ae31caf59f13e184b63180df879a2a110a96e,61699,220,221,GON+,GON-,5.17,5.18,94_1.jpg,tampered_94_1.jpg,157df7920461e5d558c742accf3436bbf60c381f0018aece3d5629d0136c0a83,b6bdc27ce065c407ceaa8fac046c85a5f8e9118dcbfe7b5d3c7c6f9a032d84fb,1904ce5ee2b6e22349f380a8c1bb0ee0a950a9daac8c8f5ad2b9b8f8dd666483
284,94_2.jpg,94_2.provenance.json,a5867f06ac3709fafa6e4763ad52fedbfd0f51bbb5b0629bd7515151d3dd77a9,05b7050a916ff44cbf17a8e205dbb03c2fb31080f9ebd84cf0158d5a2acacbc0,e1c4987e336edd1c05bfc7ba17b0dfe170c0df2d30abe8df05b20d1d121e6be0,63695,26,27,GON+,GON-,6.73,6.74,94_2.jpg,tampered_94_2.jpg,bd27b9e53f7096786ce4e7a9d57be61543998eb16b088226325c6b2d61fe81ce,cedcc5c46ba1e4da36a7e9c235e179bf10e1a83e006833cc692774e5f2499305,a74f0728d06b40260bf334576c2ed9f6faeffc5f89a14a8afdf8c292284dd77a
285,94_3.jpg,94_3.provenance.json,88fc2d3f92df16a3b727d4d9e6a7aaa4fd6428881f107758d48d9479a3c13792,2b6f29fdacc53fcec97524c0fb7b6ae7fde9e6ce7bf4da7355fe5f6376bb7184,0ea7f0296f4f72dd1034c99e50ef9face3e938fd36be948aa1218a59e55ef27a,67281,77,76,GON+,GON-,6.49,6.50,94_3.jpg,tampered_94_3.jpg,efbc921e153c237ae03800eed4eff6ccfaa36ecb82fd032eb813785e34dea097,cbf47637326650ca317d963b4d42bd9d926fc1f25781fb482afb410fa92d3721,1c7caa1908075c208d86002511b9d2b1caa6b2d51831fc19fe41231f35bccc2f
286,95_0.jpg,95_0.provenance.json,61ddded604623f8b7e846b6fdf70b21dbe57ee83ad6c960340efdad7dcfe9295,826f871197e13fbc64e28064006933c4020fbf4edaf9091e0f53478fd8deeb3a,7ec80b6b2b0477da6ec179db7669e1f9b48d9a037f69f356bdb224563e20b233,50671,7,6,GON+,GON-,3.78,3.79,95_0.jpg,tampered_95_0.jpg,12256a401eba1da1e4c08cb0931d9becb1fd81662267a3a6272368c2e4e0f635,d93ff132a14a12d0dc9620b4af3316368b71f663b2c04eb4b7859f194fa14af1,fcc81f4fa0dacbaeae8eb25f359d64b48389c06f8365977ccb3d3630da8d93f1
287,95_1.jpg,95_1.provenance.json,5023b9106980674cbf602d4ace89777bffc6295103052f037fcb90dc990e8883,3e49124fc40049b81109024ea41da5044dbef17db15e3e739275ad122d94721e,6a536a88f88dd07f55f3d07da21bae04fe7b228f55585e78fab820af76887920,55786,81,80,GON+,GON-,7.04,7.05,95_1.jpg,tampered_95_1.jpg,6a49a91f9d2b75ddd60d8715e53754eec3e647ce550fcdc564c5eb59be1db2bc,7520078694752ea20be884e6cd1e657d252842df5a966208e991709ab0254834,4be2d38b920519d4be3e4bc2b387cebf084ecdaacf54a454f47df9c440a7b834
288,96_0.jpg,96_0.provenance.json,7035d5d2e5eb6e24e8b9a06b6746c833a3d76fa093c8f62adcfa21ce271273dc,b8eab6a006219aafde8f266be5c0fb181aca4b482d7b5ad34662835a5702bf95,21dc78727761b9f286f2f0fa592524ca5066a8cf95ec85358b1510248af9ed25,58082,248,249,GON+,GON-,6.48,6.49,96_0.jpg,tampered_96_0.jpg,6fb24d5eb2b0db52323c44ac6862f90f53147554ed6907267cfd1bea5ab6f0a7,45bafb73baa3c2efd52da6a51ac530a000d39dc22880714cf3c772e6bd98a4f6,bda63d75e08bd3d0796b4549ef100dda3ddf5d5a28fb1956a0a5391ac6c92e6d
289,96_1.jpg,96_1.provenance.json,f88d25d87bf871121bf2db4fba4c8af6855bdaa88c7a229b9ef7c8678dfa6ad5,fe8f8678134ee722f1f81416aaa259dcf83971abce9d3dbd22d7210d904f43db,a8b9aefdb5697ad9608b2fc73edcedffa1de2d709f7e0d8ef9474a4222abb36c,72487,40,41,GON+,GON-,6.89,6.90,96_1.jpg,tampered_96_1.jpg,119fe0abee049d24f83a4e5c0be1c652105f5d331e929961c587e103dd3f35fd,e1b4e3e4d21dbab38a06c15984777c0faac17c893793cf21f771f625afafe139,3125f83e54b75fdc7da55604c749b8ee04990af153d931032130e7c16705a12a
290,96_2.jpg,96_2.provenance.json,c5a75bdd06b993764befd8d3263f489a59d549691371d7255ebb520cd4ba5559,01fe60cb0e81fc0dccc1d89eec0c47a5dcbc3131a18e144e65b5d1b4ea958003,51f20c1cdce4e5bf679cf3b1f3577d77af0ab7da8828cab0210a87a312b39077,61296,115,114,GON+,GON-,6.28,6.29,96_2.jpg,tampered_96_2.jpg,a3b58435f080389fffdfe6cb9e2f5975b4274238383d2e5a7d68d2c4cca6c67c,8d471faaf2c8ac30ae4d74b7e941f88e510f0e57207ed83ef5ce30c80677ef12,01a08948ac590cdcf3adf7b0a51e12d48199cbed2a01533360a1915a2974ec86
291,97_0.jpg,97_0.provenance.json,f27f337966678824d51c1e80f4105df75b9c4d9716cae174012dff111e00fab8,4e883b1d2a79cc1370d128ea394f76bd9ef923b86ea42a289d193be2d7f8b189,d24acaa0afc7e6b547055548fdcc7e292ea1121979ddb8b593bee00e0fbd12b3,65736,61,60,GON+,GON-,4.29,4.30,97_0.jpg,tampered_97_0.jpg,f58375edacc3e429c8ce0d61dfa426e83ca40cb1d0342ae0eb4534a5a1720e98,1676235346c829aa1b76d82588edceef32a4c393fe83d7ee2b4f7995bff63a7f,6aba05909a7375ae9dde0c1d6db970ec9e783432b69764fb68f83337ca5de23f
292,98_0.jpg,98_0.provenance.json,91ad2c326c6f5aeab5405f6118890d8898eb2e45df85b1b9c00bbb8af7e16410,b9ff43e95d079d53db0710d8778fc31b80ec4de1f42975d0166845307347c2ac,226503c580796039c2b90662f7abae65978a233ee1a495748e60602525ed854f,53124,49,48,GON+,GON-,5.43,5.44,98_0.jpg,tampered_98_0.jpg,4c34c93bf2e131fcbb851549ed8d2e14f3d114dca2177e6a1b7134ead77d81a5,1ceb6d4f9eeced4282fb9ba6ffa8041586ce1224f6d01c7ed056ea4e4ac8b147,6434f2ad4e3ab9336610dd50821a2959954904892c502c8580efbd28d23c8233
293,99_0.jpg,99_0.provenance.json,70f6bf6fa5b0a4c79fbb7ff07812c82f4d2183d3dc2c81a6e06a8756ff5c3994,d337de438bebc68bed07a3979259fcdf535a60330c2b60c1f54c8fe7a130f7de,b7a929daaaa3becae62fac89cf63dfe212fe71ae074a5cb32c64af97b2fee33a,64008,194,195,GON+,GON-,6.02,6.03,99_0.jpg,tampered_99_0.jpg,ad2e3cb04c91faed23626c95cd3aceaced1b39f5f02aef03dbc090407684bc26,768b8037e2d28e1d99cf98cc114852e0bb5db2aea801f010a51800c141b7a83a,cc8edfac2e347d32b7ec5120ba9f5c3d3a544eae58f507a14ea48fb54885c3ea
294,99_1.jpg,99_1.provenance.json,278b9d594f41baeb60656695c9c5019b2087771789f48e887e118f6b55230270,032ad065355b2db1b35143e2da2d2c95049cad133e325ea3269b16160031907d,9fd7cf23ee7d1ffe506d13ae185a049a4072d0f2c2edae0ad706257cde623431,63127,151,150,GON+,GON-,4.44,4.45,99_1.jpg,tampered_99_1.jpg,c3b030e82e2d21f06b2c4e8e6012f3f17a3281db0266539dd211e36f4f31adcb,bdc9f7b0ac9cec57641fc1256b27b803b9780f9d8ed8ed80e711f1d974a70311,06b6b5c4b82facaf667255108a4f324f60bce58789bc15d94b1d17d3f2009396
295,99_2.jpg,99_2.provenance.json,1aeaaa4a51bcca8c1a3fe13beab4a8c977041325fc209e096d80dd7a144958bb,71c06daaacdc17e08a3c35f3b510ca0dbe02a4c3ee0009b498c1bf1e41cdb01a,7f102bebea744e61c5e22e66467db617ce855b491b279624fa9a1fc147d4ae6d,57395,38,39,GON+,GON-,4.10,4.11,99_2.jpg,tampered_99_2.jpg,c2185704286dbb65756c6744cf6122ac62a3f71cc6bb8a172364c0f69eb653b5,25c39589bd3e82587d537d663e6319738b5cdc9a5beaa16588e10e91c9e795c8,ac86aefa8208f5347e3fbc9fd02a866be8880851ff5a3872d1376b5b37b3a706
296,99_3.jpg,99_3.provenance.json,bbe9ab60b0041f6c450c06c23a0f5cded9d3624d1370039eac0a6ec6708b4b23,623b4cec23dfada059f390f816c698327dd8c6639c06766ec64b4739dc5b4b3c,5ff4c6522895d74919006da53c14da47804ffc42e61241827a5162fb0ec2fc93,59938,165,164,GON+,GON-,4.48,4.49,99_3.jpg,tampered_99_3.jpg,abb80858a9c37460a92151a0db3b9115fe7c4736146215510f5fc104afeb211a,c6712cf7856c4d05b2af8c249b7eb268ef855478f6d0d6cc571dd86c5d1b9cce,f110b130b2ba1b94132c8dada9ed3cfa4605ce934d13db0bcbe31b35dff1eaaf
297,99_4.jpg,99_4.provenance.json,ddad9af495e434d7bcd9a9d95fd65d0963f7c3d5da4c73ed1a74fc621fafdc2e,b5be12230b4169cc81c7fb50283f79586e90beae587533f8c441a2312be82787,11014bde5d5176a0746f31900a41e979d23b97c924631a111491ebc8be1bec12,66701,201,200,GON+,GON-,4.66,4.67,99_4.jpg,tampered_99_4.jpg,c35aea2ac4edd445acc4c586a959aa1d23c23520635da3199dd3085a02054b3e,677ea4c59fe15424db836505558deb596e1b09d1c13a4c4e10c2399821e81071,e0884a81b3e3275e5fac2959ff9e6a2b879c4db70f5900b2d2077fb3fba4b248
298,99_5.jpg,99_5.provenance.json,6e894646ec8e1c93db1a65c102b06832c1c247b50287d8e1c27d202c18add749,6607e668dc3e29780c1935ebcaf7dcb666cb1ee7c54a9cbaf162b0f12b7b48e0,ee27e55b7b61e5db3f85b8887533a7983d93bc920a2ba245f7ae05eb4ec854d6,64329,160,161,GON+,GON-,3.43,3.44,99_5.jpg,tampered_99_5.jpg,7a01aefa829a1054a93b26ac80bce4f822839f0245eb237cd26f4cdea0e33a03,16fc69e57c438b2b1cca7945a6f2914d231a59506f7244f3ef459cd245fe68a3,7aa371f6b9ee0ed3ffbeeb391d9efdb3bc73a7c6588aef328a88b25facdc3724
299,100_0.jpg,100_0.provenance.json,d3dab41abb1ee510869654ae9d1044228ea28a2d83b6f8c208054ab9ffa6b099,1264f6696dbb7a16db253c810cf035e0c5e01afd50e4518297c9f1c56e4168ff,764108fb926cbe510095573f774d4d94509f0f2e488081a29cc69cbde76bac4b,70503,154,155,GON+,GON-,4.77,4.78,100_0.jpg,tampered_100_0.jpg,3ff8cf6f4dbbc4d98d471c4e2b79f8cf7c5d62ca2ea09220e9d8d7647d038a07,ff313bb837ef63d577d52a5378358f170851faaa0f1e7130d19a0159063317fe,9e3eb13d38e21921724387c7dec87502365f27fac591dd8dee87309c992107f1
300,100_1.jpg,100_1.provenance.json,6935bc8f8816e3b4f4693d6846796d78fbbba30d20b53dc124adda46b651673e,3d00aa43687215ebbcbbadf51a2be293801fc57e44d86469d29dc0f43a62b29f,26fb45ef1bb03c1d6abbaa6e478eb0e2cea95062fecce25de3e85854d0faa1f9,62973,175,174,GON+,GON-,5.23,5.24,100_1.jpg,tampered_100_1.jpg,c792b715742d522d13a3bfd01880ce25fa8849affe58fbda7ec0f24f900ea3b2,1591b735a382cc5a9e999ff7cfdbfa65b18393b79416cd3261f9f7a53ea3d08c,6c90ac3e6be02b38896fe3e234feb5fab52cbd732fd8d95d08527c09e4dddcb2
301,100_2.jpg,100_2.provenance.json,6c28cde4edb1b0f39d9b3127f0651d64bcaaae0abe7fd1c66a9069323bd966a3,85a63a7d68c68fa68e27bb1bacbcc01cb4d52b993cfad17a56f6bb9ce400ba23,7617b0e1656e95bf29840429d19cfa76ec09d18dae62967ccd0cff1afec5348b,60245,224,225,GON+,GON-,6.57,6.58,100_2.jpg,tampered_100_2.jpg,448a4db0d87672f4ab79e9d58be0974e1fa4808cd72f623ee872abc8ef9f38ab,04eba6db3c85686e57f6f5f40e36a2b68935c6d44a356516990a8c510cfea70b,3648e8c3c5231b35c66bae1cd864b2ce44eeec06b419a18099d4e03fdb3c32b5
302,100_3.jpg,100_3.provenance.json,b7befa1d1aecb6ecf040a66b155ed7654a9efde9964afa5b74983d1ad1736891,d5d0db26580eeadddad6fa1b0a551a8f08483328f3c4408f7cc5fbdf0a0d5d47,477744b7be115cc0cc815da002ff799cbc58f4106f39477c9d7ff068f10192d0,61102,247,246,GON+,GON-,4.37,4.38,100_3.jpg,tampered_100_3.jpg,0598355d6a788daa10327439b1569349706b1012e89138b6a24b34fa5e23aebf,8930c4bf4309db3c106adeae6657fe2aca0657271020e8edf4f1f98190ed5d4a,c0fc2a8ebe7195d6c4815e6ba6ffe3d1c6d2d7c42f3cd91fb61d8ac881003cec
303,100_4.jpg,100_4.provenance.json,22501a35fffc21a1ffe97a0e983f5152ca085888f36b132ec0ee44b3b8c46325,321ce2a5a10ee5fc21e61344629028bf3ddee622283ec027a102718463a9e0ad,439a2d1dee73aaaf9626f17f9154c95382fc981d3d29d323fdf950eeaad0f281,59705,160,161,GON+,GON-,6.03,6.04,100_4.jpg,tampered_100_4.jpg,c736426dae2c9a686c303dfb92c0afb0e6a163e300eb311ddcaf9b87ac38e6f3,30717a82ef5e11d321e4dc0db2ea4fdf9bd7f481f541b35486b091a5ee2c008e,36bcca6989939a19e90b31f0fde908d82870655175271b3d5c84e11dc02904d1
304,100_5.jpg,100_5.provenance.json,03c41138eee5f35f1dd66724731cb914a59f18bff4ca02e2eba48ec394cff08d,078b6c4d9f83beb775cfcfc81009fceaa1836a5b0b2a14156f9c864280fb538e,da5610016fe8c56291c4a0e3e91cd46b1675b55002b020e5d5a77bd6b53d1535,69050,210,211,GON+,GON-,6.15,6.16,100_5.jpg,tampered_100_5.jpg,59c33744761aea705faedf0f0debd1abb141c5a50411301574dd8465b2f2a842,86293ade90b4f45330999038a6ae6616252bd0c1752bf8df0e521a48949e2706,401955bc129da0cb0f8fe6cd73f7259003465f268e4c3e4b405efa975d9a19e2
305,100_6.jpg,100_6.provenance.json,4466d81c4c621d0320a54a84f8ec1d7b25967ca5329717be30d493e45cffa87f,432fbd34a62917c91122a8a8ca59bb5e034fd974dabf927cb261fd33ea210aa1,93b09f0409867384daba6d1361b8bd6db08911c7d7256180ec0ea02792f2329d,65294,82,83,GON+,GON-,6.60,6.61,100_6.jpg,tampered_100_6.jpg,5197a19fa2bf8fc8711f2173a58c34464248925da1d8b62068d31b5cb6fbf309,5922f8c467702589104d843e56587dc72f5d39f5e9e28b179da5dd1cf08802c6,afbce08e03ec27c28c598f3317e894814354d3c387af9889af41fcd5cb3c650f
306,100_7.jpg,100_7.provenance.json,8a853d0e2f8b600d8e33b68cf00190f5deb8f3b9daf9730b4370f4ad28834be6,b627477214211f9f3479683c43d1acec199f7980e018cb109dac8d56949b0b00,4383a90e215ab9acb3221490629de81d70e047ea4e067fca2a078814c4df94b1,61270,165,164,GON+,GON-,6.67,6.68,100_7.jpg,tampered_100_7.jpg,42a04e1eb0b0d13ab3b09684a075f1a9a58c4ea9d3ab4c130a9739927f6bf108,18d9becd64f0c7f459544194505b33476c5b038a8d8bea3d78b7c89acc0eecd2,00f0658eb53dc1e35a90e8b6ddf8f1cd4c13f95e5a79278ef6c2c5d312644a9d
307,100_8.jpg,100_8.provenance.json,716859352b808fd7757c0362a3db518c55a72cd2a65930482164915137028cfa,b7384f41258857f80caebc88e30f431e4d79704c186386cc8711c6b10426eae0,63548379559243c00a7df3a9f44d0ecaad9682715790d184b15a2919733a63f0,62363,79,78,GON+,GON-,6.53,6.54,100_8.jpg,tampered_100_8.jpg,ee19e703dde0b81fdfeed8af2c488181bdcef32d99c382bf023afdd2f94cf192,2c2b294e2141c70965f9e4bdd059a2767ef82e5c3857e59271d2523eeba85f76,5578dc309255ba8daa1d59bf1115e14625a5da3e9cb0cfb023d017957bdc8872
308,100_9.jpg,100_9.provenance.json,0e501cac44ec380cb2533224e8f1fa761c945eeeb38f03bee6818b5e361ea46e,e59aa8e6e89cb5cba5f0e614f2db49bab6ef0464f866c8ae22dac5fa2180f31b,d1b8830371169cc074acff1b881c368e4e2071f48cd1733a278d93fb431b3966,59862,5,4,GON+,GON-,5.31,5.32,100_9.jpg,tampered_100_9.jpg,e2bbce2828a9ee1e5abf3a77b96fdc9e6031de571518fac86604a987f9698435,8724ae050c4c98a88913880cec8ef7da62abd793727da5645f44450aedc2f9ca,62525733de7ac5287943bad0d3c5bc08764c4775be50fcf044a253fe59c415f8
309,101_0.jpg,101_0.provenance.json,63abc3bddf0a9053ba821cba6221adc20ed2d1fb0c6d8b858cc80d18c281dcbd,de80817337c57da16e57728866c00b32564059b1e7ff055f28d90c8e8ffc1df0,66f63f7439bcbfc435746f4d98ffd0f87bb23a95cdacaede0042ce76b83d868c,57175,225,224,GON+,GON-,3.37,3.38,101_0.jpg,tampered_101_0.jpg,8ebb5e5aa059e26875421854c2478e2baddbcb79e6143c850abb21604ebeb8b2,0ede51e1a8a224b7b37cd48c3e5f66255c93dc6e40b186bdf55fd8a0752f1db8,083bf403634d6b4f744dbb63dc35f420d6eda67917879572c2ad4707df36a101
310,102_0.jpg,102_0.provenance.json,1ba633439f61dc8afa6e27edb4ae149dab9f15186bab4061bce69119cca600c9,ce934d84a70f0b85b24e0dc6be88b76d285d5b431fb1c2c8f67cca2940be1a89,e6abeea931eef694ed7848cc39f780c1476c836ce07a19608009ebe087cb71fa,56507,165,164,GON+,GON-,5.73,5.74,102_0.jpg,tampered_102_0.jpg,5d75c7654030c6d8d901c85772ee9586a695be24e80838b60f022a507580d4ed,9ba19f73e0f19d5326296305e97d656ad04caeb655b89c8b1bef1317ec445f47,c23c4f2aa4c2c21b232d3be5f67a3202c2d207f21dbfdf6a4ce4d9444ce5cec7
311,102_1.jpg,102_1.provenance.json,2159a934a07690ef9473d102b874b97c94b35cc6404ad1f9e9dd73ed31958061,94869f34768d328bd2322eb51e8f7110dfe7cacefa4b454012b385b81d52d003,2a7098ed8ca595793b74fbaef81537b9eca6add9666cc6d11ddc54dff6b25097,50678,138,139,GON+,GON-,6.09,6.10,102_1.jpg,tampered_102_1.jpg,90a003b60836b1ca5c5f1bb1cd22f50b3b580fb1d6d7b903257a207a7c26debb,c7c52e6f3d14be95fe25b74ef27be85c5bd02d25c8125e2aa61db183dca2e22e,f0d1ea6ad0a0e9f415977b3f9ec474f87502600f265ecb065deeeaf0cc4cc55f
312,103_0.jpg,103_0.provenance.json,31ad80539efbfb68ac6cafd17a73690f42171df88e850f31c4a95c1b67c9f144,d0eb4e03a466888349fb26f51407b8ae070182e36c1f4f71e7f5f9e319bb5f55,ea778d52ceec708a007ce5908a2e140e2f0f3559a7ec94b6721fbc3ef765320a,59631,59,58,GON+,GON-,6.70,6.71,103_0.jpg,tampered_103_0.jpg,1e4286a5154a1110d1880fbfcd6a9af294347b0dd9e53f867d2be552b2aa55b0,b8ee629742ac1c7e4bc07f168c2348082bc19b4eb2f504a0cf8067ed767faa23,6d54dc3f5bf7d16da14d6f1a360fd7e48016a7baddf11ab7f489e3ae174b65ae
313,103_1.jpg,103_1.provenance.json,4e304f09d1e02b491b2f5dd708eb5a8f90ad78a138ea6cddedb6fb6205739ac1,45fcb56f13485f2b6a2e6452a7c75bac1edf88228a13035664d026534ddd783f,9b5ba5b2c8eab14c2bd3a56097a8491c859483e7e85cd6d2c0c829c655e5ff30,57597,135,134,GON+,GON-,5.35,5.36,103_1.jpg,tampered_103_1.jpg,40d8d43c646c402a55fed555f69006e0c4d299fb3b1a741020b4faffa7f71e4d,46f8ec4a94464a9282920d4d1e007f30faaefac21feac3cc684a9635f0e8a438,b24f7f1f08de732fb421869de947ecc1ce773bb3a9503a6d61efd656d0b878c7
314,104_0.jpg,104_0.provenance.json,533b9ec97cc2dec4a41e7e8fc7f7930a6fd5442a1c8032f33729a4bcc84b45c3,7c9751b4bf0a1a9410f9f8a87a33391e516ea4d5b984771756afa4fedf7be2a5,c57363abc17389bdc87fc84fab0a40d8153677c8805644cb4065d5167af6f7bb,53694,216,217,GON+,GON-,4.52,4.53,104_0.jpg,tampered_104_0.jpg,fd8204f1bb97cd36b92eed31d6d9e83069f6bc7a7412da1538f8efa0cd2af476,ac89d60d95ae2a13e32a04b1522e01d18e2341b12689165b3b2c5b61fd9adce0,90b10d61f26ebdcd368094a4f8cfefa9e161ab420ed90e95019145471b8e539f
315,104_1.jpg,104_1.provenance.json,e3f17be699b5945a260844a6b95e081246c1d346c67f668c553b52bc904c4e4a,ae3af95060ae10dcb87500c8f960f757568b93c180a8f63300115ae4b05f5f08,7360aa6c8d5b98c9b2be62c2312c367d15b93ee6c46151d166fcb82211d0ffb8,62298,197,196,GON+,GON-,6.32,6.33,104_1.jpg,tampered_104_1.jpg,6b519adf20e28b92de0115817c8f61d18409bec0c45bb2408667eb753a1e87d9,7b6fe100d8ed01019943bcb051c5d111df3e3ddb0d6991d3bd2cb12af214bd1b,6d6e4d2d88cb89945c9550151cb8f337022affc22b8ba143bb2b8d00af7e446d
316,104_2.jpg,104_2.provenance.json,86d786450c3d522123f07ff64f375d0ebb9fe60d23639763b89996769f9e94cd,ac488e78c434f363a28f8d3182a379877dc8ba5ca380a92891828a897c5c8359,21515bb878e51612ad6bc19c886b523980b8e661388f2344da6cfc0707bd4d22,65470,147,146,GON+,GON-,5.42,5.43,104_2.jpg,tampered_104_2.jpg,e0712631f49bfdef042ab73f00d40a0556240579334c7392916a728cb218c0f1,a538ba3f19dcd5fe6c60c9ea313b77301272b3cb54f72e319013ea4dc42667c9,639b408f030cdf9fa6b63aa58225400904a827d099d65e06cd7c85d0f18e6124
317,104_3.jpg,104_3.provenance.json,5279bb27a66e8bc2cf60df9927f9532ed171fff8dd464d8f856b9be1a80bc6da,116af7e2ba5085e360e5b4b214b7bfc96ed799d5a5bc9e6672fba06a8b2a20bd,bab34049f773fbda32d186fd462709e7d9470dc33162e698d4614a98480fc055,63836,2,3,GON+,GON-,6.07,6.08,104_3.jpg,tampered_104_3.jpg,d206079963fd47bdf47aa5f0fa441ca14bf6b9c16ed543253c5dfa6c29274839,dc3136644f854b437b01d30befe0991ea7060f91ff31161d673dad00d1452110,c15128484545177ced46b30d29d63da9bdd0d7a3de26167500ef0ea0bf3bb5e6
318,104_4.jpg,104_4.provenance.json,f590f194e32a6fb7ecb855cb9803a1ed4f3579884af003256442f2b00e3cad91,79d1e5b9d870670d1f6690d584683965899162fa81cca4592560a9e073489d7d,7aec8116fed574f12c7d9fae4e77f8a0026473081d532c2222c5cd8172739025,67984,23,22,GON+,GON-,5.90,5.91,104_4.jpg,tampered_104_4.jpg,6da36b2b2d1585c3c495a530c3af4da6b556030e06e989a59726511e300bc3bf,063e180bc68431a86c903d8253fa9b3ecf3f8b38eb05282e275defc201208d7c,28003d440cf63abd9091e114dd726a6cf07798c2a2af6808bb8d00250f490218
319,104_5.jpg,104_5.provenance.json,00045a8785bed6f6514ec4a1904b265a0b555f496f655ab1ae806328aeebab82,e28ff2cb9f6546c7fd0aca01ab67ca83f2fdedeb3c1ae53fc7247b47bab27bd9,31f0384d7d76ecee03d63af687ea7269c4969b19f3629b6e677c84faa5042822,60650,8,9,GON+,GON-,5.75,5.76,104_5.jpg,tampered_104_5.jpg,61f965456eb386b8fbdb967222efff387b7b9598c7998e4d85649763368d6882,05b4a985856d5eb9164b875e665f531644a5d9e835adeaa75892e8d91597ddc2,f007450ce93271e7af4e49226243833ac7025dbccf3bf91611caf6f2c33547e6
320,104_6.jpg,104_6.provenance.json,44b8d391f719ae78203b93105ff0010dab122c9bbfde64e3d6856cba187754c2,6539ded538e0f5ba5fbec6210c5b5d8410c1fe479452ef6b449a60ae84e232f8,7a46c5be8f6f49075818e8fad25a9be0baa7b79d822c02514efa92f20f5fda85,58918,103,102,GON+,GON-,4.45,4.46,104_6.jpg,tampered_104_6.jpg,859708ceafadf0e0db98594369f770ac5e9105bdb2e92883744e9856d0a680c5,4985a2356789857baa5ecc2580aae9d284594c57546bdeb6e8504e139e2f8c63,137f092677def3b8462ef647bb448c6cf7e186230c926dc951bd0f20d412dade
321,105_0.jpg,105_0.provenance.json,2290ebccc186e83f939c3f666f520a71fadf2b82d5ba9d1afa7630cc8a4c60bb,bb71a0537e8424383c7c1e853633ffeb2cb40c8196d1bebdc74e6f572a7032e0,95f876f4924673f9bcac4285d76b32e64ec588bd4711ce9b5635c8c1faa6a886,70348,60,61,GON+,GON-,7.03,7.04,105_0.jpg,tampered_105_0.jpg,2496f04ab0525c20bf8517f5dbd1c2be6d9cb7572fb5e5a1fb2119556820f52d,970f029e63d81bf0faaf361d1bea0adbf2dfbf7646194a3b5bf3a4da3ca711c2,00c61e3043d18aac312fe906a84aa7236e5d9adb317cc98b074edafc2ffe3c49
322,105_1.jpg,105_1.provenance.json,27b72d43dd9f6bd6e6e4e37074eb49a226bf0c849d9c0eba51c78d9df5f1a066,c6501c09ffbd84b6dfbcc31ba029077fa25332db0309b198a38850acd2a7e279,3e1655511a71abca29b0cadf9b21e929594b0a9ed4d16b46b6d2a4b04698f4b2,64122,221,220,GON+,GON-,3.89,3.90,105_1.jpg,tampered_105_1.jpg,b8719871d672cd57387a1c0619d35582b3ca79a97bdeccd7697aee532d87db34,c83178b707af1056bc52aadb72411ff59cd690f858cabfbb580c9745aeba6e09,045456f01b1fc3dbf32074f550deecb2eefed68c7a74fa2ddb88545c2a93b9f6
323,106_0.jpg,106_0.provenance.json,43303b6df569e095e11f90b33ef8b2c2d7da96e7f86127ce89fbef8c2806b7d3,46ca55ce554b6096f1d665a6441be3272e1fb6938ac71fe1e66624dc49a47c72,fdc38c291c843c4c3a969f80e41ee8e1c1f841b6b98103b5ed6daa9fa9dcda6c,52025,34,35,GON+,GON-,5.24,5.25,106_0.jpg,tampered_106_0.jpg,68d4886c4767cb84a87b343246c8eab97b5e0e5041d5a2392445565a5e235289,4d8030a73d73b1db331fbe7c2b7955a9e45bfd5092f60d11d2fe2f438e4cffea,c13891d6fa323dd991cfb7ff0406c1344b24017d5d420e24eabd6ce114874b60
324,107_0.jpg,107_0.provenance.json,b5b5d10abd4557a44503146e559711b5f320f5e91f281d41290211bc5e4676fe,244e60c225061e9bad09ad49eca4f2adc86186b6fde45e6ab9d3645a47f0964f,31d85ee04d10e9d11c86635fdb1df596042bcdaf0a474de2721cee94f81881aa,63124,49,48,GON+,GON-,6.67,6.68,107_0.jpg,tampered_107_0.jpg,2570472e66b4b3907a0186aad5f25851555190398a8c3c1f9fd5d1cb6004938c,315f62a6d63d9249d9054b6640207ceb0577f612deda24d9d0b8af12c3f6b533,036853386fae73bf8487990f219ad1f2e2c0a5b87ad7911f7aa3675e2de19ecc
325,107_1.jpg,107_1.provenance.json,ef1fbda9699e2437a1d1a52023cc8c63c64d4b9e2b1772be8b50f54eed29c0a8,e5a12bdaf520203ab5c9bf01fa6068d0f48ead67fe9585220c5116ae13544c83,2c09400ae22f98338f812b2346c126d2954f417e998555cfdbacbec8aba2f4b3,66218,51,50,GON+,GON-,3.94,3.95,107_1.jpg,tampered_107_1.jpg,0d7d64654f575a2072962f759ec4a2c0bb5c06d3b5356f07337ea6f27304207b,55221d2e81da42d39239622066f96fbdba3683c4e277072facd4887ef346fedc,37b7007b71efbb33fe183f6fad1bfafc6975964ae0f41653f4c815893a549fee
326,107_2.jpg,107_2.provenance.json,437ceff1afbcbf3843c90723d91028ebf9239ad54a6c3162f8910f198ec636d6,86ca35fa14420c2250c68dd34f4dd65315e406ebd5f41dba3b97638fdb061a2b,acebab404fdd4a54c30af450f89ae9a4cd6414659ffd601053cc53c33ccba7e6,66975,138,139,GON+,GON-,3.73,3.74,107_2.jpg,tampered_107_2.jpg,800ff8eb0f4dc79a254cdfda241d8a818d6aec0d15352af1b946d3e4ebb87340,fa81ca055ed16627b15affc5cfde2c295aa73d9d4b6aef3b980544113ed8091a,99d19f17113630d2e5fb9df83f5610dfbe4d6dc78ea42ae5847b40f36c4171d0
327,108_0.jpg,108_0.provenance.json,1af18d3aad5111ef31a2a442ff738f0087536a8218b44026c0a9ecbc9708eccd,43e6334374fba7408ade8ba7bfc024ef21112d79c0da11a49af009c6087cc9c3,e3b107016007895c05acca23c2559f743e5b3b765061102d8ada7014398d2b11,59595,59,58,GON+,GON-,6.13,6.14,108_0.jpg,tampered_108_0.jpg,81fe3b205aa73d108d24cb948f2cc3dcec041a5c8a2404a0541f18e1cdcdf6ce,df399520aa1d2aad87e7115f890e2f63f32c0da7c0b48fea086e39aa603e6f0e,9a480fbae7bd401b066fa20b8a46ebdfcf90771b8ebb84c7c1dc1eabf8464cc7
328,108_1.jpg,108_1.provenance.json,7031af1c3c8f240057dfc0cdac8d1e55eafe7ace9da1c395a0b4b0451f93dd2f,ad8c4f6146eb00661fa911830e58af80816e87c7159fadb795f9e8f5a0bedcc3,4e8e0b2b594a072bf96ce694fdf470279f05776fda10f0fed4fad257cfcbe5ed,67847,128,129,GON+,GON-,7.28,7.29,108_1.jpg,tampered_108_1.jpg,5857d8f8ed9ff8874ebb97168b340c4a4532ae0946a9bddbbf3ca24114edcd16,75847cc3ba93c912fb61844626c2bd36d4e8cec606ec99bc5b80cc5187cd43e7,a5e00e6a0af844d4c7057f4c06d09979b8765ffa1d908969e6a7692b9ef80478
329,108_2.jpg,108_2.provenance.json,bf8bce781c063177522c7ad3365abbca8690230eb68728e9d76917d8448e72da,6a1d47b3cefc8652491ceab40c1196c5e0e10e575c1e158e03578cfcb03ec73e,532ec75560cfd4cb9cf69ea77a2b807f8c035ec2502de23b554543ce930ba95f,64412,114,115,GON+,GON-,5.95,5.96,108_2.jpg,tampered_108_2.jpg,1013da6723d08f09e267630384e9e66bb220961d57c7f02ef1d9b6a0ea49ad50,482c46680b009df9a659b87aadc80d7ecec113bb332779b9866639318f91b631,38cba7d16f84971c87469e308ac4b50500d32b6767cac2a8a10aa6612f3ffb5a
330,108_3.jpg,108_3.provenance.json,83ca20f97f1aeabceb3792e3d18de4cd12a4a0bf3c020ced11480cdce9769fd1,d93a352c5e0f044a407857fa2ee2ab6facb0718f9b855b97af6852cf8ef4cc4c,3551f4829a78ce9fce6a5f8144102da424e04a33e9ac8f7083432d55f07dd6cd,62961,56,57,GON+,GON-,6.60,6.61,108_3.jpg,tampered_108_3.jpg,5361db61633f6be95ea0c977fa64c3379407ffc760b0dcc597e66b617a8d2d65,0d990197c6a7b895fdd9eef026d56d878378556e8e0b39a79684f7c21386c7b9,9c1289d4e480b28ec078f46d64a4cacfd86fa9fddeb069886bed98947d1ad471
331,108_4.jpg,108_4.provenance.json,27e1b4654fe3cd8aacbf70ac5912ba5ca00cb9e6e63e9441c034f2a396b0119a,3f51d19c2e3fea27ca233c0a6e25b657ea869be0c4bb96148a6a17cb25c80346,d5ae3e99ad3ababcd84e93379eeca2a4d6e7f9e442bdfce064868327e36691b1,60030,82,83,GON+,GON-,5.52,5.53,108_4.jpg,tampered_108_4.jpg,c065dba5b2d994845362c958ea8480cceed919ba82907e450c3e5f0dc1df6e90,1a3745201a71f826a8a62743649eb4c9735ba3af570d9b252c6ac904cd3d541e,b1181989c195d3e9b909cb55bfc7b7a4652a4bc987cf19f509bf0ff77a0364b5
332,109_0.jpg,109_0.provenance.json,88ddc3c32108f3cf9c409ff3b5d9607d8ce54d4c117bacfd8b4000499b2ed0b0,f04155a1ccf92793daa7d46c464fc8f72156b272d39abb989fe9b053e93c321a,efd946a1d2ab27bb947ee9350c9ae8c56779df71c31bc4a38c5878dfc0eeedbf,58743,82,83,GON+,GON-,6.42,6.43,109_0.jpg,tampered_109_0.jpg,b9de80d1353ac172b1cb2b0644df13a40e29db3fed1b449f7cfca6da0617aec5,ebca4cc09fbafed9baf06516609e04e202c8b38a2fa2c60c5198ccc755cdb2e4,8a3b63e4e6ee51778299740314ca79d4479ad8ec5bdac705fcbbc0d61af8d441
333,109_1.jpg,109_1.provenance.json,0f5a1360886ca33209f7b8094c7eec3bd8f9f828762f9837c6ba5010168f560a,db70e8d7567aa48caaec79a20ef22a98eb6f1d2cf8b441be4dff5ff16c022590,6d8730f828b2a9d168484e57143b026d9c8717521f3ace5e78b0651c8d86f91d,62125,154,155,GON+,GON-,6.74,6.75,109_1.jpg,tampered_109_1.jpg,cdc51947d5bd878221f210227dfc4aee6ef36551c4fd1893cd90a1b724de650a,2d38ed840ee04438283ed71a30ad9d4b32a8ecc04b348f8d7fb901bdf22c5826,2e8733e54cb36e7cbdf8158950d08e13733f3ac86a133af3e7c6bfd572914615
334,109_2.jpg,109_2.provenance.json,26526a471403a53baa985ff31bef7f993222905ff86d4b9e02d214cb5a21a738,84b7b5d23d91205818cf06e43bd0421b9e76a8e61c91b5fd9aa31d76d46942f3,ee48e4522f108bcf6bbf5862738d54ea3ad755ca2359ca0def52da19d276b294,62983,72,73,GON+,GON-,4.94,4.95,109_2.jpg,tampered_109_2.jpg,7eee7aedec84035e33e0259f9a275542f7b36bf24b0fa88181650b48496b7d9d,a00e1af87523c1acf7f661d761ea83aa3a2e4cb2c8b7c1014f7e0f1ab30ba82c,eef1a71c986069f9cf9588192f70e0fb69e8fbcaa390f0f2b0c743be67a423f4
335,109_3.jpg,109_3.provenance.json,0300b1d07131b2f0637f3826ea927193db89569042e5aba1d69abb0edeb694ac,4387e4467571d38b69f93912c5c1a58d227f5e73aebeb78524e3ec0c66428725,51a379b4a985156ec37d435df7eb758404430e3bbf6e36e0610eef50f8e37f3c,58493,245,244,GON+,GON-,6.72,6.73,109_3.jpg,tampered_109_3.jpg,1468ad70ffd4cc677b26e45d1a17ec8a9831990d1e2ff6c19aadfe5e8ccd9691,5afe5c711bb884449a59ba52dc0bfae04202b9ea956eba743d09d7781f20c09d,73233d628330bf8b564c79477716ed2233566a5360b7b242828802deed5146b6
336,109_4.jpg,109_4.provenance.json,13c7e1aef8bda87dddf9d33c3e8c38ce00706c5f814ccd54921daedbdbdc093f,4d12259265e80893fa1ee184a1c857f08921ad4b9742ee763873f1db47f6461c,df4a24e36a04277be696915121f67aea33659cd6c54f05f02661bd4e1bd1acb7,51043,21,20,GON+,GON-,3.93,3.94,109_4.jpg,tampered_109_4.jpg,3e46221bcfa33518419992ef780028652b162a40250eea3c5f83c1262790eb9e,5b66e8b28440aedff6d8847c1118d0e22ac9d7f35d1dbef2b5f6e90bb6087959,0a7bc097105c68074347948aa7806667af3fc51848c5a44522e295b5e128fcad
337,110_0.jpg,110_0.provenance.json,0ced306669d388c0990c75f4e1fa566395fe355813b0039bf2adfefed87423e8,255f5edfcb938651da7907d4697685608259dac9628d9574eb8f806ebebd2892,fdc5a8b7e2ba7615a4ad97d5c42a77ac98d088ed4e7944c94e4030d3f2d154b4,56954,208,209,GON+,GON-,6.67,6.68,110_0.jpg,tampered_110_0.jpg,4a33733642d8e3b36044a9335743b8840991fbeb4fd0fc8288ee9c1753f56e5d,1c3eb6e776044dc7ff1384363f9054fa59b9ca049c4c952900619a961249e9da,0287a95524680683e6d831913023eb16a756c79b44f619219a90f1a293922c23
338,110_1.jpg,110_1.provenance.json,6ecebfe000044cbaa6b0509a0dca1fd3c082a4c03f8b77628c528eab310cf609,0d5692ed6740ae09854ec55f90df0a7afae0f89b0bcca15279a3c635f6f9f2e2,fb940bc77a5e7d81790d3ec904cae58ac0b7cb079c1bb4bfebab6f66c76dbe97,57955,179,178,GON+,GON-,6.74,6.75,110_1.jpg,tampered_110_1.jpg,2adadb5d6123c9395367fcf63788b053e66f1deaa051b1734fc24956bbe47a75,0fd3e406a99661e98339d0acff18211235835335716c46a9090df1e78eda380e,cf23d2914afcfddfeb5cf15985259464a32e55102e053bcf1244e663d40e002a
339,110_2.jpg,110_2.provenance.json,61f556638c559a2c4776a20b1f4e81ea9490ef7b4f030c54d5fa1e8ebd183594,27db6cc0651c28efe720ed242b8d74a9e3bdabb578d708d66cf9b9a88c653dad,89d7c93bc6443e38d78b3734ee43d32a667b05d9f76b117c02f49ab98d0ec1f3,55596,140,141,GON+,GON-,5.35,5.36,110_2.jpg,tampered_110_2.jpg,1550900cb97223e37e2b8a171b807a086e6e3610430d2b815a3ad235742a085e,56d782968440e5d8845899e158a2b95b26f5bbe807e51d0fa291ca89f4583aab,35d522b83bb158b73a9a880a7248aeb988007cf76fc621216a324744d09dec71
340,111_0.jpg,111_0.provenance.json,fe97f24bec56c64c81be37741019e442b16771cef70ddf45114b26b38b5ce99e,09df0104c68237f37ce3ce46f8029db3c6e2da8342c12a4cd562951ab882896d,cca8e574c028f4c35a365010e0794a26914f64c39be1e1c7d9981674dc0816da,63528,160,161,GON+,GON-,5.00,5.01,111_0.jpg,tampered_111_0.jpg,e144dae23f51dcb4ad37cd114f4aec43e82306735f4b44ecbe3477fa772a001f,ef340e530618751b83b58f4f8ab574c452ec690b760123e1787e933ba5eb9a0d,919c8024d14e81d1bc1db11da2e336179c48063e40268e3145528dd206075af1
341,112_0.jpg,112_0.provenance.json,83c708f7a89a5f5def4ff8508d5b51ec4cba75edca04548514a88c715733c767,b5c42385c59857b4fd2ab6e5ce932cf73f5f4df6654392eeac7015938a9f7577,b175d422a613dcb9b7a902fb9138cccc89050e667f492516167e086b7e5bed60,49785,179,178,GON+,GON-,3.08,3.09,112_0.jpg,tampered_112_0.jpg,71e3ef8b08eee7f76b44eeabfd0f8ba2a8f79fcdcecaa1279e11dda864a39318,4fdb5c417ce31e3da8daf666923d5ed2500b8166b3d55e86e4dbe4713099c5e8,a21af6392135edb253be26dff91904670091d00e0593f897f71e79256f6f2d84
342,112_1.jpg,112_1.provenance.json,57d7786f5052ae52fd99d299f6f4ca9581a716f0a6f0822781ecf3420ff3cd52,2bbef52cf4cef1caa367512460b22ebae7c62542375d68063bd2988bf126a7a4,c9f2cfcda48af86e6bad99a540765f1d4ee964f221975dc9b3940551c499e43a,62920,52,53,GON+,GON-,5.05,5.06,112_1.jpg,tampered_112_1.jpg,ce0c2969bf6d37b9c44586f02f0db4cccc83c6d7e36013fb6e1a56750ad15d7f,dd3135bb92b948e23e4c299f93cd896cb1ff957712e86649a718e729f7fcebb8,e37049775cece797cf38ef9029bf58809691c35c8c1f5b7c0722e4e5b205d9af
343,112_2.jpg,112_2.provenance.json,615b90a97b44d66b5484c0831c79d88484f246669f33f0eb4460972357d11b6e,d1c5f7217726ca10b6ec675d13abc8fa701222e5889c6c25312b8b4bb04a7fc6,5e3482f4944df6b799480362f9670778206f09e9965e2907857b5fd83b2d38c6,57223,82,83,GON+,GON-,6.28,6.29,112_2.jpg,tampered_112_2.jpg,4c2cbac8d0d993bef897a396c2a44f3a1dbdde6adf6e567af93b82e4ce629c02,f0086ed82c7a450149985a8a7189a1618c3a13e8e313bf0567142b704aa168f5,1a219b461ca3695976bbe7f74dd44d9b05d77f5319e1e94f723ed4b6b1ec42a4
344,113_0.jpg,113_0.provenance.json,67e772817c864ddf62f4545903b25ea2502168f120d5e6c9bd1046f6364f64f1,0d3792466086f9607c16508368661f50c0a7552001c9b6c7a7d769a774abfc98,fd3ac95e3a556e36260f1cb69788250090e7796e06e504fea3b97cbfd24a7745,60120,162,163,GON+,GON-,6.90,6.91,113_0.jpg,tampered_113_0.jpg,2687915dfd2705a98bcf8a5f1331f887dcfbf98c64bf2838307b76fa75a71e10,3eb721247ad51982ee1630a34064f26d52ec29f7a51be886a12219b42e954c26,49d74b331c3efce36a1b537513ed59ac1e8f602b7cb104c918715b33cb69fbde
345,114_0.jpg,114_0.provenance.json,3b8efc46ecc698819d8f46cbe62c27dcd30f332fcf6858e959f577a860dd099b,d68923d447f0205a3f81172a64495c5c8a33893817e0ff6ec49f3f699cfd4048,15e692244d5e1f3c2279374602dc5489aa4e5605717db6be844eb36da0b76ac5,64524,105,104,GON+,GON-,4.49,4.50,114_0.jpg,tampered_114_0.jpg,641347c33a08f57e246abf58b77bb2a338ce8a63b14eab33ee8eda4417ca65ea,a5c89aa0912d94e6508ae1235433204fc07d516d2b581a57da1cd90c4119b890,3f1d95a48b838b74c887e413309b8baf592d5b8d11ee3d6cc02249be134e0ad7
346,114_1.jpg,114_1.provenance.json,827f79a4108b67776cb8eb9672692d104870f96bbe04b7eaebfa60da1cc7c4bc,9403361c2d1cb39a975a75379826ade4d14254cdfbb57a8efa644e88ed24daee,7d825aad16965f260c8c9f8f8eff183c5ebc26ec7cc68cd252fd26ffc8fecf2c,62224,49,48,GON+,GON-,4.05,4.06,114_1.jpg,tampered_114_1.jpg,3c7d4467fd7fb8c946a12655e6134932ad0cda35f6f81214d42e1e575a737956,f3ab41f3a064879871e1c40d7e8d95d604b01f95183650c57fdbe0af1a34d4e6,27885b05a92268de15a2b42d806f026cd4b6688365f668413b7f3f7cac2b90f2
347,114_2.jpg,114_2.provenance.json,1bd7d55abf3ffcd7a20845b979df31743ac333ceac5beb5d6bd84e46f8ad3117,55051f53c0d799465cf850e7c7bf70913d6232919142c3d62791065dc19ca1c5,d19e4dfb528b8e940b7ede36dcbc2859532b8ed95b8d4d57dadec33c035eeded,64594,153,152,GON+,GON-,3.81,3.82,114_2.jpg,tampered_114_2.jpg,3978579c9ee620f52858a700d75f0c3f9c0fc0084f61ae8f8331edf3cf81c5bd,12cbcf19fee93099dfdab2de86fc862f6b7a519bae8ea92acf64a26242e09bca,e770a8f27d0e97cba7be2edded3f965ca3098e6dd94234a69f888ff895d1b5c7
348,115_0.jpg,115_0.provenance.json,d424f9b7cf998f30737b74ccc69276c15c21910016c6168c2d8286bd26a74aa3,ec042476bc937b0ae894a474f6de17761f5b2d497f8e429f3f2ad980e03d176b,b120110637963af7bff838df312d9a74b193011bd06a6fbfa0355c152ff3f0f8,55078,82,83,GON+,GON-,2.92,2.93,115_0.jpg,tampered_115_0.jpg,a07692702d951acd2ae301668b0041f99c1d2542a9acebfd59c870c813f30006,112601ff4ab1ee2598dce3435ac93ce20f34d6d623ed239002652e341e5fa059,b334cf15bcb48a42de420ba0f2b2155e8bc46785085435cc1d459480978aa356
349,115_1.jpg,115_1.provenance.json,3d5a8e1f7066238affa743f6fcd1f495e49eae3b30bcf042cb172306670e0715,3b350b8f1dad7f5eacfcc73855000c4afe1e43688fb3308781afcf34a957946f,baf49511cb160f44f7f5cfc4984509d7ef11d8bfa4a5faa963936afff97d71e8,58263,173,172,GON+,GON-,3.85,3.86,115_1.jpg,tampered_115_1.jpg,99422e45db97db23c344c4663a859c879c72c27eaed6baddb0fcc19bd80b72f0,ee3304846141715ad008829bee16b06a43e4bf6dbd76af133566036bd3f1f6b8,0339998e20d8cf8ba49a137d7228ad0b4291fbac7b3f9e8b043d84981d64b146
350,116_0.jpg,116_0.provenance.json,7a9da06a1dc3f306818d8819cea25900bb9e2e1f6d5dfc1e84ceb9a4918636e4,d0b0e8bf21983921feaa380719c5783e64ac3d09f430af3f6ba1fee3dd02e579,6c363c75a15222b0ab86c6c246a3e9c666909f60af4a394ebafa8cfaf9a6d060,66600,116,117,GON+,GON-,6.90,6.91,116_0.jpg,tampered_116_0.jpg,36af3c3386718122bb054f800fe555fa9329c43568f5631e98764a09685a505c,1155c1109b8033ce3b0284a4b7a1d1dc1b0ebcd179eaa911d46e67e5beaa7c94,1f10104809daf2d858047974165958a7d752198f9dd68ab4189fac29b09b073e
351,116_1.jpg,116_1.provenance.json,90327a2b2d69b120e8c7ee0f4811ce4a68690aded07309ecd90dc5b2be27a65a,6f1f7ecd939ef2e5ee80b92ff77fa747acb0f2380940ff7d4fa6eadc9592cbcf,1b30acec71be31f34e2bdb591ab1bcaed2c9094eb2f52020797b0c624ada59ee,68272,10,11,GON+,GON-,6.43,6.44,116_1.jpg,tampered_116_1.jpg,0cab1596db1d74228df6fa008023a8102c714518cec90c95626ddec9bd20d36a,e6ce2417ec4605be99ed6d869d02f62963cc6e923b23f5fdf9f7b1543f74c397,07ed36ff0ff069f077527f26762e05eb7bb8bdaad606dfe438fe003af946362f
352,117_0.jpg,117_0.provenance.json,df5a07f0fbdd5553430b628faa6054b721f05ed0cadfdfac6f09d49363da0a50,0b3ca7726c04b00619b8472726585f435d2dfbe89c1b059b92cf1fdc7af4d980,1dd1828fee63fc16e9d5e97eee004465d9c833299279d8e15038aba20a63d32d,58716,13,12,GON+,GON-,6.80,6.81,117_0.jpg,tampered_117_0.jpg,3951c3c5bd2dc72dc8586fc85a82b86eb7018ba9410d556980552eb3a350ce51,910eb66d6f948c380d97e8fce42d34ffdca7e599dcdb32147153dfce851172a6,7de3f6a175e90146c72b9d0c136979d1f63c5a11bbfb12df179ae5598c07ed58
353,118_0.jpg,118_0.provenance.json,db4c270b98559dc79205fe5312f8a392d66f4f7bf532b28ba11960c5748b9f21,5d8f8186b624fa55bbb7fdf2060dd302c4ab3916801e96d86344dbebc5a1e905,9e277a25c0f6a792f54396c10b85677fdccfb954020ec24de1549ad7d858f8b7,56431,72,73,GON+,GON-,6.32,6.33,118_0.jpg,tampered_118_0.jpg,d92eeb42dab707330d68dacfa5badccacf1996d49c0470dcbed08e34d4a5093a,a8b07f951b07716a7c195636c9bc9d9f2c4615b46c5dd9b7906a7edfd283eff9,74c39bc0261902d75bd089c73757408873e45f40054256a2dd7f83ff0d75df2f
354,118_1.jpg,118_1.provenance.json,ffb24c394bfc7ccc81b4f7f76b85d92b6401e21e72d3bfc9de63c586ed03730b,0dd55bb3f801a3530d662a65fb53bc8fb5091b0009304c675c58f0d9abc3b1a6,50dd69d860f8aa5338e308d109e54035ef3bd83fec8568a47cc03c31ae250013,55487,143,142,GON+,GON-,3.79,3.80,118_1.jpg,tampered_118_1.jpg,7a12b98ca76cd9982dc10f7069b89bd7cf2dbffd941f9c55090b7f699a0d1d67,d33de85a1f427706755e188c420aae27f54798070a0fc04aa718f4a5c0c19076,df085e84299407cbfb852a5708c2fff4c6ad0d5ab958caae4c162b2ac7b18d7d
355,119_0.jpg,119_0.provenance.json,c7396333371828d9976723e5c85fa51d6cd630bceb899f162cdaf42e6f1fcf89,cfc9696b9f76650a4ac65d6d5e99d127de7d9dcc58d607edc80c124365d2b426,4d21b08789c7a9250f074d4299bafb08a31e02c2f9b179f94f38ba70103cbdc9,66698,78,79,GON+,GON-,4.80,4.81,119_0.jpg,tampered_119_0.jpg,45073b63c3a3e8bc0d4fe52cbfb7f30a6c044fb9db9e44f22e351417f55ec582,39577dea200a8c65cd6430f1215040f13ae0eae8b95d531d30ddec0d374e6b4a,e31da5cb2274f09f6b57b9a77233a72f01151c9cf80709e0c3f1d8d3591899e0
356,119_1.jpg,119_1.provenance.json,2e62d76b8abd1c0eb8d198017fb997b0265a2a9df2d6654e538b71c3f246daf3,eded82ba78443066189339eef7f8cba6c3fe4871839655fd72404672b734de28,f12d54895fa865d3eb7c429172a34d45f04070ad692f0e8cde13abfbcebd717a,67206,64,65,GON+,GON-,6.49,6.50,119_1.jpg,tampered_119_1.jpg,a651017069ce7486c15e63e63f98793d2c67fdc2982a2ac70d02e09815c7f54b,4d2a59f815e1f899bc3b325e28095dcc811be4523ad09243f91a40b96413e03f,3924210266432c199cdb359a873cace1dc1fe7aff3b67318b8cd332472c13636
357,120_0.jpg,120_0.provenance.json,69e938958ef8d2f220dfbf3ad5dc704983da34068021acfdc527e98e35f8945b,5de2b81b4bd715d8d8d9a11b5ef94c56ea5de5d124ebe19b8c1d31239e84fa75,f6fddfacc3c16824be0972402a487bc3f240b376263d42efe03f79a5b7308501,61713,174,175,GON+,GON-,6.76,6.77,120_0.jpg,tampered_120_0.jpg,36bc678e66d4754ba1cbf063d1edc34074a7d1a5358da415eb638c5bc2c2239f,fe54f3bfb5d88db2a2f9eb77e8dc0658889f921c02c52c79ff0f69c66985b45e,d54bf7fed55fd70c877c793398e57c0c15e6e78bfe8f4a94b08e676a62e4847c
358,120_1.jpg,120_1.provenance.json,e1b1ea8467dafc61d5d5f8f96b3b35a242bb9727bb427aac26dfba18d21731e6,869ae054db47b18998bdaa3f3776f9575ee42456ed4eefcdffafe5dc74b57a4c,cecb136123c02154eec2d1c3d412f597f7b42cc6fd7999fbf405d6234140ca97,64164,40,41,GON+,GON-,6.05,6.06,120_1.jpg,tampered_120_1.jpg,0669fd13984334eb863cda0bf5d51fb6e866baedb4b575e2de106760d06a1605,a79fa13d4132a62362b4756d555ff5bda5c0673f532d82c18c7cda6c3e563ea2,17ac36b5a4e8f5c858a6572c121a4212d46f9357ed85ab4670c172b649188986
359,121_0.jpg,121_0.provenance.json,84517b86fddf6d7b0d4a6c278fea3c107dac539e621e5cc409309479173e8613,068a2b89688224c2f5b6206f0e74b484bf46dfcc485f6249e74173d78c433daf,ca03d16709aa87984af1291730e8d78c5e4dbc739ab69574bd6d08465f46cbb5,60296,73,72,GON+,GON-,6.63,6.64,121_0.jpg,tampered_121_0.jpg,b589efeec3f1c1b968bb2d8dfd677f71e38a714d5588bd80cda75fc3beddd5de,e6aaab341476346dd4ca70aa4fe5ae2bad6efb6269ec2162832dbbdfbf7f8ee5,65b738ef06ff34e1e48d27fee82233422510056ba213e7871f6b4040f4b16f30
360,121_1.jpg,121_1.provenance.json,7c0d0aed87b8d7db8173b5505c5119d8a7e7bbc1bd425eba534b3a6029137a11,ac0a87b5f95d2915516bbb2f4d771e1d03938dce2b55b7c3a08ae2a86b995a1c,f4078e9e6dc8c2ddaca4cd47fcd6f79500627bc93359b529d25e36d646d0e1f6,64445,174,175,GON+,GON-,6.53,6.54,121_1.jpg,tampered_121_1.jpg,1bd37b30c047b8ff06ed22703b4a4228c950ebf91257b64cf837a74e3abfb9c4,670d197f04fa0ad863c0db7b1d6744b494b822d194b137fddc32935818721dbe,dcbc4fc9c6b26749e84865e79e41778a637b5e979801cd5ff823be2d3bde5da0
361,121_2.jpg,121_2.provenance.json,cb5337240e6c2a3f7b159411907b16dba082833f9b3f0d48666ea0d79a42e52f,0b11cc1a35847f5260239fc36da2f56fa95e4626839d016d927a25e10d567292,c64a82319cacf40db507281a6d80eb87c19f3ac4fd21508b1aed0030df81f096,60596,206,207,GON+,GON-,6.78,6.79,121_2.jpg,tampered_121_2.jpg,23d1b09f9ba111387bf855769fad51e3f39c8a9bf29093455928f766ffd366f9,c22193f7fe64e34d714406833cc90bbb3e77197e9cc23127fa65485cf562390c,788fc90e8e00f2008b389c77f4f64d59362c334e51dc1461c30e83dee65d8099
362,122_0.jpg,122_0.provenance.json,e45af8bd6d613f28385dbf8b2149a0b69b7cacdca88ee528951cec3e40439b04,b5918194554b95e5e47516fdcd6d6eb860efa55af7bb656d50e49bc042b58797,6105a9613dbfded6a1fb3602da4a890d9f1b6fa53bbcc1edaed927e6ef76b646,63659,208,209,GON+,GON-,5.22,5.23,122_0.jpg,tampered_122_0.jpg,57cd70c1acbbc863e5c73cc2814c057943ca6310ee0f203baa3160198f39dec7,40738be7bb4e3713c18720fcb5f8d275805a52879fdcda8fe4375671519f0d98,d482331438a08af7051b7c19b6de51dcfde260441b4e19656429a834e93eacc8
363,122_1.jpg,122_1.provenance.json,443a90b43259cce19aabbcfee8367212f2657500fa034bd6502249facd2d8d12,44fa38412305b5244dfa3c8a8df1142137474e21aec52426cb7e4d51534c582f,3c2d9c1fd8c33c3b6496a723782c7386a825fa7205f0a3d5e1943ffbe4f8d57e,62268,113,112,GON+,GON-,5.84,5.85,122_1.jpg,tampered_122_1.jpg,80f6e07b991dce7b2549b6c40ce39e17ff52317611bc016c732d2c07d1d7188e,a966152b9a77d36c05e90a3e61dcc3cca8f1423080d28a19c27328dec73b11d0,7f6473bd3f26337d3d5a900739aa4a1a5a6a15c6b61ca31d04eeb1ddc92f8c28
364,123_0.jpg,123_0.provenance.json,76f8de3a09bd87fb9b2795c6e61acd3b9b77198bdd1f7fef6d4cd208ca747c3c,b071ac804d836dc2208e374c4bb477f4205fbef068121c951215b7854835846e,32bb948533ae81cdb391c93ff96add71d126ebcdb07209d2f6c96b478990d85e,63309,23,22,GON+,GON-,5.82,5.83,123_0.jpg,tampered_123_0.jpg,136ff963f67107b01e418226976a639382a3a59e05bb22dab286cc55b3910d0d,d4be17165dea0df0c06b7784f89db30dd2a01ffa170a8ddc22bd70e933834b8e,2ac734127277a6ee3cf2380e6719bcdf025e6634b8dc2aa7be178e2bb07ab598
365,123_1.jpg,123_1.provenance.json,ea26f694ba62a4da22c5fbca522ea6f897e2d0c08dc6899fab4eadc75b5ef97e,e1b67af1d98d895a78a1d5c8fc3c654a9c54264da97b1dba53e7454da0833b10,e728e4fdc403e65d4ee11d03aeb1b929e4ea84ddfb1040f731c44f3c7f281c9f,67044,64,65,GON+,GON-,6.43,6.44,123_1.jpg,tampered_123_1.jpg,2fcade8fa5533e711f0fd089efb1dfb96a668477f64302c007c7d760b1cbe42c,1120cc273574ff4656ad79b03af96de77dc596a03240bd57bba4521ee449c249,8cfb136d29313e00bc3c5a5a73f5ed6b81d3405cddbf2208e8496be6371bbcf6
366,123_2.jpg,123_2.provenance.json,96533da3431e086ad60e14234e46206141025d1db16bdd7e8be11292cfcaa573,33be1c766744c47f89261e5502f7a6c1a2f7e27aaf0207e63ef095536602b227,280e0d218337d542fe21b56400341e88a1080a6331748e4934f04963232e8404,65408,140,141,GON+,GON-,6.72,6.73,123_2.jpg,tampered_123_2.jpg,ac4c3099acfd354ef49f23af07bba3fba36288a993acecd921f1e0a29651a070,303acd9881dee19e953bfd39ece84b2c45d3ded7a17cbf841d98ae408652cc36,b832601d0edd4d65da5f851ac55e7b9da65fc7ca111d7dcc9131171bfc558fe8
367,124_0.jpg,124_0.provenance.json,bbe6c4fe0533e85c39939ec0214ada3ccd147733dcebd878a16233b3238db81d,fd957e5edeab369199cc5e3acd42354d4ce586a5ee5f53e6d94e736e2f39c6f9,581a10d987544a4a57cce5c55f47d41f6065129865819b6ce761a6661540367d,57679,186,187,GON+,GON-,6.00,6.01,124_0.jpg,tampered_124_0.jpg,900cfb606fedc3fd406536ea7cfb646e26150e3dcecea49ae6f8ceca97c22cf2,c4648774c9c20f9903b20835336a66e5fed986a2d8f1e499ad9dde3a64995259,bb0c9161609a9b6809bae83db1d9336da07b996fa56ae1f2a11d61b0c0dd45ae
368,125_0.jpg,125_0.provenance.json,834dd7ce725746510580c7b7a05a736a5af202ae12a9e00f3ba65c1580f6d864,715f294765865ceee4e663326cc6ee37045c53cdaabdf310c925d622739c20fc,1f2a810d02e94c79a0188b3ff2bfa0e77a1a922abc8372970f66fddd7838809e,58321,85,84,GON+,GON-,6.92,6.93,125_0.jpg,tampered_125_0.jpg,a7098579b5887297beb14fc7df8890375df904bea00bb3af3030fb79b3c38ef1,219a017d48de3528ace69fb622fb2f3144aa7f789c13aa06d5e4acbeced40b5a,fd6a7f3f47f1591eecf04dcddc514ea687631611db182e552bd36a2754e29464
369,126_0.jpg,126_0.provenance.json,934cbb32a3f769c735475f8d60678bfe1df732f52da599f25ae9ad5fabcdbad5,ea72aeaafd27c77088df5b0c60e4261eb262b32d790349113e742c1aa1f21bf9,253a831edbda9910f6b847eeeffa5435eb4822131058949d71624799f5028809,65448,195,194,GON+,GON-,6.89,6.90,126_0.jpg,tampered_126_0.jpg,8d9b37808994126a90802004c129d390563a242fe036eca5b74e07102fc9e147,c527c5f869f4017af751320611f41f92aa1a9c405246c7210ce6ce9dc9d5f626,9af39f12570dca132f450aa8b74fb02045626d68080a6fc380c864b0a137a5ec
370,126_1.jpg,126_1.provenance.json,4cd01e3aee336f13352b5e5cb49b9da6a524330f80e78ccb2f644a28adec3df3,80833ce6a0d6fc6537d5a03f32bd2236213e6077899930482c4e6850ccead367,c8b86226ab4cf9ad5d31a379385f291b97b3cc286b4f31a0a5eca4eb78d5d7d7,62704,216,217,GON+,GON-,6.55,6.56,126_1.jpg,tampered_126_1.jpg,37846d02a8d6e49245c4890a89b48636f3a7ffe864acad21a8cd8dc39541b1d7,6f7bc5617070088571cf8be37160a07e0d169577c712b08538da74133c7b27d9,784a9bbf5eb333ebafde8be55a1cf33996adad0adeb0db9ab767aa7e13d8a55c
371,127_0.jpg,127_0.provenance.json,89928fc4be147e235b16a5f146d0b9f770d1b859bf9d3e11d57729bc124ebf71,ab053159a341aacb9713d8d502905a98b216e89a970b93f2ae4ca1553bd347e2,22f0a33c70fca313202260279d6788b75a37a429ac398ee2b00f5baa9820520a,57847,197,196,GON+,GON-,5.62,5.63,127_0.jpg,tampered_127_0.jpg,911f81ca948a9287262bfadfbb097ef8e68457aa2eb621f0a7d0111a65a763de,0a809f361560a5367c0c574ecc19ec08e9d525ab42b7f4086c9e669ed866a812,baa1babec7110083d28dc648ae5ec7eed856046689507cc5951a2dbc49506543
372,128_0.jpg,128_0.provenance.json,119de57d1da28a958471775516c81162e67232b36718c1a38a1e65e096b7f455,b65ea28cfea0e47b36d11c54c2a5cbd8c1ba7aadd9f99060538d91d34114adb3,b99dc77359b9cc502b4305ba54619be4c260253f0a595fc1a951ee7504f64927,63304,16,17,GON+,GON-,2.38,2.39,128_0.jpg,tampered_128_0.jpg,940619cdde4b5934df2eda39431d9ad4551579c04900c54416eb8b43a97c3839,25ceda0e47f140b59d00c0bc722b966d41be68c4da3ca21792de0b73fec8efe4,8a040c7cf31e9194a425b60bd047043d0760126fba7b58f3f2d61c527dcf475d
373,129_0.jpg,129_0.provenance.json,36a9aff17b1546b7ee42fb847b7b53415fbb643bcfd614aaf7b103df91742631,1f198f77627dd16b11c835bf740c4761cfc00fd4dcc422ee388352261612dac6,6902382be91f78528011d32845e58761ff20048d0bbf70c3c39f7655d28eb2ad,63578,105,104,GON+,GON-,3.51,3.52,129_0.jpg,tampered_129_0.jpg,77aa4fa0b7855eefe5add45d2072d9ac83e6af8a1118ba3d37b21f64037d1504,5d2e5984e11afe8257c8f0ecbaa6f7b2c93d9cb7c4aa988a294afe42ec46974a,016060f6f374a3c26a21ba0fce6ab8eb7d988a070fa70ff63598b9dfa2127820
374,129_1.jpg,129_1.provenance.json,44aca41dc8f0dc1686b1440860b9e5c0c28a8925a4c638938ae36f8bba05815d,83a3b9e2942cb0ddc87db19cddb95328c7ffb29c38168b70cf9a27db1f503cde,d01e7e936f7c633a0c9cb86ac235302d41a98d526acb23393aacbff933e4bdfe,59403,105,104,GON+,GON-,5.23,5.24,129_1.jpg,tampered_129_1.jpg,cdc174e632962fe180b82f89ab6408dfea87f1ec88c6781573a9af00d93ec4a2,734d7edae278b4563a70d529f90b6bf46c629043e639720f1a1f7ba1b730e6f2,3ac7c596c0f4e8266e230ed9b30804d6b15b77aa2f44031ad46626b2deb9e497
375,129_2.jpg,129_2.provenance.json,fdd386c66f41fc7fde00985e786b79fe3b5a40ed57a45c73850cfddf6e4d3314,b08066fe1ac622d6bbd77672c2eb13999283bb3db8b9ba1b4eacd3d2cc44d63b,3792598bf9c559eeba416609860edf9bb25976f609718f956f2162d336e3c29b,59680,77,76,GON+,GON-,3.55,3.56,129_2.jpg,tampered_129_2.jpg,fced17a63b5e325f7da0c391dcacc602ac4fb9d59831b39dc5d5e1238ea788fa,7daa2ed7075a059ad2535ab2cfa71394f56df84db40b1d050705eeb06aacc8e9,89f702d49dd3e6ef73b4f0b89b825d4d0880a3f4b9164d5af0dc141040301714
376,130_0.jpg,130_0.provenance.json,98e2e17afe2beee637ac405d3bad0c6c9b7cd6deb1bb49c66c0d22eac1c05275,4f0923c970ccda19f977c704f2ba7ce29121b9d00a66716b15d6321884818a14,c1a5b3c5dc44d0c131e81dad8a9395770a811e1031865974709be640b285e773,61114,136,137,GON+,GON-,4.20,4.21,130_0.jpg,tampered_130_0.jpg,45c0d07f80e4769559a982a4157fb64861a39dd246a3deb19acd90bb2ff1ae10,f438363fc4da5ec2d70d29a91740c4035522fdcb42156a42b4ade051afcf6818,fd137259eba141eccf610f8fe9d7c115953734c7f10e1924fc0da7e2a4ae4deb
377,131_0.jpg,131_0.provenance.json,40f4a7c4b5b9ddea01b1ba6104fee7c3075b8d07e1488dc7587db0bb372c2c17,d1c09976133bbbffb7bea421f35f52ec06abb4bcf24ea1485a4af342b1805bdf,ea69983214b2d665e49a09ac674692d0c10f6952946c7bb3503a88640fae85f0,75396,0,1,GON+,GON-,5.46,5.47,131_0.jpg,tampered_131_0.jpg,f3b2ba85c0711eb95eada10fe4026f6c9301ecec3275802adc531fbdf7aa06e4,18f2172894c9f2b14edbd67911abf7a9c5e55609b34171f64d5420e54d42b02e,900082e79f772cfa7406251ee188be50c3d20215c738412ac210d9b6be84ade7
378,132_0.jpg,132_0.provenance.json,35b00c9fee07f708554cd3af7919d1919ee7a105fa5886eb1868d7f714b7dee6,bf41fe539a2902642558f8114f14408809cf3bac9df07da56db85836c5d5fbf2,dc1c2c838997c4ca8e2f206a13ef55d9d29a76e3ab97e24f6766555694823d86,69017,84,85,GON+,GON-,6.82,6.83,132_0.jpg,tampered_132_0.jpg,8855a6fbd3f3281c455484c2470e54ae6bc1b10b7106915a849fa1256410d169,2ca43c64b00da6e63ad7efbafe8d7ed3daffc2f7381152b4e5d568dc45371259,68c6b96ff1a7f129b8249d963bbedf796a8bacc38b9b8c4e43bdb947b2f0f84b
379,132_1.jpg,132_1.provenance.json,0d9779b3f870f751105696e3944420aedac7e0e11b101714f1332e61e69cba59,02a5d2031303db8faa0a1c2f8fc0091bf8b50192c1a2f031905880ccda20a66f,4588c741604b0658c83b52047a72b852e5c0f986fe8a21f36d6e575aa8a63a94,66286,31,30,GON+,GON-,4.76,4.77,132_1.jpg,tampered_132_1.jpg,109e1748dfbc59c143cb3a55cb105068697f0d72854578fda63aad0021e2fc0d,adb94c937a985bef85a8a877135294f4f67dd4ae848c6dac9bfca18195c7e815,aecbaa4286af1fd25c3548e6edac956276e8b38222438fb483fe6969c42e8e70
380,133_0.jpg,133_0.provenance.json,eefe3b317ef5924685cd8f3eea9b0becf6c8ef20c898572c0f1379fd9df73f9c,cd064bcce233b1d0051492e4d804d9e3d39075b825a79866de7baf8a405863d0,c23f963a78fe338543755b9251215bb6430053de0223ad67b26026af0de68eed,63582,179,178,GON+,GON-,5.61,5.62,133_0.jpg,tampered_133_0.jpg,8447caa1ebaf4820dd89c7d85b6e8b0a1895aa18d4a139bd5214d6624764e9b2,f20dbbf705fdee2fc2eb27903e88f1deed2d12f16def9d2b2829c0b024bee62a,98064409603be6a2a15f98065436e114a97a77dfaa840e5b03840d2f67b14ebe
381,134_0.jpg,134_0.provenance.json,661606c40da889829ad2d15a6242322d340303c4b068854016d851e8430ea0fb,e8cd68c17f50487d17e7b6eca500fccd29096b80db4bb85b177910afadcba054,f4a8a32d59bf90ace266e791904e1b8c9df7ca6f040844fa2f0f8a6670225a93,58010,245,244,GON+,GON-,5.88,5.89,134_0.jpg,tampered_134_0.jpg,694a4af1c7abd18028259d768c6fece489ecf1e33e80d9e81806c11107d385de,1bb3fba28828f336ac40dc7d7454b476deb9d1a65e8c2b68508ef105aefe1eeb,2b6177cd510a2479aa3732166aa5ad71435a9e0fced8adae78808c1409ac6fb5
382,134_1.jpg,134_1.provenance.json,3c93b676c2475559dd08cf1bff60da5e863da3d81d20e2b07fe3022982cdb9f2,da5d5c5740c81cadababc52ca25dad528f16c7ade4f9226c35b2ee1b0926393b,7adb2b81f1dc43fe790237e16224f776de2eba41f009dd2fb9ba864882b30ec6,60910,222,223,GON+,GON-,6.19,6.20,134_1.jpg,tampered_134_1.jpg,a069562c48d2692ba012d8859e01501a5495d332d37a282d20865e8556c1c9e7,f1ff0b7714bf68645b504a06dbaa7d7b258dda941439be01564d115bb56bfb09,f6c3eb31d947f4ed9ebcd05fee5a01bb5b0f99807b11eba94f0f95db55699d7e
383,135_0.jpg,135_0.provenance.json,889acc8e20d9a2fa5447268c9749bce152849c676a13b4385c76c61375d3e5e4,526b008daf94e2072e343c42595e1b5d5f30ab8d206e91295eb9b2f881dbaed6,9b7074681df3c26f0b78970456bf1fd1fd44565718605e196d5726cbf285f68f,61727,10,11,GON+,GON-,4.40,4.41,135_0.jpg,tampered_135_0.jpg,356c852afe6940b6164e8faf4c1ab2504029a97b3838ac6b3d2cc8ade782eeb7,80681aeafad4cce6fc845713853dd707b3b44e0b52b5ec13f6572991cceb7f5b,bc9d52318e87ce29b86377895326734b955cd8ea78749ffca38063c9983cbb35
384,135_1.jpg,135_1.provenance.json,547fe48157e263030506b771c86571fda404d3dedb74a658f96e45fa8b01740b,db09510042bd2041a78a61b39f29288fd2dfd0e718c454664e933232ec6a56bf,038fbb2dafdf5d1b64d7a1dc9fac90dfe63e5ddd1ab712a152394b0bb562f2ca,60920,2,3,GON+,GON-,4.92,4.93,135_1.jpg,tampered_135_1.jpg,2c252db8836e8df735da459d2ec1e0a4637cfe3423f4cbfbbccc614b2d72e241,7ff63ac8122a75a27c9c57568e9996786556052a96023a231d98052482feb250,9497506a193b481592862d191ead2f9a6e687bccc29750e82b5cdfaa38da3d9a
385,135_2.jpg,135_2.provenance.json,5ccae6e570ee6bffe631484de95f4da3910d93c63e65273597ee8fc6e8f6e761,ef199440f04213c0eb37ba5020196e1e12a905ec96c395d0d6ca31bd4c61572a,bdffa1082ec9d1d2a022839951af0170d53c2033cbc7ebd273011aac4ce23444,58366,144,145,GON+,GON-,4.47,4.48,135_2.jpg,tampered_135_2.jpg,5040583260e262c518c2891b35acad22fb459d3f2c068e0925ddccf077a28abd,d642842cbe1586633fac0bc77edfc2aa65249304ef1c3a93bc2a8bd61265f1e5,aa251e9b470ff907e28a813e0bb704602a2a4c2469810d4fe3a64ed28d381e52
386,135_3.jpg,135_3.provenance.json,4bcf1a9225660f6e2958c3493dc18083b3ac9f7799e4e53bd457108a57e4b243,81a109336da08a9022d82706e404ee14c3110a6b8ec7456bb2ac3a37314b9adf,9a6fe9c5556d3ac28d02d72c669d86c684301d65141919a6f3c73125a898d59d,64513,180,181,GON+,GON-,3.73,3.74,135_3.jpg,tampered_135_3.jpg,6a1dcbc2f65dd2c757647d97e56fec7bbd688dee0cda43cea5aa6c666a1dfbf4,a8ee9356e8156529fae7eb8782f1218e88907dde6467c76b2ad765bf170409a9,0eb27b86bfee4570cd669dfde482a360e3b8a51f2d4636edbcb0bf4997094ee4
387,135_4.jpg,135_4.provenance.json,4c3cc6ba3879241774a831c4f0eb738f341c3a6b30225fbebbf8e2eba71e4a9d,bb10d869d68e68afb5cfd422a497ada75f1d28f5715a4227fc0850eacf236b3f,b184a1ab7d92850c350850854ce9cd013f7affa9304f757c6a53de37bd172cc5,57042,170,171,GON+,GON-,3.97,3.98,135_4.jpg,tampered_135_4.jpg,f621ca6bdb023378ea54f3fcee64eef109d2b9e8b8f9c0bab368954b08368b26,e779c97e2bb3bf11eb736db108c4144d0e217e3cb68d84588603e6a32ad6dd61,cc6211bde4de1df630bfe67e260c67c3b8a7c78a2352fff59ee4ed4c2506626b
388,136_0.jpg,136_0.provenance.json,2d7efe7bae96f60ff59ca308c1ad532d61ac54feb96a130853869fde4da52368,e095ae3ba323c1af29fb03a253bc319167e44c8ab64f744465bfc54b7b4c09f5,ac96cb4134ba11ab017a21ba174329f7d9711c61af9adac189205580fe48f9ee,85301,76,77,GON+,GON-,6.98,6.99,136_0.jpg,tampered_136_0.jpg,1f47cad69afffc02b5c0d8aa7f374f5f70de21e961a91c53bf95a9038fdeb2b7,9715d4f0e15d36ea0860294fd589b2f8a449cbab14ca9eeaf79bacbb3e1ff868,7182a1b7b892b3dcbf2b9f6b1c5961964eb604d6b86e2c54d168a66778977a41
389,136_1.jpg,136_1.provenance.json,294f7970c121002d217a6aa788ee82098d42f7bf9c6ac6d3f745a8d56abde657,8effd830ae9813df6bc62ef89a2c99a9832405e7af24ce7270ad924d92936523,f00c993646162567ce334cef8d2df000e4de1c79660b8c9f96b78ae0a8a3122d,78123,48,49,GON+,GON-,6.41,6.42,136_1.jpg,tampered_136_1.jpg,f945ddfd00d837462e9ec5eb42f8f9acdb3d5814c136dfe305e3dac9c8651c94,96253749ba9d02a7b27c278d561bba3159bb63c4b75d3f43c21b6054be9ad18c,5ea18181850c5e3a1db9b99556e7aa20c55486554083f9574889137f7b79d226
390,137_0.jpg,137_0.provenance.json,e7f821911544a55ca106e7faa9023cd974ee180443d5f3b8cf3f16929d66fb44,10d2e1160973b8b576bcbd8636dbb68a272e1edeb7ef14f002fb275c71a0085b,2a7beace91450009a0f36771fa328793c1605bb95655c6daf9583ce4dac5643f,58755,113,112,GON+,GON-,4.84,4.85,137_0.jpg,tampered_137_0.jpg,e98f53813fb507d8cc8ce4069d99fddfbdbb4468c31c98b828308ac6b5e68cfb,2e2257da69d43589eaef73c79932f77223167ea0bc25fc781cf92fda8dc91f0d,40cd14190cc08a13257248de74074e1819d4d3270e2eec037f06f2065907522a
391,138_0.jpg,138_0.provenance.json,dc82e206b9179bbf0126898ab7cd4ee48dcfafc4528b84e51b95814003c6e1d6,3ef3a08606247ceea8a96d6df927cb85bf8a560a2f0de6d973e551409f174989,206aa2244d2638d9b9e93b29263c4072f3337cd693c942c209d34215447caf7f,63612,147,146,GON+,GON-,5.88,5.89,138_0.jpg,tampered_138_0.jpg,06891e959271293e6280b4a8235e1e17ae74c04bcb8f8092651bcbe7841d0fca,54cd9eca63cbdd4ac9a70914b1e57c8658fc1607a5835a52cd313be8cd414ec4,cab98874b831bc493ee575851eb8e690e7a92acd392e933b18456ede9f19cb2e
392,138_1.jpg,138_1.provenance.json,2be1144d535adb918ce497b1883e0f86063eef43789b15e6aa64d23909d9d444,bd360030da35e7ee4658244cdc23ccd11e68e4e88618c21b3e64160370cde0b0,67cb3458a99243074e4349a6e760bd742311ea38eee5416c27ad197f50844d51,64440,156,157,GON+,GON-,3.17,3.18,138_1.jpg,tampered_138_1.jpg,2e4bc3396af22dff8f65acd7b8e284c3d35d7c132a8a0ba6920f2d91673c2b70,9d6a59d9a43e0b9b518c1365377e81ffedb8ef01600dffe479913a67e170f5b7,7e3922f8b2e41dba0c7d00c085bd533f860f762cadf2f752f0f55cecd76be4e0
393,138_2.jpg,138_2.provenance.json,9dde6e26e2d9fb42e34ea96d52ad2b519765813ea949e47bff9aeed40466480e,7178275b264c35f6388a8ce47405680b5b0d4313d5dbeb71faacb48231739d71,539fcf789d85405a79f6f84a915471819467d6f44afeff26c2cbd77561f95867,62542,52,53,GON+,GON-,4.72,4.73,138_2.jpg,tampered_138_2.jpg,f26b7f05f096210842784035c5d07d9f83c746e7185c178e0a1d273bdfea32aa,3f7d9cd8904b877c04c9d19ea1095ed6d0df455d39ac9d2365012995e481f4f4,a1abb6aa40a7c310f81d75ed41a1f8d94ff2e4a7fec1ea7f6196c9fe78922c9b
394,139_0.jpg,139_0.provenance.json,c58429116fca8c83b5b1e299ba781dd0faadbf95386ad2870d6ac639a7a79695,6fb686e87f6d2807517489ad2a995a011ec11f81cd85209c90dcd120de8645c9,63b27ac04a8e3994577c4309fe12825913c70485f06932f9f45e56ab1482d957,57191,5,4,GON+,GON-,3.10,3.11,139_0.jpg,tampered_139_0.jpg,117aab996af5a5a588e5a8f820b68068991079cf0fd13a9c6f2e4b9a51cbbba9,f3078172d0130d5e32ac0ab00096b977d51d8b172395f9a6ece701ccd5d6d27f,327b94da22f4770c43437e8398d8475c26700179b9b3e1c7adf3b9180bf9a87d
395,139_1.jpg,139_1.provenance.json,d537a53585ccb581f6c376b0929bda9b71131e51c150e373e5861001552e1eff,703533d5e6a78f410e7a34c65d6c5fc0e84e5dabee33b066f137878bafc7164e,0718c0eb772a77bef7ea2f87529bc02270f7fd4fd5ccbba64f9f4f49f5a9a5fe,56150,147,146,GON+,GON-,2.04,2.05,139_1.jpg,tampered_139_1.jpg,233bc8ee87494401db1373e2d33ce635fde3703ee6451b951fe0ab4337645bec,51e27a4e7eda03ee62406de7ade15759d95c85790832fa0221bcb1aa64dc4292,86d97ba61d85d1665dc6f4dd83195bf3c3956e2a1af8c6037927992c05b54bf5
396,139_2.jpg,139_2.provenance.json,659595ff0f831f808997d781bb4014e7e174d6cf78a19c0627d174bade13d0f6,8c81d4564c2be5bf7309b9a7e4102b05ee21e8cf7bccfd402fd018ade33d4efd,d468febd04aa18a51a3dabcd662e537a6cc09f8959bed42dba5f5ae25743d1c6,59913,205,204,GON+,GON-,3.70,3.71,139_2.jpg,tampered_139_2.jpg,55f8bcaf7fd9a540bbc634ec7333315704deca90691f2f43a19a1066cefcfe07,9dce54cab2e6ba36138825d7031c398fb938c766b8c99f84822de151c9385df8,b548ed4a897f2bb492dda77110bdbee807ec409bbdd77f70a7d39b87183652bc
397,140_0.jpg,140_0.provenance.json,9f8816ddf2e57fbbfe39cc9c2e9f05caff57cdf33901a83dc2be7a4ae34416e0,1cd904cfd4ccfebead8b92b5bbc01c6b401b5309f1a439cf086547de9f669f24,d8a0824e55ab9cd5f474ba2f2bda0fbc079a7f90658fc4a207b90d798c88df5f,55168,163,162,GON+,GON-,5.19,5.20,140_0.jpg,tampered_140_0.jpg,a1ef0ab8795bc7d9451efbc7077613eb1355f2c88035ebf7118310eb855e866e,762ae969807f6b6af219ee1e04b7316f57ae6d46b0e292dae2890a6a3ea2803f,af416b6e5c6b458920d6c88d3f9c4d36502c97585958e9af2429ff6d957a5d0d
398,140_1.jpg,140_1.provenance.json,597010f6890cb3c714773c92a8c953adb6602b5062b4e5e7b484e374d11c587d,d6b56b578acf7f1145a1a5abac8cbe3b3092914209d2d97fc2a04ad41c6cf0b2,c3346806df12d086855562c300db9d2ff93c02a642018d02ed303071f76b7886,55656,24,25,GON+,GON-,3.95,3.96,140_1.jpg,tampered_140_1.jpg,b83c80b73a74c446e014a30bbbc9c6c4a2f459744d6e4a4f2ff7900a37cb617d,9d26156849cf6028c6ce23fa4f0873f85665e615aadf814a97ca686ce3410921,adf147568ba940174194145e877bcd8e8150911517109c7705fb726eef832e42
399,140_2.jpg,140_2.provenance.json,112ef3c25c8534aadb3b7001f2ddcaab00d8dd5fb21f368c1272a1bcd2e6b920,75639c7d03a58124c04df73b68465eb771bd7c2db7f4bb03896ae51aacae59c1,67aa0f854c8bbb3d73ec35f47a9c8720b64d9e335cdda319ac7b57fce9ff56f1,60205,212,213,GON+,GON-,5.50,5.51,140_2.jpg,tampered_140_2.jpg,7b5be1f2e5f8f3e74d8eb5132e52103b150c4fe18567640c4d954d60eee9cfdf,32f9665af61bae6b5fed96ae17bb78a8c49c5e4ab2f673c403925ebeacac7b06,4381ea36b6789144c8461332f8f62131252de4a89920ef73e9c13c6056546aa8
400,141_0.jpg,141_0.provenance.json,e88fa03edf5d5960d041744e7b5c4c452690a12256783a9b05ac67710e86f5e4,107c7ebddd200409e20e71548b6cb07f1bd701450a735ba90123aa3a3b34e56b,db2ae2122bd8a99bc7aa97ec77fb5566b264eccf4a7422052ebc0283faad4fa3,45983,10,11,GON+,GON-,4.69,4.70,141_0.jpg,tampered_141_0.jpg,c4d5b4c809bce3f66ef1d7215e24637802ecb38264760bd81b6ea7815a91b7c0,a323571b609fee1a4d660acde1dd616eef4f441b73027f63c4553577740157f2,96144a0fad81a5c0a8a2821e9a389d73b510c0a153a4fb639f42e2e2aca84f32
401,141_1.jpg,141_1.provenance.json,4873eef083254944dc7b0ae4b08b7f752329b3203606a25fe10d9ffaf32aa5dd,19783f9fe575c1180b7acd083ac6381296c2664313d68487c7c9b13d291a8729,282e59f1d047e66fa7e124a22eba94f68f651d8f241d10866a13a918030c2bc9,54433,60,61,GON+,GON-,5.70,5.71,141_1.jpg,tampered_141_1.jpg,1464d8cf6f5876c8820e52ce5bead3dcc4d961d131eceb16b1addf1a1912c897,8981a2af1379f08c8e37c54f0f2e3a3acc4de0e180644ac807ea71bab453f8ea,6230cd2df88d7af26067242d66ad53dedfa1344e862a7efd50997b8de422fc49
402,141_2.jpg,141_2.provenance.json,e23c75b449d9f178c73538cb1dd0c0c4089b810497fccfaf0e71824c0df8a3f8,d5c41edcfe7d29dc06f22a46ea23b6adb4d572d5e804f9509d26f5fafb57e4f5,d70121a360a967a5f20a8b1b08c68e42242b976e7c66370203949da4038a40d6,47782,51,50,GON+,GON-,6.73,6.74,141_2.jpg,tampered_141_2.jpg,b1ab5d3c88dc2a4eec577b410bd21515474c2706b309e4f23605067373a221e7,8bb2bc7fa72ef5f5e57f529b222b8adc5852784114133868742da6141405208d,01a6dc2cb9fe3e541227405b9ea91d4858e603de28568a0f77550b641f89845b
403,141_3.jpg,141_3.provenance.json,0e56b295980a34441838767283cd342fad3e55fb311ba987583b025ee6ffd34d,be280dab9b70f539cde840e697d7d4122c0777515ea3731b00106c913bc18c61,e6d4b85c4dcb7f8a2876f69d0d07b6d2786bc936fc18f723deec6dbde2af235e,49330,15,14,GON+,GON-,5.92,5.93,141_3.jpg,tampered_141_3.jpg,db2db50265b47571621f3f404528d4d2af7856a58e496b40c191b6c08c52eb36,12cbf90fbd4f0671055d2296558626d7426ade23bf55fa73f7f806eb5c51991b,53b4cd73718207e2e1db2028ef5bb5e97c185f4ed2fcc1f7d7c21ff9b1f41b89
404,141_4.jpg,141_4.provenance.json,f6d843dc630caac589b91ef86f4a9ff905fa84f3dc51f0a7ef5aa3e39501152a,f7714d33b96bd512fca2c656366cfcf84795d013a5488fc861d141470c762bb9,114270dc43b58a40918e53249ba851869d232fd586907f6c87227030f9273ba9,60481,99,98,GON+,GON-,3.52,3.53,141_4.jpg,tampered_141_4.jpg,f453dfe9dc0789ed02d2fe15bcaae6c993b873facbc674a3e74106c2240540a2,38285e56f452fc806bfef7e3df6414b1bf6b38b8bc1b090d6766ea897b00cb0b,fed7e21c90a7b2a3b3f9b91e4d8dae1f077baab7e70109150e562f3b947d0a59
405,141_5.jpg,141_5.provenance.json,b5999e247b31129c7ae5aa84370eb2f3333d085126647e93a254bb481fb06710,35442f97a4ba0d484e1025f394bdcacb2bf3060a20d8b2544d94472a65545d4c,cf3cab4e8004cd5fc25b7cee011c8f97db77cf634758ba75aea11d0ebe7cdf58,56738,154,155,GON+,GON-,5.18,5.19,141_5.jpg,tampered_141_5.jpg,c03e35d1e5b79abb6daf2b644e0c2746a16bfe2a3e004575bf2c65264d1a6b55,12f1b9bb0a0891defe86ca9be0ff52a6c9cb3d5c20112b0b920e824a6c01b02d,37cbc372b68aeed86bd367bafc24fcd2ccd57353600784e32dbd182b9cf7fe2f
406,141_6.jpg,141_6.provenance.json,1b1238c84424960d1413caf3866fbf17ba22ebafe70e750d212a1f2f80026cbe,d9aeda6a3cc577c059371b92da8a590da1cd42f7110fb26b78d0103cb54cc3d3,2330fee80c41e3b4027ae0cb3a1a973219557ce6993d3319f590b24ebd012fca,67134,57,56,GON+,GON-,6.77,6.78,141_6.jpg,tampered_141_6.jpg,4886a4715b99db1a847d96cbe9100d1c8c7f6c0fae0696a546298ff391677ad7,bf42a71bf95f47937cee30576f21b62ed49b18168bc0ff405a9ddbe077ee2924,40b33ab3fc1a68713bef5b327997d8379e4ee689770f27e6a712925976ab1fed
407,142_0.jpg,142_0.provenance.json,0b6ab8dda9db9d310bdd791207ebbb6bfe6b996a9aa620f23c7569706f3527ce,826935f1ef69d8d1f90e7416e864711ba0e50324b94a684aff17205256e559a8,079eb85a956864350ca184a4541b7e51653c8cf9763944f6a263951daf2a5a32,55693,67,66,GON+,GON-,3.45,3.46,142_0.jpg,tampered_142_0.jpg,7837852c12b500f9c9a0022fa8bfbf563e940d9e05be200abcdde76b6d2e978a,48a0088d1025364999c03936a1bcd6cd865bbcbb343e2e4099aef84a3cf25838,d8d69d2ea6a9db66f3b5cec050b85667379ff462b4d18b601a7b21789ce1150d
408,143_0.jpg,143_0.provenance.json,ca419bfb051822f6119ab098665f8f8974ce7d62df45362f9950d4d03deb7ec4,3dcfda082b5028d959012e028bdd366d88d1a17354d0064bd03d239b324e7134,442e23b4b17553ae6afd9d5ebfc1fb0675632c6348478b576b0b96ffdd401d62,57920,248,249,GON+,GON-,4.81,4.82,143_0.jpg,tampered_143_0.jpg,3d3fc1976b08e2f75bc52522ff6c656fe22989d79b5cc77a2f388112184cf932,af3537a446c4bdf8145849ab077f8c39cd5d4e60715894f2cf9a71eafee2cabc,81f72bdcf7a5ec50de277a8da572f79758b5e4ac2dc9380c540a5c445517a2e7
409,143_1.jpg,143_1.provenance.json,c354dbe964c2cb6c51cd8332e210fdb4fd986b8716bd0511fc1f2f4a89f9fc36,15dcdcf9bceb948758dfbd99196c34caf5a3f70859a25fc686a15f54bad50f45,81baada5e0b1712f12d6c35b7f38cea5af3655fb90746421854ccd4ed8ce92f3,56475,29,28,GON+,GON-,6.24,6.25,143_1.jpg,tampered_143_1.jpg,0eb4089329a3a9eea635269ee97babfabecb7622770863cd878e30354cda0f10,9db0e8b874c6dcb6797c683e58cae5be05c639aeb5df96f211bcc510e1089a98,713847177bdcafae97e0dccdb811edb64b1ab9821d14fbbd0d248b384f7609db
410,143_2.jpg,143_2.provenance.json,74f8e4bb45e600e16c1db2dfa3ccd3453b48aa35e40052ce2e19ac0c86d87582,1ff61ad27418cb0280a29b69b776e1c5d41a276dac8547086edf830f81e6e033,bf66838995a46d153f1cd77428a595aa9f4e4f66558384154e40f3fb3abfd6db,55978,112,113,GON+,GON-,6.31,6.32,143_2.jpg,tampered_143_2.jpg,166a8af3ce79c3144af48340df1a5e67ba6bc590667155848d3f991185bdd819,17ab86237b05b43ae7e43544f31b75934ccb492ddbf632bc3eb3de61e9d8cbc9,9e4c3b4569d3db9d196621edfe2292c3dda0f873528cb53f499a6579e960059f
411,143_3.jpg,143_3.provenance.json,8fabffacec70fc8075fcf9da73a5588c0cdc04523ffc3a52bbfa26e6c0a8a1c9,98382b9a5d51a01909934d805c15e64a63e85b937d83e1deb29e954e0c5496f1,e3349487271a975ea0aa887d2653f06f0c127796caffa3ee602541f81d5c0c3f,62331,65,64,GON+,GON-,7.22,7.23,143_3.jpg,tampered_143_3.jpg,b25c2ac01f3250ba3d7252f356d91418f7181c4ecada332c4fdc250c3b8fe7dc,311c4e0586678c335edeff7554c39633a40edf0c2265ca1d7411448fe9169c64,ccab7030c81442f8c96a59f2a994c95155451506399bcb0d5a9375727035807c
412,143_4.jpg,143_4.provenance.json,2be7ca9419e9a4960984ab8074c928eac75aa16bb4d83b10b150e5b7801e2bf0,3ba52c9f2e603614213fbf25e843db4cb66b489ca5590c47641f84462b33fe69,408d5c6394a0779190d0845bf48597bf70b9171091cbdbb50c2eec9fff5f7be1,58710,40,41,GON+,GON-,6.45,6.46,143_4.jpg,tampered_143_4.jpg,ea8b0db62dea166fb13f8d9b4d87dd45f7a99b02740178053ee4f10029b1e042,13b806bfb353851cffdeaf412419ddecfb2785f8b5420e63e5498ac9bb8dfac0,73c857d8abb67b7087d1e998245b84316ce86e154d4d01f8d65c58b3d1a48392
413,144_0.jpg,144_0.provenance.json,151545c612ddfaba0aa4105328486ab96cd338a460d921a00801b0638ec097da,7f608287d6d31bf1407af1311cdc389fac0e8c39f0be6aaad4d2e22d66218315,eaeb9e5ac1265ac68315ca0b60e9d2bd17d201651dc4eb3c7b5a556e93431069,64148,116,117,GON+,GON-,6.88,6.89,144_0.jpg,tampered_144_0.jpg,51fab09b67629fed0596596375daa002cd0983df79c76dd6922cfbac6ee47bc7,fa5af023a1a3a0f168d5f35bf07026f6b867bbcb13f185d0afea68d159a4d92e,49ed364c371b9978f5782b0af368892bb2b8531d04c3ac272b2210557d1e2e5c
414,144_1.jpg,144_1.provenance.json,851c0d4fceb531da96fc39e6f0f46274a0a3ac7f6af1508707b898207251bee4,3f7b2013ced94d0a8097ddb0113ef24bf8e95afb9ab09d6f451b5ac35e26de3f,b2be85a175f39946dce958da597b2f43f79243a3671a2b37a5abdda07709b9d8,68099,129,128,GON+,GON-,6.28,6.29,144_1.jpg,tampered_144_1.jpg,7c42b79f5232952ea17283eb193e568f236163ea126f69e16a60c941911867f5,0df49bcfc64a576fc40de03808f9bf45525fb6337c1d8bf240a790ebb2863505,88a2e590d921ba49824dc4e7062d5ea684a40781f265bc79190aaf564ce460d9
415,144_2.jpg,144_2.provenance.json,15fcefdcf0ceed903978d2c8fcc5498953983a081ec3cdc4543ecacfbfc44cec,d90e77ada41d5891c414cb4608dd1acde0ae77e17465a7e410f601c85de25272,9116582d523510cb42ce4c2b8dd9fc72b8a25f92f14cbd8109b5afb79966d719,73588,200,201,GON+,GON-,7.34,7.35,144_2.jpg,tampered_144_2.jpg,683f5e9bf81b3bdb8d5b25144608813f66122a319b4ce12cea97571a8bfdad8e,b5778d0dbf10cd91d985785231bf0559d1b85b489a54289b480f8ac8bc047c1a,c9dec30fccbf9c600de4e12ebee4804fadc99aec8af93bebdd9c8e4fef71f162
416,144_3.jpg,144_3.provenance.json,acce2ac0f080c0743e0bd972113fa4b167ce88ecb8dcde0200f2bda849e05b67,8d87b28a5c4c24decdd53999c32bf8e543c8b26879a7c350d5a53015895ae5eb,0df740eab4fceaa6cf41971294bb9612a57087ad66d149aac42ab1027e4fde3e,66833,65,64,GON+,GON-,6.21,6.22,144_3.jpg,tampered_144_3.jpg,616cf85e865500d294d6246c02f5b5cc3091aa812fed747193796621e7dfc033,b872d230b3e5af05019c3e29fdc3d469031604bbee9adf34bf4435988004e04f,dee20c5dc325b4325cc51a3146b165509215edf5b38ff95efda790933ed21ea6
417,145_0.jpg,145_0.provenance.json,e99c6830c9b019b7aaf9219d2251303ec51578c855b9bb61a80ffd79fce8d921,5553f1004958320641ea7e8a6e14808a44aae03d19947e972f66c4b14a9c8e8f,7d7fda225d044b90467beda7d202251e0442701c73e4b51baacbbd59bc1f0fb1,60146,82,83,GON+,GON-,6.57,6.58,145_0.jpg,tampered_145_0.jpg,93eec0f0d940d63861a867141db60cb065edd8895ff4a7987daf5c66b9103889,d7267cf403c2eeca6795c75840bf9d083cdf06ed47e2485991e896b7187328f7,72dbaa69a284e14cf4565fe99ba0e403d4942ebd2c7627e45369ea1a6024657b
418,145_1.jpg,145_1.provenance.json,ec4c00a5aa56c99ee6ee17af0d67162c6d67b3bfb8215277383eaf54af0bc85a,c0302e25aebe81bc4c8b0e6ff8a3f6815619637dbd88c3a53c27c3692f4805dd,a9bbaa0382aea0fcf493af2d13c8289ddc30c794bb82e57db63afcab0972b6ad,61988,29,28,GON+,GON-,5.36,5.37,145_1.jpg,tampered_145_1.jpg,e2bad72167413a3c07bb92dc95e23c244c31f228a7ffed48aab53cfc167565e1,bf56e1b19f695cfd6b83240aa8a47af2eb6790a5e34e65c48d9c0a68e0d54e4a,8eba4c319052a60efcf78bf8447ac6e166a2d98f913d63e0b34cb8a05e546012
419,145_2.jpg,145_2.provenance.json,18bac9a2c046f7564017ce0dd4d520da4787412a0e4dc092c926d3b0301ea691,2763e9798c4911c262a95a80c94f9c9d4d2d39737aadc94489e727f3dbbad38d,685f1942d2427e45d535df2a26f25206143a9335461a0166d15a8d08b89cc980,58152,185,184,GON+,GON-,7.29,7.30,145_2.jpg,tampered_145_2.jpg,06ecfd883bace3a0eb4734d953e3d0dcd7c3a8c95dcd129ff9953ea62f6f4dbb,8345b7d8ee19f8225f32e01aefec72bb4a0767d19812949d33cfbb2011b770d9,e4752d9217145dc2f8ea08904d70f6361f1490478f5e9cd793786fa91a6e0989
420,146_0.jpg,146_0.provenance.json,cde2592b503b6d895f4df20b4d9b37e2de3dde05c8c872fb2af3cb0d0494672f,2d282db285882e6ad0dd5bf93f3a9187b94cae45e142438d751ef9308687d350,278d8161970996d57f3a43bd3f3df40eba95836221dadb615808b5a80d50e285,61038,201,200,GON+,GON-,4.37,4.38,146_0.jpg,tampered_146_0.jpg,bb71e43ffae3f9ffc713c762658f3498c60be414daa695e1aa88af8de09a493f,860bcc995819c572410382f60d46001d8dba072864e9f77b755b2a91327d6865,9d43aa7cfb88a8cfcc1f005de9e1010c299335c66df72766118ea322034dc38a
421,147_0.jpg,147_0.provenance.json,44030ec2cb44569df0d6632afa4dfdc03f4a9b9324b04e5bd43373704680206f,2fb8ee0cb5e108a01d4d4b3bd40ae5671210991f38c2e5d3cb66f435726dcb76,5ce757fd6929d4bfe98da4f40dfdb591253ec2dc1238e95ffdd6dbeb57940a11,70450,140,141,GON+,GON-,3.68,3.69,147_0.jpg,tampered_147_0.jpg,7a49912a8694d18532fcabf0fea27a36d2dc406c45634a35636c711e3dea4de2,8a3804c40673e9d83b7c41b74c22af85702acf1efa77326d70996e05c0145288,93b1fbb99ad7a59366c1e4c31403dce94e03dac8ee39699313d4a2748bd1deae
422,147_1.jpg,147_1.provenance.json,70ac21b653c7fcfc6eaeb9a7ca5f3ab45aacafc1411a7363b24a222d0f55b1c0,244853e97836f9174e695f1edad489267ac8ff1f2879b5a6784898a200bf5670,bb0545ae0266858927d93220e54491c89b94d3f6721013aad6561f6c49708c73,74530,149,148,GON+,GON-,5.40,5.41,147_1.jpg,tampered_147_1.jpg,c614c5472674d78067b0076e5674e83d0444623639fb59628a142f5a396a2050,e2e4238c1038916265d34036da0b37ea5973b033d4b9f38ad67052e2d5d982a6,a500aa7018c6a5d7154f00ff4bd3142962f2d2ca5db2b95a975a1a29536c7ec8
423,148_0.jpg,148_0.provenance.json,3c5eb4574ad1208372eee4b77f679e82480621a42438beb6c94ca6758ca9155e,b9e7c71ed1e4d76470696041d5cdb5f4e0cd429267aa27566bbbca3a4152dcc8,9b223baaa088f7a821fb97d4a35ce77ca78344560f64009971a55c0a63265925,56403,138,139,GON+,GON-,5.88,5.89,148_0.jpg,tampered_148_0.jpg,d70032b603007f162e60aa53a33aab338a1a060e8017984116d9f12533ae5ee2,77691493a790bfc7ecf994ebc2350f290662e4fc98ca69d71eccc03d81af9bfc,883c9ec5c2b713009851bddab9ca6b66ccba98e3550aa03508ea408f1d061437
424,148_1.jpg,148_1.provenance.json,0e49e7c2178bab0fb8822afbd614199b576a82881aa18ea38ff90ad3df4365a3,b9e7c71ed1e4d76470696041d5cdb5f4e0cd429267aa27566bbbca3a4152dcc8,9b223baaa088f7a821fb97d4a35ce77ca78344560f64009971a55c0a63265925,56403,138,139,GON+,GON-,5.88,5.89,148_1.jpg,tampered_148_1.jpg,200b7b0b9523263c0a44acbf39fc49d2e9c4ea70e25d6b992ca93490b0099581,250c477082110d2e6fc29d63d35abcc8a63543cf197a2843c5e45621f1ff6f90,b3f704e8fe81617060d6e0ef14fa5ec671292d42bf3a799b266a281c94cf04da
425,148_2.jpg,148_2.provenance.json,27e340f2fef3299485ca540f4a72661a82532102482e2d7b77195a06c3826222,78ca86d9d9ce64c3d94d5ef3da187658b88733cb86726c3ae3895a8e2252326c,931b2bfb65c53160dc314b025551002b2079d773a7bd059782790f492c608d33,63536,184,185,GON+,GON-,5.19,5.20,148_2.jpg,tampered_148_2.jpg,6642aa3aaab04961330a318681f8aaea61c3f55b2d1b1fe74987f3b355b89dba,57b641e0a4d108c7565e754aa486112daabe973df358445871acf12e04b947d1,4e0f6c055adfcbae3cd0d9937e0adeda1afc1bc9d7654ae48fa293da3c2de481
426,148_3.jpg,148_3.provenance.json,757652e29af3f9e0c24d067c69e175fbff67448833d09b0abae0e07cf7591205,b4564ae83d81360df8e941f479a602a7fda4570d492f78a225b3c758ef239023,51e6ccfa9cd8b26a710cb5c8b1a55ab63daa4d633bed8ba8fe01875a7583ec6d,60184,181,180,GON+,GON-,5.33,5.34,148_3.jpg,tampered_148_3.jpg,bca094e7df9cd84a4404a89fc1db2c1e99a17259268fe79f4587076f8d27a76b,42cc226c067c8849725306c47a9c4b670b5996182ec2db54a8118644933854fd,d810a686b3ffa673b6a2cf83b868528f1a309502b3dd5b47006d4737051fca4e
427,149_0.jpg,149_0.provenance.json,7df3dcb0360437466ae09731b99e9592c48dfc86596fa2f403acf508a4c4a38f,d326e59fafe08e054e733c01a160310da03debe251c598e40051129a0c9d8275,31c3e2216a853d2d94bd5fbb71f871d44c0558d0c942ba7d5de454cf4059a7a8,62681,39,38,GON+,GON-,6.34,6.35,149_0.jpg,tampered_149_0.jpg,408644bb8904b7211b085cb6424e141960c94ce3c2c7039c2c713fd468f31b8f,9e775a078ba44b448a2c70346d8a7e71fb1d3a4df9be529c2f554b27edf08536,f0662ea997cf740e085aba2f5ce2275a8bcb0850b093adeaea6bf3cf12b3c64f
428,150_0.jpg,150_0.provenance.json,af67756d804ca43e6fc032b2cbf82d8e20838ef11ce98c0a1cf26d313eb7d308,dd4c2af77cb77adae96f88d8a180b5069df1e8fe05c5daa28bd08874af00e2fc,3e1a5c4ff9fe84e04a65cb666bcec981a4d30e277f9ffcf56e6bf4553417c8b2,61289,82,83,GON+,GON-,6.23,6.24,150_0.jpg,tampered_150_0.jpg,dc306dd41a50fc402b0d91b764b048ed50aaa285711cb1f9338fdb3dfeed077a,4d42ff186d80c9b63de3d4fe2b2537b8a9156f32663f3c2b662252ebe2b7978e,7b0e683d94118a98f9eb432b386d9e14fcbe1e33a95c25248e27d7373bfe8833
429,150_1.jpg,150_1.provenance.json,637ce029964de77cab3cca0081304557a7ef412f30f81964d0d627419c43ecb6,51632445c5a95a50695ea8f3055fb65fde330b0f8ac46b4e444fc5166c22db3e,d20495ed15e35d258f3de21f38fdaaa0205b964f94c22c8fb98b178bff566b1a,60400,92,93,GON+,GON-,6.47,6.48,150_1.jpg,tampered_150_1.jpg,5458f040b38330f26c598fc0688b28edf370deab12e39b71dbe1cee3dd167a73,3f109e4ec884f6ad5ea3725c77c8d5dc0c29fd8824d1c6011f5fc32c90253deb,844cdf99d81c81ecd8c2dd78defa7f6c29826519f719ffee52ef29289789ac1d
430,150_2.jpg,150_2.provenance.json,4ce477b1a0b4408b0c7ee0b8bc678cf3bed792337784d2fb0a3d4273c3394221,8708c0bf45ec43e9ad2718c39ec5dfc19986db18297fcd99603f4f703093cc97,60332f5bbc55e40a47f554758e215a33f8e5f9af619ab43e58573e12b2346305,57453,180,181,GON+,GON-,4.17,4.18,150_2.jpg,tampered_150_2.jpg,f7d57a891ec9405a64eef1263de05b8be45e75a5446f101d3577fa318b2fc8b0,b97f2ce8755bf947380e27398acb3d9477769da677358ae5cf32852a6d60ce13,d1b6963b44d95d9d84d816b4c49b9f229a2fa2e12d67295f4c8199799d5f9af9
431,150_3.jpg,150_3.provenance.json,a9eac2ed417f732e969404e6865052e5ec0e34134b53f168bcebd7a495a8c96c,6c59da6f2e6ec00bb24d853ddcee08f095a237cdb537e86905325f4ccb2798b1,dcf2280e9ba5c0aed6f88492fd3af94bd97d7419967b5851830172b82f26551d,58146,245,244,GON+,GON-,6.68,6.69,150_3.jpg,tampered_150_3.jpg,aaf4675eaaa79b9e04159c5985a4c8f53caf64b020c1877ad4520d5483d2e4b1,c969f1256b08c16fe144ab17247840910c60684ed31be548deb1b8f7c90f47a7,72d19c8444786a958239a8a256a5df0372d80abc343905b9c261f28afa88640f
432,150_4.jpg,150_4.provenance.json,276c9cea1eee35b891c9e13fb51dcc75e32ee6cc66e00c7a02090116bf8d6dbb,9c46ff12c9b9dfed7c8ed7f605de364326afe98f441518bc2072913df4ae4429,921378627eb5359239cce5e3bc0cf601f2405e3b61fdb1d514a9f2858aea242b,60212,49,48,GON+,GON-,5.18,5.19,150_4.jpg,tampered_150_4.jpg,4726426dd090adcbaf388d5f5ed4351521c191465d812e158db974a291ceea66,b20255668882c709777ed7d9fb804957bbfcca5989d45765ebb114746a3c3955,eb7136fd3325c787f8df0c8d77c0bec4b4bd0efa0a0c3a762242a07b8115dbf4
433,150_5.jpg,150_5.provenance.json,ed42b2dd9d0dba6314884792fadcd7b437f927e511e64524551597cfb3a05710,744ae58673775ad02969dbd6a28aa435f1ba7eef825633826fff8fa4620aa477,d6c7fbb6548b19331dbcf2f2c178fb3202f8590116f2bcf101d0149543d1c3d2,62852,153,152,GON+,GON-,7.16,7.17,150_5.jpg,tampered_150_5.jpg,15523caa17812f889566596be0a785a8c20d305d0a78c8d37f0ffa6ac6af50ad,c50b5e6c540b2b3441ce408f5e662ba5819fc90b083209394a1d3ef9753ccbcc,0a956ec61fc57754d28b72d66482970550e29370a97a0f26e75f4d4a4e65f003
434,150_6.jpg,150_6.provenance.json,c883e0a8e0effd75537759c82ff1f23630fa1dfbea8182e26264e80ee6253b44,8dce0db7ceb9332f851af36da2ba03cb05f83f1a956890ad053b28cdbcbaa271,cb6fd97cd066e9d6a0273d8b8dd02f7315e34a546c0023c8182e5480617f28cd,62935,164,165,GON+,GON-,6.29,6.30,150_6.jpg,tampered_150_6.jpg,b44caf64b0b2a527902d8263f744c0200836dccdde4c7a7500f52474667ed4b9,3ffbd7afeae412e8a2e444711dd73ba3a7aa6a0d6e90f276a0d6b92a3b3ab134,637ce05d083a8ca06365029b97212f7ed479b8d69a6adaf78fce0e4067a8c417
435,150_7.jpg,150_7.provenance.json,012c36d1f551ea3d1a1e74f00c484056a93509f8a79ce27a889a50635606c7a0,801dbb39665fde13511b135ae218f3d031c26d4875ce826a150e5a9496d0e8ab,3f6a24ba6891569549dd44060949648cf657e37aaa9cb1e3806337907c4fd9be,56087,113,112,GON+,GON-,4.36,4.37,150_7.jpg,tampered_150_7.jpg,cf19f561e8a9601d4eec9437c5cf78a660fed0c7ab3854b5900ff8b711d4920f,fe9069bee373f1875c4ae2528f4169cb90a31987f7423d1ed01723ff48a411db,72431789c8aee580d721495a9ae2442b6ec027c16a05d366ec6473932c3f1687
436,150_8.jpg,150_8.provenance.json,b28e6923f764b95cd3685494fa6e14ae9c63fcfb3fdc89c342a533abfcb09472,0cae05d3326b22f1e3e6c75b70d474effca25d053edb0bcf2cd585965199693a,977b23830faf9f2dcde18879bd89acf4d6e8e2f0165bb7d062f3b4dd2bee7c08,58395,14,15,GON+,GON-,3.17,3.18,150_8.jpg,tampered_150_8.jpg,d401215b4d53ccc54e2fb460c398d2aa91915f5afd378c5ed78de81177452ffb,75b3cadf027c8de2a9db7de76bca146b1b8005036b675f33f8b42f939310c0f3,3d0c78405bcf141c516d938999756968477feb843e645816580152fae8ee7b7d
437,150_9.jpg,150_9.provenance.json,79b48c37fd4af736389ee1421629a1188573436dc2a9290f6e617b924fb6bf7f,e2ceaaae97569316ebf7d0475dc9397259d3c021215276a409b9a5b1c3bffc46,6eb7451c263816d4e5475d2e7e83676a704b4c2e6c72dbebd01edc07326493b6,60129,128,129,GON+,GON-,5.83,5.84,150_9.jpg,tampered_150_9.jpg,5a9f0ab54307327a834c9b7daf25293c86067fce4200cd63a677179b95320314,46325dff169e50d778605dd617b9fac19d8784b67e059587e271ea147f5d9d54,9ecc118f7874d347951f47a8d237ed56af9899174e7a05531042268c3650c351
438,150_10.jpg,150_10.provenance.json,a0908cb0fbfd2cb07abd0248288b8771994ac5aac2cf7d22fb3fd3967330a77e,7f407a6c5be290c3fefd2bb6e2306a0e9a18ca8d2acbde718d063f8d180be8c9,dbf31bc082304d2ebf52d529927f1dec6406082ab8bf4c24c18a6b8b037269c1,60026,92,93,GON+,GON-,6.22,6.23,150_10.jpg,tampered_150_10.jpg,d662c14644dfd7cb81f36eaa541892eead44f104460dbbc1ce2b8e35902beb83,19ad0c9128df2f51822f51f8a4eb56dcf3f3459636954305ffcec73deaf39cf6,90775b9e8b0a9768b8ca746a0607f90cffaa7f253878aec552e87f23110149e5
439,150_11.jpg,150_11.provenance.json,38a185d87732f35b0fe362a1af756c8b0a331634bcc0931e28df234b956dd7a9,0fa73ad846a38d739cb0bafacd1716b81f39fca7f33244b161d0e58e1eb57fea,13c648e47ffcef835443c3f63cfaf922792ffdfa482e2d625a58c4d8389f7f84,64508,24,25,GON+,GON-,5.43,5.44,150_11.jpg,tampered_150_11.jpg,33b88f108af016698511e07efb7be06aa9ad92898f917ac9095c9cfcede3ff71,c71c12ee53c098ca9233457bf9bbcb47ba058751c57ff24b6e8da9c1b9001c59,8c59f52f5c0519e7d0d8875b912a07403de01db4d2fbfe7adc45c820a3f30d5a
440,150_12.jpg,150_12.provenance.json,a949a9635482d3c4771ff1ba9b5ed08a9f824f1b85a6ccb4f1b47f2142adba33,4b3005c4e8182fbd039207c9d35d6c13d742d9fed40fcfdb5c3b2408db09182c,58aa16550626447b3a0d59c7009e48aac58df282ab1585c2eb519d63be76ea82,65320,205,204,GON+,GON-,6.61,6.62,150_12.jpg,tampered_150_12.jpg,9e372825a5a494b03f0dcc9a6a39ca3a457ee73cb5ae2d03f1ad131754544f88,487154158d81052234ecb95eadbbd8b11525b5ca55a2547cdcdf58540257455a,5d161471601ecae5c27893c507e732adc801eb9b9e0f3d9e1cea031b1a145e53
441,150_13.jpg,150_13.provenance.json,b41c44a4b94b20e360c1e3cfaaf16b4dfb4443af093af6e29b9f29d273ebc5c2,10ef498bd3f882318397370489d989af7cb06c02f46d51a76a213f3b55f4a8ca,1e4993fa3a09d45b2645960f6683090ad074d262d99667da7c80eca33951c02a,61552,38,39,GON+,GON-,5.01,5.02,150_13.jpg,tampered_150_13.jpg,10e9e23a706e4986a792cd9a572a5040f2f61f9a016d517c19704cc67d8563f6,f481ba478088d2361c3f3ba3d0cb9b7c3c90f9da555580323952ce59df2bc79b,7be5b10c06f13b336c4a2dda75b112009942920d6337827ea433249a8f78a1e8
442,151_0.jpg,151_0.provenance.json,24ab625094055eec2f7e11504cc1d9d604c796666dab6ef425621e7b22a7761c,18dcd52b25b870ebe0c96d25e1049f98455e391d304fdc44198ea11213300968,a4869298a5bc1bcd2095f97a8c2f3c459c958a9a5bacd410f844cd874f4e671b,59866,154,155,GON+,GON-,5.94,5.95,151_0.jpg,tampered_151_0.jpg,39aac1a1ffd06747c090a517d2093fbd4cd4411b9c308a0f39f2416772e4ef2a,f2cd245b8d0ade1b87fd3692a22f99807ccb18b03690903910223bd044df99ce,01f09b1f08d7c6eaffda9993eb5fd883d128a81cc585d5690a1dd6a087728798
443,151_1.jpg,151_1.provenance.json,40eb4c06330e19487cbf84426fad109f2ad7de3c0bdae2a8a281a7ac9733228b,ee5e1b1e65f4fcc4cfef8c69fa056f41711bbf8374b63a28676a8aae449be1c4,59f6d7b4c2d9b582bfdd958b597136cd0b3e07cd0027f258ab2229a521398055,54070,128,129,GON+,GON-,5.10,5.11,151_1.jpg,tampered_151_1.jpg,7b96f04110b17d4649d361cc3b83ef12c54ce493ad44a82d8f56ecd6cc3c843a,22e49a52246a1737514c1449133b0e7c08c18a9ea122a8553a70746d558f5da4,720b3a45541863541d3d3460ff777f954c1e2ef254012db7c50f8236eb96baf4
444,151_2.jpg,151_2.provenance.json,ee2575730cc2d2ef8d2147db9bc504f329a66c7c7797088a0a4306f36a1597d8,ad0bb42ae1e023c644d7466a0b089f5c7ca0782c8cb72805520d28940a7410bb,4c17fceca0a296d9fdefc7c4f2717ac58ae3e64d791a39e8de68b90e5fad6744,56098,84,85,GON+,GON-,5.65,5.66,151_2.jpg,tampered_151_2.jpg,131838558c236580d5e62338decb3488fb41766834fdcb860bdb2f1101e44a4a,abf7a6d86e2ccd816daed43736e4ad4fe5d5aa8d599301ad34851e3b42bf0fce,f667a5c8086454c7dcc3a37e6409053bf3be6803fb08eee31446ef6d9cdbdf5c
445,151_3.jpg,151_3.provenance.json,cd083fb2e18c72684178a59649f2e950927be68e189d320096e7ef0af0f3e5e0,1c7428ffb7c3ee94682b22f60e8fa828d9a0e4a4a7ac7a94a884d1a89ada5351,1b01c11b14c5143bdb04dedfe89021d77bcd1b8982e672ca2d6356c3d6dd3a64,54023,51,50,GON+,GON-,6.82,6.83,151_3.jpg,tampered_151_3.jpg,0dae0f29c510170846f4a9bf45a5d7be7e24df40310503009246c04b1efa4c61,508c84da883bc6348b339848c5c67c94d18a6704f5f4b78af07aaf2041bef5fb,45f2e10b1beca516bee88834c9370fcd5bab56c4bbf37c4dc40aef7b6cbfd27f
446,151_4.jpg,151_4.provenance.json,3c684409f976bca7b6ceeaeb2684af582ea7336b492378a0204039a1ee68cc4c,b04123f3b623df8daf4260a117fece20f018ddf87da71e7ecdaffa31395929fc,f146c85f6a3e19bf4f713938efd75b505e6cf5ed0de25b15e3e7e4d15d1cbc4f,58571,26,27,GON+,GON-,5.97,5.98,151_4.jpg,tampered_151_4.jpg,f04b07cd777baef3d7d78e12f04e73553c6522c168be130fca308c2e9c78fb01,e20d0a394f5a649297f7385b77a7408dfdbe1dd3fbe4990fd645d9cccfc477c5,ff512b4a0f07312c99e9a7ebec278b1d533761569ff9b87e2d74371fa9c5cd91
447,152_0.jpg,152_0.provenance.json,ff9604616997e910730476fc90720bc14d3d7f50c14f46935e33331fc3b966ad,930eef0c5e65b4df1f4f20f790da5cc83c8255d42378869b55d7451037acfa07,3f61de39178b0f354a1e27b2602671f7e602ab9ecece901fc26954ac8a7b1bad,62030,81,80,GON+,GON-,5.80,5.81,152_0.jpg,tampered_152_0.jpg,a75fab825e263f39eeb8efc31f401a8ad4260bd17e2f145d56e48b28ee39fe5e,564470e2e1a84546f824d12f54d9228492880fdfa8eea6acefea5e16dbd97d9f,933b4cdfea187fe16fe23c7c80337cd5ddfd6e1ea58d1b6662c45667ece01ce9
448,153_0.jpg,153_0.provenance.json,ffb5527443a4d26b40be8c58af2e82f4090d9950b3e76922733fd6118aab83a1,be29116cb6df3b6b26d1cda1116769fcd8a4510bf5969e86eb9cf96cbf1d2151,42a69575c974e700f8565b56167b5066f37a60f174d61153762f10e73cdbbf40,57089,209,208,GON+,GON-,6.49,6.50,153_0.jpg,tampered_153_0.jpg,4d11a5c7cf67c86916fa4bfdd8b03246f4adf1337eb7043054e3dbdbb2c988e0,fe5ce9dacf4a9693ea8868b7f4b4649f627aeb80bba7d900a51ef48318aabf5b,73d22d3c93ca3380191520ed86d9b2d5a8fc285c98084334c562ccee91516630
449,153_1.jpg,153_1.provenance.json,3bace9d7c856b2b1e7620f4926797f6fe4733dd97a31949b093aa78193d4207f,b61b2fb9de6e7f041b955c8359b82347cfe92063c75b3a0234c90686980996b2,ff8e8b714bd268a7cc7488951e1627c04fa59a5afcbf518e78022acfaf15086e,62627,171,170,GON+,GON-,6.79,6.80,153_1.jpg,tampered_153_1.jpg,66b81e8efbe92ca0e7d638f9bd111418b3be8eae40c7fffd3bee229ddad893f0,41fb753dbbea313b074becd298485c70a91d2f99e7d6f9a0832b1cf1027f82e9,cde361b24d2f56ecbe0d529f726eebb6fb8dbbcde616084cc9142e4c4feac973
450,153_2.jpg,153_2.provenance.json,3b7984db6a0f184b4129b0d60c26e701c1892c5286f38a475286a788c6384fc3,4da22405ec7956efc3479969a5fb4065e8d593534aae1ecd8fc36b5bd4e55bee,b9eb70fee19ff413a2fe9f051db995f86ef019b7ba3cdc15e7fb083fa7c095c4,61552,21,20,GON+,GON-,6.17,6.18,153_2.jpg,tampered_153_2.jpg,3a983ae6a1944764cc9cd8893bd4a6d61e4774f77195e46ce8245f009f30e027,1e4b9cc8e8cf69b9f4713ddb6e4ac6573f24d45cf0e9e0a908b2a69e28d51a89,867c989e391ce521b6701300dc106cae2dd6d9f1622835227da482c2a0247941
451,153_3.jpg,153_3.provenance.json,78688467c570c684b5e7cb7a7a7d7b3206fc48e4b6971fb19bee311ae46ed995,5a545d74b126aba061edeba541f150730ef1fb48f6769cd9f6d43d98ad65ffd0,e8338bbabaea75222e4c0ba10dc284b181f33bda0a4a49c36eec3d5b1020e6a3,67317,192,193,GON+,GON-,6.66,6.67,153_3.jpg,tampered_153_3.jpg,b1eb89c2b51f694329d6437ecd91ebed0ef52e5aa43f695f58d3a8865e152ff7,99b56b067923315eb904ab1c474ffb2b013138788e2c64fa3bd7ffee510b3ea7,7e96d90b25e4e48f28bd79584665f274d6ad25755e01d91a6bbc2a7ce32d2b07
452,154_0.jpg,154_0.provenance.json,bc1b769d4e172e915bd8598cf722f6100c0508550fd36c92fd3371f93c91c92e,570d61ac0855afe3c0de8fcef15f803e4153ae08f10a703d095e5680eb327d02,329f51d5edd13b8f19adb2f6df51a01695260e41d82b40ef5f1086b3928beaec,65650,119,118,GON+,GON-,5.87,5.88,154_0.jpg,tampered_154_0.jpg,a673df9744762b46f6b259c5599e3f35821097e98393f591dccf01e4868ad26f,761294560e3850b155818138ae102cc9c5bddc589d186a379fc933717e3338f4,fc30f854e5bdfa3a014b19e77a8bd9c1cc8e87bd0d715230cb72cc5315eca1ad
453,154_1.jpg,154_1.provenance.json,b0c022b24c1166fa33576a0f6e3a685260b90fafb005c03441e11ab38f27224f,9aaf6b455c578da9768f2058aed3e3a5e3fc9aa6297a249df1073ddefb341402,95e2a7aea6420b63242c4bc65a8272232bdbf0579b5fb11bc1bf6bfdea30cb8f,72742,175,174,GON+,GON-,6.86,6.87,154_1.jpg,tampered_154_1.jpg,0b235a689d8c3685212308228321fb5872c78716d81e2a14dc927720a12df914,4efc504a852de891ac539a3256419dea7390a2ed87d81aa7a1d72dfb22eebc11,2a5f1a3fbf4bd97a39d830ac115491b2d366321c5bf5ecc55157975370c09eb0
454,154_2.jpg,154_2.provenance.json,63371eba10ac5f22421a4c3819b91a696e185a3f96aca8f9009c5adad8bc4227,ac447e738eee9da81f3a18d095b9e318fda6594181bdaf501aa7763537d43c6b,c0e2535e30c1af740778731bb316d034ec03132fdf5688151dcc49e0cbdc9db6,60161,140,141,GON+,GON-,6.57,6.58,154_2.jpg,tampered_154_2.jpg,8130703ba8ab4e5e81f8d1d547680484f9e0d3adead951dff91731bbac84f25f,6ca3d1798e3e041a258506a357c86b50d0bd239c455ab33a076ab64bcddbb73b,8d392977ba62c8df6e50804475e01d364214706e50d669cd21b8beb178e420b9
455,154_3.jpg,154_3.provenance.json,c79d71e6b2795b4af0c83db89798e22d840248aea2d1d6e3433b169bc8553e73,11cb526eeb12624a089f40fd9de815ddb52a46f95fc8e3abe5139eeacf04def9,6d94f4838b52cce2a64219a0b2ec10b09d0e56a3687127938d30e7df6b08e195,74601,38,39,GON+,GON-,7.10,7.11,154_3.jpg,tampered_154_3.jpg,70a025ed206162833e5f5516a13f86d4f002444dd4ed89cadc233cc67e7d6ae1,66a73a8ba3bf0424e15885ffc1df8dcb9e6beb4919a6e1f3d9ba6a354bd2267d,8f0df53cd3c3c699b7c847395a8432c87df8bdbd0bb77a25d8ba81091db78d2d
456,154_4.jpg,154_4.provenance.json,94f866e458d649138204a62b39ab37c58f7ad0511bfbc537e90320751e01b22c,e846d2a3f84bdc3d0eee573d408d90fccdf920ac0115dca0b849413e1d84fc92,e6f1feb97f51aaa6fa625b60f5a8d9aa9a79f5e215cd81bf80690b206e5e58c6,64504,148,149,GON+,GON-,6.09,6.10,154_4.jpg,tampered_154_4.jpg,23b7697e9f57bc28c3f5c8711ac997a65ac73dd5db736b9071d85400e9db2473,5df36401a6ae17b61126211ac41e986a40894c2a69b9fde8bdeb99b16a807f9a,08c0de335c73fc9197718fa991c1260f468b089380381f3ae70d3cc71638ccfe
457,154_5.jpg,154_5.provenance.json,385bf03a1e374fe315e859e9949bdfeffa49c948d68c65676550c30bb76ad357,88c05f71ac07c5f8a9e11a2d2ac5113f8fd6e30dc4a8333b431f14c3b61a5afa,b0f3254422f8ac37eb03a6d292140a70176c9647e73c44b467e66afdb7dd0cd3,72263,218,219,GON+,GON-,6.82,6.83,154_5.jpg,tampered_154_5.jpg,c626345277aafeb2e3b44f6855a848b2f02adb651a4d6c29d57ce5c37bbd362c,9a4f26dae72cf5c94c8a24c82618e93adc9fef25a8ecbb054d597a9114787b33,3cac2896d0e28dec20425264e142e60f2734dafd3ed5de300fbe8a598ef81479
458,155_0.jpg,155_0.provenance.json,ee2c3d667347ded5d94d4a8beeb7511b2c777308345da3efdd1bedf87c802119,ac8564954abe6a3e83f054625d490379efb4f0493f479b8548c88eb2b8f1311f,fdb78bee922bf6c0be9d7fbb1005a0641660d5f77cfcfed38aaeac961837002f,52431,192,193,GON+,GON-,4.11,4.12,155_0.jpg,tampered_155_0.jpg,9f6c041a0be0bf32d9d61dba1f0d5e02813c376d25db977c5ca8636aed4c515e,76c12a018ff848877fe4861522d16dbf0c71ad81262c7a1175f919eedb4bea70,19a5270e35b7baa04e36823a6c8789f1842c6fb65c0de5052205ddf77120c771
459,155_1.jpg,155_1.provenance.json,e2fe2a9f3f1af95d2bcba5728026fa96385a2cf9a18bc175a12287fc40438a29,6f0f030188f59a97d4e8e6c128a724f59b576abadf1f78a939ccd9295b78a91a,48011032325c678dfdf0428afdf030b04ea1f3ea00ad4a1f400a96f786aa8428,59575,102,103,GON+,GON-,3.46,3.47,155_1.jpg,tampered_155_1.jpg,c91b704493691d43bc633c4cd2441caf833e35772f07755edbfad132fcfcde4a,4c90496170c6afc6f328a2dc104dd3b6d962266173751d6180096e7b45698d7d,78c5431eb8776591fb0b6669d464ecc4c381691c66e01cbdd2eb9e2d0582bd9a
460,155_2.jpg,155_2.provenance.json,f4579c71d2f26bd791b5a4e7e7a199ae4db24c19d8acd590740f284f728b1f20,c4fc03ef24c3b36afdd3fb87df86c7d0f031aee40b20c64ea0a2d261af44e80a,d52aa401e7bea8247133c0a9d2e4befe4c3ad37c8448d6f69cb94dbb739b1306,61008,20,21,GON+,GON-,3.23,3.24,155_2.jpg,tampered_155_2.jpg,ac4a0515007211781ec8e31bf3c5066ef0d5b112fcd05a5476e1f1871a900d9f,0d8d3e343ccab3899606986855845d31ce90f7c3ec8568dc6eb4374dff05e44a,2fa1a14cb4800d4c80d2b097c03c1d16fc7a476b2053e3fafe97c1361fb022d2
461,155_3.jpg,155_3.provenance.json,3ff067c2832c50c5c7eb79fb44ec82198203becfe8c9821a2381ea147f449e98,c9b20dcf3162f139ad93b8e3df37a091ed649e2ca31f1134c9d9a8be6f131dc9,25154b66fd82477af498ee4a9642518dec1cb92181c2ff34c3ca6452c2b20bd6,56686,98,99,GON+,GON-,3.94,3.95,155_3.jpg,tampered_155_3.jpg,49b012d8d906c28190e020a7da37733d40334b232f54fef7e2bc35eba534f5b2,748fa706d867330f49a9a50ef66eb085458b68132deaaa36cfb55de1a2d4d996,e3fd4f403baf9275e2ef8443e16a398ac2cfc30e2a1d05fd5b3c795cc9be8914
462,156_0.jpg,156_0.provenance.json,d67aacc7f0743a45810eb488ce9e106f8aea706ef484b535b0805a03b5e32a57,24f09a64323479f222925afcba328778f096a061ddfe023d26bce502c04d059b,950a3ce164b09987bbf5fe681ad7d9a31846382db2fb4ba777ec23359862a563,63028,122,123,GON+,GON-,6.35,6.36,156_0.jpg,tampered_156_0.jpg,db37e1b47478c9e4fa75b7624669f06d6f2ed15928d21290485183d1f83f736c,fff0d65d0f70895e651627df9e58803ab5ea42995e4cd3629c90236d0cbd4a57,613bdfbed435f38dd5ece8ab38c8b0f435a884e47a96376441869fd923217834
463,157_0.jpg,157_0.provenance.json,48382e2c1435ada55fb41d9e40f77e436b24b84b2a1c7d82d1e37b30f3c6ddbd,73b1009b647f57ef4e7095fb8439d2c229867cd92f71ccfaa647288b3317f47f,b9c0c1f2f9612d701fca86249804bfda467dd0ebc508516f067de66fa0be2822,56921,62,63,GON+,GON-,6.94,6.95,157_0.jpg,tampered_157_0.jpg,ceb55e9350faa933b086b1529137e68b541bd3d3c26a552f9807d06eb7ad0e80,b4f252619aa94bfbf394681b004c5846b7d8918f85214aee54babd32ccc910f3,a4e3be0a3afd24b3d5e9167fbcd6e1c934693520e0acc8679963c39afcbc9e9c
464,157_1.jpg,157_1.provenance.json,0e09ea7f7969fdf60364ac5c8c4c663cae2d9cfe048c4389bcc90cc825155d0a,6212538954298b0ef76471cadfda6c944e1ae451e0acb66505042028c9a0fb83,3d6e2891b58dd05db4359bd743651a1774ff13a0ac469a43f6289e6536121c79,62216,111,110,GON+,GON-,6.99,7.00,157_1.jpg,tampered_157_1.jpg,d3bfb738374584cce5ae3816cf7c79d746f95866a7f8dbad0143046e1fdf6743,ada41bb0f27ef0a9c67ec96bdd4bf746ed8bc38c068569fe73486b6567708da5,2bde9de24e0d56230a96a9b8b017eda9f62d9e476ace5b0e9b7896108a204706
465,157_2.jpg,157_2.provenance.json,958cc13d3de1827cd3210a44d02c841e0bcccc80d2fa93301edffb100248521e,b762b3dba1bb857ce5c4860af9eb3bd8278a2d8f60edb8c5c7c51e02c622312a,cea513b84a6bb64e648ef221965086db67ac647d7db73141fefa91e8456f0f67,53913,49,48,GON+,GON-,5.58,5.59,157_2.jpg,tampered_157_2.jpg,f2524acc29a62f1b04b5b991d553f09b7f2aa47af7e4ec074bdc1fb37ca2297a,8d6daa231706688cad9e036771449f6a831f8435c6672ab8de04cf21e8229349,9babac8ffa0393f6acbe1e942c7b9bdb2c5f1ef0572d39a0fad57b9ddfc1cd05
466,157_3.jpg,157_3.provenance.json,873eae0377618a2b1e3b497cdc7f1e7df645a2121a523090c3e5c95337a2ce33,9b0ac974f949c6bf6611a4e8b87a91740be2d44b78e2e89054d8f6ce9b433fde,982aa41428e24bedb93c5f8d6beeac39baec5684318e74dd8b3db2df34c8f545,70507,65,64,GON+,GON-,6.31,6.32,157_3.jpg,tampered_157_3.jpg,525967f36ff74824b37aa39b6c84fecb6e257737f9d5a3416b36081ad079988c,3746da719b1830ac3abadf60ffba2cd9b37c5a6a42353bd707f21b113311b868,c8750e79220ab73e74730885bca62de1d35f6f09fc353ad9041a5b4443ad7721
467,158_0.jpg,158_0.provenance.json,8dcd005d9382e38a7b3d8abd9c558cd39f5db4c58fe1043632e9ce1134f577fc,ff1681fe7784d76178a24466befbb9db6ecd4475430495e2f50aaf53b241237c,f6d5b2254eb5d84c3042fc1f5c1160a202456a0242f5e54e0e6a6f8d43699ba6,70159,67,66,GON+,GON-,5.57,5.58,158_0.jpg,tampered_158_0.jpg,6d04e03377e797102778dd4ad70e98df4af32370c60494076e8a45a924155323,1c8561a5dbd10033e12a2b3eb97944eafe2785919a6b8bf75a150461f5960021,95d887fab89fd2f397509f0c42717ba5f5a741105908f8d7ab22761b62564ef0
468,158_1.jpg,158_1.provenance.json,6371ea35aaa417b3a7880f0f87e8fb860fc17bf9d8af2f48c9e466dca5daa970,747d611ec46f08ee509183229f8f4f2d8ff88895043f959b8e47b6c42d5608c0,9272093b41ed41f9c303cec55e30571e459621432aed1dcf62e3cfb795739b12,72531,37,36,GON+,GON-,5.90,5.91,158_1.jpg,tampered_158_1.jpg,6498033db05b02d8d353f6838611c644f3b17198f40dd9f6debd39a352d55d09,2f8c8baf1d61c87e500e6770f0f766f9d5cdb3667cc827e7d9aa846944d2ad92,01788a573e8cee9971ea112581d8439301bdd76a1aafb9cafd762287d429245b
469,159_0.jpg,159_0.provenance.json,6f5913fefb3a4924b240836d45e0c886083c05ae744d16a51f205ffba6b33e6a,163778e9d48b8dbd4bc3147908bd8506cbf9559662a1a17c7a3b85567f677473,1769dc84d52f6663e75a3aec8e9c69537b099df40d0bcd47dde6930036cd6ff3,58537,238,239,GON+,GON-,4.04,4.05,159_0.jpg,tampered_159_0.jpg,4b59a315f806140c512f61b9d9d1cef4d40d025185ed098eac0ff921dcb258b6,95eea27aa997aeec264b7c869257a3b5e24509e4c5e1c300c178de07ccfc7a04,50dc00b35e6489d2f0ae2539438d959a05b735ce4f8cfb0af08a93adb2473867
470,159_1.jpg,159_1.provenance.json,c78783896bd84ac8c3872a9e6d9c7de09d3ae98ddbd3d1f854937f8d2cad5e13,461283b31e464dd4b8595b1650117acf259468e64a0af5dffb2e110c4b36fbac,1fdf6da7c3d8015715876abbcd13bf60ccf7512d2be9020c7c9a0be10831fe0b,63505,38,39,GON+,GON-,6.52,6.53,159_1.jpg,tampered_159_1.jpg,6595e037b955bc6cc76c33081c1f6113b9701060dea3cd1d203bbe6c3e5bd10b,005094cc224df06642b6cba2df1dcb37cd7abaca0813b9a729ba0ec6a6e2439b,c4417af67b6c22e570e1cad69b90ea5bbce171b4fe77c5fdd15bff39e7bce497
471,160_0.jpg,160_0.provenance.json,7d76ed9aa15b945a17310a8eac980b825c8b3a45a41c880b9a756c2d7fb93c79,659b76880729a6b5ed648c10adfb39c0c0d8dcb955f72649e39bb257aa07b9e3,38a54715466220a3efda427595fe3690872556d9c4c40c311295f94908770335,60895,157,156,GON+,GON-,6.31,6.32,160_0.jpg,tampered_160_0.jpg,c301e351e1cd4c48467f4d0001ce0e3f376115460cd09f038e17011961cb84ee,ec10546bb62a5061aee1e064aa69b497c5afd7a3f57c19a56e678bbc9110b31c,adb5c75eae2a43e406c7a8be487b81a07f0d265594ae4dd14f2efe15c41b3067
472,160_1.jpg,160_1.provenance.json,184a7857508ebb0ef5348e0f82efbdd0b77f3386bf504a1e010cc1f298e24e72,b61e98b750271a0f6d87d9c98d82e6dd95af91cff30786ffcb3f651edceb5820,4f83cb214e684834276d97ae69c4ab85a2e7c42bd5b9fd8a0453a4e635976c37,59937,160,161,GON+,GON-,6.50,6.51,160_1.jpg,tampered_160_1.jpg,f46234aeb7518ae26e9f13447b092d7ba31e06be4acd0c5346901fc43c46839b,257fecb075e01f786020b9a3fdab65ec03e3b8416cf129ae02453a235ac329e1,fb2b0f0263e57fc263bebdd2dff7458b593047c5ebee667d7ac522b062ab5e3b
473,161_0.jpg,161_0.provenance.json,c72c7b72ce5c2ae1212ead9e409f228bca9579cc2a1db1e4e1ff1fc8523e6118,dbc6681e3c42331b660e5935f4378dc90bf57ce1165f30d9a7f04bfb8707b115,77697c668a584f6a51ca8b4d961cf3556b1569c8468bf66d35ed305f216ca42b,63955,163,162,GON+,GON-,6.21,6.22,161_0.jpg,tampered_161_0.jpg,18b9d6c675ca0beff4ff228935d50b95ea52efca99e8ebcfecaa56d2e1122f9b,6882e1d9542b74d67770ac0f9f1222bc916e7964e89519d0ca97fb5bf13afef7,550def125ae17f9d0d3df5f09bbb5979638dd085e8d4c4392a79bd663cc15460
474,162_0.jpg,162_0.provenance.json,0dd108d4ffa177d5a114dbd49acbf49f7db685ee7674a717ebbe81ed554cd952,9d010b2640df44061a723e293ad4c5bd6195e4386c08d209df08a3085dd8901e,def9c73bf58e901ae84d9ad00bac7e9241c4ae0a540703060478ee2b830c9097,60790,197,196,GON+,GON-,5.91,5.92,162_0.jpg,tampered_162_0.jpg,4a1ff44b052cd3ef051bebf811661a7740df8b475dd4a8fcf3a081e23c087e14,729fc9d9af354da260530a98452169e1263fd55ba0295a22780cbba5cd7c48be,b0c328777f7225bb952ade879963c3bcecfd0c3a0ccc870d2a7170a14b110aba
475,162_1.jpg,162_1.provenance.json,bd949cba8a8824151abad3bac682d23b7005e541976d070064183d5e58d0ba8e,b05a014b8e35667a5ac2dc30ff0f68c723ebe038810beb758e0bd8a25f6136e1,29d3f8303a002d392f81fa4f66b229e4df2f7582411a8e29ed3f324de7b6b57b,71773,50,51,GON+,GON-,6.73,6.74,162_1.jpg,tampered_162_1.jpg,4a09e3c1439b41a1b484079c62041a9f1fe28517be85c72029b3cff68ba15267,e893b1d7b79827c7b4e285355ef03953860aab63c0bdef4963c24e4e986b758b,3a080b07cac6fbd72b3b1823b475430dff76da755d557bed822a369af5bb3420
476,163_0.jpg,163_0.provenance.json,9606545f04a85c15fe560b919b1d3301e76635a8c82e1900050ce130d5faca01,52ca7d12e6df576bccf3ec8fd94273cbe1d8983fca5ce1bbb2da676716f5ac36,e4a5dde5bb7dd07bcafbe355b21c14160b025fc9a42b71eb4248c2beb6188b64,67477,139,138,GON+,GON-,4.76,4.77,163_0.jpg,tampered_163_0.jpg,3b0114f7ce1d2988fedf4c24e3c744602c8e793243105d6d5850d383e9ca1af4,3b8404b68a0017899985aa077129111e90674ffbfd05fa3e84bf71cf017c336e,35da4bf2afb2ba015c12d61660e1ee9973f15b689d06044badecc2093cdfb66a
477,163_1.jpg,163_1.provenance.json,c95bccb1d0a44509366a23bd5865c9096c15a8da379d091a64267e367dbed1e2,df92b503c7edf5731535afc32d81271e786390fd71a30ae4c1c74527fdc61491,4937d3c9dbb59054fb56927c99d50bd79a143503de5cfeca109edf6a63b9c4e0,64725,129,128,GON+,GON-,6.79,6.80,163_1.jpg,tampered_163_1.jpg,12f91c24a4d47c4ae7c91ce4368222777083a01c487b3c8c9b9ba5d1384a06ee,adf5fc09d72a30a4d51272d1c679892764fc12f0fac869c8e55d73b977e5e987,12192d46e94b916adab467b488421b578118cd4eb34ccd4d6c8714ff58c489cf
478,163_2.jpg,163_2.provenance.json,7d2571fa8d058e56af92e39d6bba44967eff304ad1e9fd23894b0974e440d4b0,d5072d51b923452652808a460f795024ee9c89ddfa32d7990a9b677831f5a068,d265f6b1fd871294e848d7bcc2c7490a55cbe42bf4d14e53b2d13486b6491dfd,61486,105,104,GON+,GON-,6.33,6.34,163_2.jpg,tampered_163_2.jpg,21eaaf29fe34910ba4b7dc0fd1a57b3b42624f97725e76096a266e1323e1e36b,70afa6ce85b2bcb00a0dfbe3e19ae1f7c7fd794a4456b8e12fabeae8201795be,de20ef9f41ec0237f8916cf49b0df4530bb2e5c1f59c2f5bed429c1325b6f05d
479,163_3.jpg,163_3.provenance.json,b9de62e970a18c61cd5bce426e1d4722b5cd6795ff4fbbb302a484c24c25d181,4041d6111d41cfb309ffe2ffe67e3ebdb8a8899c8b4feb2c2a6c967971dbc239,f7bd49eabf303003a26930cf6950a9ad24b8433500f5558a7a3958ca8b9c8b76,62421,214,215,GON+,GON-,6.46,6.47,163_3.jpg,tampered_163_3.jpg,269e32718305b2a00c72dec8479d36d1564fdb1535ec3dc3db39c3a888f2365a,66bf75370d7e11430b6a816a3089d00b526280c50b885fc014a3e33674353696,1a8bc887807e94e0b7f2b4ff925384dfdc2d40d8062565e5bbfb1153c6cee02d
480,163_4.jpg,163_4.provenance.json,e1f9fbd2571453ea6d336b3d90549ecc36ccdfa501a0ae7eba45918455d8d068,18852e83fee1077f76b3bddeb6510b8de7e4cddbb797e5cc1822b934f55313c8,8f7bf64e5eeb6d47c33005ddeac4af3be887d01f0a2c948efd2e6646a99765fc,60864,50,51,GON+,GON-,5.96,5.97,163_4.jpg,tampered_163_4.jpg,3d3df4c5e0c67a276f38ec14764a41ce77fc4a82c4351f9d3577a92755d2077f,73cb0e6459fed2c7ab2385ff56f2d14d5d3bfd220b5e0fe34373cc8a94a64008,33971f28380f8f7413a78f7b1f70085dab04b443d3bdd375b5bbbe29afc49178
481,164_0.jpg,164_0.provenance.json,77283e60fa6fa53cdabd233ceb24367417482a07674375856ff1f1f17c0ddac8,3591478d8828d6a976543991c271a2389d2221358a90de16dea342d14075424a,f3983e008259088708269c4fe77091c43a4f4bd44a0090c5ed8ef6170899088a,67079,5,4,GON+,GON-,6.79,6.80,164_0.jpg,tampered_164_0.jpg,5259187fdac865702c1b6693b1aeec95bee5e8e3ca1e1a9456d5e940cf38691c,ce194e8de1d988fa2fa80c21b13b2ec3500477479f063dcda9b0c5d82a1fdc06,af317d83ba34b90920d8d94e897d1bcfab68bfad7e237cbb7cdf45de1dc0ed6b
482,164_1.jpg,164_1.provenance.json,ee314f52a95321eb68806cae7661626015e0f89d92abc833a7c042adf9e5d8a5,894678c1097c8d3abe10dfdc9b02916c49d7dad669a4ca8372a32e930602103d,70353bd9036422b212528c8f5a372058e877f38354bd23a999cca2f4c816741a,67938,138,139,GON+,GON-,7.13,7.14,164_1.jpg,tampered_164_1.jpg,385a6018d26125b1414c02265910130f08d88008cad483641a30f1612d4b4bc8,0134bb2b92e06a7f7708213df6d08c5d62fd89ab9578b21ecf1f50e0571c65ff,55b0a02367fe18eb8bb1d04c6ac0438d5194ce12b058a1a9bb76bf6d3a92b37c
483,164_2.jpg,164_2.provenance.json,86bf09b697d5a115e753cec79d2523353995d43207881210d89b7316a2c8f907,c9f9ab01e3c5ffdf30d52c7d293fedc2d30071cd1fa9acc6ebebae2cbf858c3e,c9cb44e6e51648b0e610666c78807d1597b9d8d8001cd5184cbcdf426ef4138d,62749,26,27,GON+,GON-,6.53,6.54,164_2.jpg,tampered_164_2.jpg,3cd15467d0a26f70508381829f82a47d7e1d9e612cb854416dddcba99272abc0,ffca975090381c4313243268a985569e93550280a1d40fb438c3915c1af1333a,51b8cac387a72143d8d70d00be0a019370407e85af78fcf3e4d4dcace7697e56
484,164_3.jpg,164_3.provenance.json,699b1bdb76cd2f75fc5101cc54d7251a9aa8d53b1102b76587e9413ef253b038,b383c106aacbeae1c87f34b064ec1305fa98b3db38b668f1eeab778e9ed48dfb,848aea98d06ece7a249e1f73d68c959d99954cbdd4cdc6100e072e4c81f70061,75165,205,204,GON+,GON-,7.07,7.08,164_3.jpg,tampered_164_3.jpg,e5af35735e467709060a9d5b1057cd219ec2398176bbc347f4bb0651dfb5b908,67c0c5171e1cc0884f9e298d96c7c9a0dd59d37b565c2b16f5e18022bdca8f0a,4e33f3d0ee0ee6be2df1166496fa2282faf8e0cabf405473eb0013ebda6388f4
485,165_0.jpg,165_0.provenance.json,969832ddf5fe775257f89754534f90a169accc9567afc0d1b7b769313303caeb,b047bb28c87113be95cddfe5a60d3bbf92c98f408a6e5683966956ffca5b80fb,350875adcaad418d6a682c401756e96d8675dabb8a7e66191186d2c1c14af6d8,65449,108,109,GON+,GON-,6.09,6.10,165_0.jpg,tampered_165_0.jpg,9f6f8805959420c8919832d99f8902314dd957ea78bba3f3396c9bce821dd11f,b44b996060114eb7b4e4be96d96c00fc741eb21d61a9ec72d46181208a7da41d,8f61432102352419e7d8dea8576c93de7a5fb3ac0ed6e6e7ba51f774a05cb2e7
486,165_1.jpg,165_1.provenance.json,b16fd02e5829ace2304f42e6eeaa6b8ae7ed8005da47d77588a0777bd886d8d9,f104b0662e8060e8a134ca01d68f146d52f1f9374279754ded09018d90d2f52f,849070dcfd7f1ff73c5eabc1efb62fdff8224eb41a49fd8c9a9e799acd431077,71495,102,103,GON+,GON-,6.50,6.51,165_1.jpg,tampered_165_1.jpg,1f49ad022a2b2721c4f7266d501573b21eb79ec83bac06eb79fc6eefe5f91173,27ef35de23a561d9e1254cb2b76060bfa5a9ad4354b5869e3607c7171d16981e,8afc908e35c23af7df6cf656fafa17ab2c0f0065eeb8dd633188ca895fded7e1
487,165_2.jpg,165_2.provenance.json,cd7c7ee13b995feabb94d3c7a587b6369150b7c4538873acd982e47d34a36cf5,ea64dfae99e52d787960cec939f5d2bc7bf32d65c0dffdaed07fc1626b7ef7a7,d420a998d018c945706e15254e26dcdfacbcf98bcb658a974c2ce672256d7865,69769,156,157,GON+,GON-,6.42,6.43,165_2.jpg,tampered_165_2.jpg,025540ccf5eafeab75ce54370d69c11423731ced28034e50a4a642e01eb8a574,9ddd26a3a66904f7360e8182ed63d3880a1dd20c8a90673c6d05b27b3bfd9d9f,44c76daf2ace924bf51e9ff191ac223e527d07b887874227e301b805b0942562
488,166_0.jpg,166_0.provenance.json,69c9fa98c04a8287aa498d6cfc8e55b0447101d75320fd813b6346891374f5ba,5f65d80035a9b424561727475c644b24cef4b7193bd758594abbcad30f8744fe,db25811d649991cea085b686180887749adfa816811bf8fa1d320c0b4f4695a4,61960,141,140,GON+,GON-,6.04,6.05,166_0.jpg,tampered_166_0.jpg,801a8a2e4ab635ad6b7ae1e3aa437925f86eccac86a163a1b8538b7ee082b757,9c604c3cbb4a36df2288b9c75342af1a02a3b81838ff0c597aa5c3e540f0d408,94e4d287d57d57f550324093e3e5b6949ebe5d5f01c24c35a07c938375d0e585
489,166_1.jpg,166_1.provenance.json,b910e936e244ea6b7007f4912eceae1e937614eb272d2f19bed89138572d97bc,edac87641bfa168543a10b14fb4184062b1e4aaf6a9da8431b9e8f6814371509,92cf2d2a34ebc6cb17a36ba2bbc4984f043aabc83eba49c650142953267edd96,60398,138,139,GON+,GON-,5.54,5.55,166_1.jpg,tampered_166_1.jpg,cad43ffe2360466a9ce0a36a1d9d43d5b8fcacbd7791448da57544e6f5cd89b0,041a09d84f4981b9009e94331ff35688b71b8c3a8f3aa935b8f1b15fad913d1d,5b0eaab7ac9ad0e0da02cc693bf5e83dc1f3716977ad9b6f64aa376fa7996399
490,166_2.jpg,166_2.provenance.json,18ecb1edb4d804fa7fdfd6b9233c8ac57a085731b760f00b09c79e5915106fcd,325e7f85fa459fbdd9f0bd7a8495aa5abbe56e53b652953799a51574937191fa,0f9227a621de06669033bfaa8263a8200aff8e9dd3cc298424c4c1bef354c541,62600,52,53,GON+,GON-,5.17,5.18,166_2.jpg,tampered_166_2.jpg,3969579d4767d8c55b497300a510decb3eb410c265a14c9098a53c54f12939f5,60142ded592153c10a3fd9dfbd49bf23fcbad317ba8bc8cfb0af0f1ea1da02da,19c4633543ff32add51769ee8fa488c3c69965e608403bcd4655ac38b4c161c1
491,167_0.jpg,167_0.provenance.json,38c80392f7ba62259e85a498107609bef0c685b3b1732f6d2a64f9d89278d95e,7ce6b23d570d8e6b0357681279f7c9c7ed10db9d8976f423bea20892dc5304f6,d5b023cd48111e5f4799c155afd45dca062db4827e8f2cb18666578b31010e1c,66132,64,65,GON+,GON-,5.83,5.84,167_0.jpg,tampered_167_0.jpg,2204b7b4917a0e4232004af73247c2b7f1208ec6da3919bb0d98043469773060,6cdef23c2638b1aa05891edceae8c5218ad86149400439987777a0b6baad7e49,ff64b387225c26ecb80d006acdde2750c3845924d4b44177393d65d1ef229d06
492,167_1.jpg,167_1.provenance.json,3be2636059867d3806625b68adf71ac6c5ea15e2f30c6b641f4a0f0bc5742916,91fc66a628aad7f282421708f36f47fc49d709e7134ebb21bf0e62021327ccaa,f1ee691479c78c741bb8f5c5d35591fc169e9c808bbb8e8692d547431a737362,74164,179,178,GON+,GON-,2.90,2.91,167_1.jpg,tampered_167_1.jpg,75e622ca38281c70f9c11a4ecee281da33f0f9e32e7cd016d2de168cff0d77b3,2bbc96c9bcb0f1454fddc92625480af4de00de7c9f787fae0cb4beca3d14e45d,2ef3283f0b4ab06a51d88904dbbe773b7b44f76510f46196e53f9bf4918670f3
493,168_0.jpg,168_0.provenance.json,b067bb71ef44bac21c0fde275a227e8d671e9088a972ce442278d923a7a3c793,3d2753747f89586140ef831e8cfa71e542c2c90adec5f0423268e8b9d411b594,323948d1a6e2945cdf6525456c43896dcdbc26c37a77ae16b4bd3c97da4805ff,63428,104,105,GON+,GON-,6.85,6.86,168_0.jpg,tampered_168_0.jpg,af098d6cb8c7a68f9b647afccca2b3f083a7334d5445fe22378c0d77b97e672f,6003239e30bbcfc0a7e762195c6665af3cca37830e826084351cd3abd67db977,35aca3257e2d871efebfef10583e6b38b531c5eb4b8ec8ec6937d064c687ea72
494,168_1.jpg,168_1.provenance.json,4986cebcd2008ac2ea32b996970337508896f01e8e7ffcb408bed21504780bd3,aabff6f18f6533c027d8c0d24426f0761a5a8c55f74a2c4ab2776f5330775602,55b888351661d3bfd0ee74cd2b0a1fd0dfb39f86727dd926fe247f8c11b1e951,63650,52,53,GON+,GON-,6.63,6.64,168_1.jpg,tampered_168_1.jpg,0f9c839bb795a36ba0d25dbcc04f5dc6c94094dccde2fe1377b08992c251317d,35a008ceb4d06fb4e994df5cb19770b67e1834de7b6a9cbeb0b06ab65b7d4bea,551cbb09b048b09f72fa0a74c80691715ebf57c4f33323d59c5cdb24af02e77a
495,168_2.jpg,168_2.provenance.json,c764306f7b640daed598a83775d59e61e4c145e9170d266f86443723b4df39e5,fb0e9c85cad4c7cef0cfff43e75ad6882502e761fa3fe45894e51ff0d9b49163,f81721b871c380f3794c0bd2ff045d9b5a2d2230c2be4236aca1c8b84e339cf5,63908,105,104,GON+,GON-,6.32,6.33,168_2.jpg,tampered_168_2.jpg,770abaf466fbf2099ae081327873185ef8dd2115bdd0e7f27caf9b89c4f2dfb9,abcf221943e3b3cad6a104cd6168971c528ba1b3792da8570908dece8e3e9007,98808b499fde53c738e4c939b4363ad52ee36edce4bb87dcf48387c7fb4a1e46
496,169_0.jpg,169_0.provenance.json,dd09c7b3db093a953a0450c34e0e5abbf213008a2376824f02502f0ac138743b,fe89fab54622f7977fea4812728a1a65cb9d8fcc74dabc1594b42a224c1f2c1f,99cbfbda25bb9968a95008b17d3bba2effadec45dbce5a73220b8e47f7c76a6c,75155,213,212,GON+,GON-,6.51,6.52,169_0.jpg,tampered_169_0.jpg,bb420224f175f9ea2b30f98d5b18621c5cf291b99ae44b5f7fd3b854d2fd02be,02431279f8ba9121f11eb568989f290dd004a2511854f09481508a1a73f98cc6,ae585bed456007667a833d690ac8cbba421c20151fbe1ada87ab06e4c9b0ce12
497,169_1.jpg,169_1.provenance.json,d0c3cb6a60efc98ac1d14dabcf82797a859771b13b6a8675ae1b4a08b608db52,4f1c7a63858c3da93d421979db155e98d8b765221a1a8a0594afccefb2154719,c93dc79bbec973f173c8c447b4a844aaaac3a9d466e6d310c0b7c6f0c33f0408,77777,163,162,GON+,GON-,6.58,6.59,169_1.jpg,tampered_169_1.jpg,272124e710bf749df30e792a9cb99a47cf3b4b576daae2336a8e1affbc0b094e,c769fd186f72d6eb0b11835f4a7a8400e8fcc96edc4310fe76a118c5d0ce275e,1174e158f98ff136a1c92932539ba83d767dde2dd2477ca190df346c5612b8e6
498,169_2.jpg,169_2.provenance.json,fee30686945b577602c52a1e22b7663569a711314be40dd6b47cc1d568f9e5be,07890fd1e7af9bfe8c7373bea7d888d03c675b8eec3dba8815426ad0d0d72a3d,e751db13991315c7e643c34889a2739b1a7be0fd143bcb9873afec61b655c01f,73040,3,2,GON+,GON-,6.57,6.58,169_2.jpg,tampered_169_2.jpg,78c918456b65f411d55df80fb259fed371901ad3866f7a186fa912a168089758,648fc834131be62098fc1c794079d5c6f033e3305a542a641a66fd1754d189e3,036ca56e4586a18bb4f16f5b904d76d3cbe6b6b37c12f76b1dced37adc05d82d
499,169_3.jpg,169_3.provenance.json,5ad913ee390e52134e8ad55dccf2977082a27a6aaa871a17148151ce36968309,d4106e21e262a7cba4d44975792bb0aae6e8f2041e9b3a660743f96a26bcfd6a,3ec296cd84b10e5c0dace01ceb7d1278f5959b78a1b66dcf9de9671d5ec597a5,75030,174,175,GON+,GON-,7.03,7.04,169_3.jpg,tampered_169_3.jpg,d126d94b453bf92465ca75ee57b0de88c745fdae4fadaba70bd3dc62136edb96,663faf180001ec3d9b2ca46260c5420db2c761e244186e13e4013ccc6f1fa654,f96bfc63f5ba6acdd1cec5a5be11b44a08654c2145c79b56ec18073b210a1e84
500,170_0.jpg,170_0.provenance.json,764bc71865d599015d3128ae70a214667d12320e46eeae724865b50823b5b301,9a1ae569b051d38b318f7003faccfce530a247fdfe9537257d48deadd9fcd8fe,985571938b2df227203df411c0c0162ae085de1a7f7278407c44354a39cf9847,67911,120,121,GON+,GON-,6.54,6.55,170_0.jpg,tampered_170_0.jpg,4177e3ef7074ccaa7a284d0299a0232508f0105f33ae6dac9c9ea6a98cac1f52,78cd2f24a8e0e30db6c0c4c4508a31326da62d2823a6b9e7c10175454112b0a8,b4b6eec7ebcf0be1fa5aca93a0e8610ea42149ccea470ced95713d233363014f
501,170_1.jpg,170_1.provenance.json,36dfaec2d4465baecdbb9f777135f018ec6f4c9cddd06d4510a53a3d15107a25,47e86e25a51f4446efd5c3813acc2b934cfa71be474b300e7efc0df99537abfe,cce4e336d6585a807c304b4b89130a17c62ac0ed8af5cf2e5bc65e323acac4a9,62937,48,49,GON+,GON-,5.85,5.86,170_1.jpg,tampered_170_1.jpg,458791a007f55212c864ae6e2953751e5218e8355ea18e3a1b7c21386eba1a0a,6c1d63103a81c8964abbb9e9f199cff8a938ddf9472a3abd6dcdb5ebeb0e26df,eb2c61c1057415b7b62acabdfb5ce5da70944391c8cd511bbcef8de8fa0d0dc3
502,170_2.jpg,170_2.provenance.json,6ec15f20a636253d4c85636d3256acb933cb8d33ddaa95500de3e086a5ca32ef,c6e4f5bbc5d2fce1cf1dd8dfeaf4032f7af54ec0d8ba6b250f3dd1132c0c2bf3,6d9df15c622e8d1d67c0b4b540f4116e80b3b075c7d68eb83fbd26482881eaa6,63051,83,82,GON+,GON-,5.39,5.40,170_2.jpg,tampered_170_2.jpg,c8a0f74719a432e49620aab613b66cbc945facfa8439cf3d01e2fb340c4771f5,d7ac46b5e2b2de56359e31fdb850a84a1e70fb3149dc14fa198e26c84db102e9,1152479af88fdcd175752595d497b8c98e64dfa34f3ee1986f7c010842af4eea
503,170_3.jpg,170_3.provenance.json,69061364e907a093deb8704231568802b8dd59afa45ac753d134d8edcb3ebfe1,7ca20b8a54ff872172cda3ba03f19e2ee0e2d447cc593eb2541567b9938518ff,00522e44ef88032728c947e78ae85615f92ed062432d839d2250d55c7861b3e8,61635,148,149,GON+,GON-,4.77,4.78,170_3.jpg,tampered_170_3.jpg,196c2d7c77a45af074745c9a64c87e83baab725df39d8c530862ce4388a7b878,feafe47f3a503fa0d9c6e90a7bda46d90717e743b96f63329cbbbb10684f49b5,53fedfdd976f1707e45444f0c6f753100f05dc9f3aacd9e1dd957adf584c6699
504,170_4.jpg,170_4.provenance.json,e7e62f82ca059a48ba1c026a5bd5d1e9a7436edf95dbada821856c2c202647b8,274a2b87631b61ffc80d109fd30222279e18e6d90b5946182117cc0c2b39a150,acdfd5c8933c4f9c6ac2dc9c06f1c04d5241f403b7ff39c56d34d6194a699b5f,58580,171,170,GON+,GON-,4.34,4.35,170_4.jpg,tampered_170_4.jpg,66bd4b3b969335544dc1ad119584d4ae2b4b0978e7c6ca1a9a3bbaf94e298148,3d0bab1e9d15a4b81e97fb64898906a7f04ce1b9c03396caac43669f00078fe5,61646653406ecfe316f262c63d34d09bafade9d554ff1fbe3e3b7b6573e7f9c5
505,170_5.jpg,170_5.provenance.json,2c539f5358f556e0d8d5e49c6fc2a52225cf3883893628270ac0047b9a1025e0,ef7133e5751a23130693a180aefcd5621ba8c961d10be71bb9a28a78293748b3,71a5942a8d6db2bb9512a0a056d63797a17f81885a7ec64b184046eece31b28e,59655,106,107,GON+,GON-,4.17,4.18,170_5.jpg,tampered_170_5.jpg,1125fdc1133a94ef77890ba23a528f35f8790bb16b7f6dce0cfdb003eec47cc8,e16ddd6b38167964d29e34ea6f045eb8ecbc3ccfa19faf514b331b7d86a79a64,7424abd5bf8866cfde0dfe9fdfbc28b11eaf1556da31948c1529839b679b88d0
506,171_0.jpg,171_0.provenance.json,ed626aad07ad4b6eb6d6068a65bb462809f9b8857c48b3e1d303fb9e9734350a,d2638f26c9efd3ceab3ced350e75606aa3b699c813f200df393796984d1df6d6,809da02c88172d244da89b3f441a05d8381d87e134785ca7707e52226b031193,60047,105,104,GON+,GON-,6.04,6.05,171_0.jpg,tampered_171_0.jpg,d020142f0a2cb492a133fd1024769e3017e97a43ee43518cb2f638fa95d27406,875c2302ba85747f44f8cb7b1e2bb09d12d8cc3266e8208bd86bb3ab7f6885ce,e044b551e542fbe472137517fb236c36d49c8973a8e92d807c3ee8e6abf755c0
507,172_0.jpg,172_0.provenance.json,c8cd37034068160b7956a40e4d5e58f69949d525a76c1f8573d3b4322821251f,6fdc76c2d799a48cd7d5ce7f0380f5ce842602f0139904fb761a951d85135e28,df2a5320c23141c200a90fb7e439ecae69fac14521cdb5f245433a551b247f8d,67385,59,58,GON+,GON-,6.54,6.55,172_0.jpg,tampered_172_0.jpg,60ac3075731abcb79ea0448c325562cb044f82ca449f31434b5513627d213d7f,e4419bffbe060c21466785e01ff4d27ce18ea7b2750134633d7e30a4d6ef6cfe,d3ba1d3500f52f2325fcaf2d49607b6eaf070ef588f73c35c1ce79d5b8adeead
508,172_1.jpg,172_1.provenance.json,59fa3f4ad500acb69c844545401bf266f98068937fe0c71c3e369cfa23a78c20,326e1002080369e4acaa792572119fb3c03630ad6cd4c81a96b3d188bee85461,bbe97779aa2636184fa3f71476566319da810ad60b0bdbb58a17c01eb734e63e,68845,110,111,GON+,GON-,6.35,6.36,172_1.jpg,tampered_172_1.jpg,381577dfb61436da68d4334fc38ce774dcd4a3ac30f09685ca6d6601d16539b0,82f625bf5ba85bddca0dddb62028d88dbf57276a63dd10cc76d96d6a0e378f1b,5a90ce2e4562135b6db90d83f122e6ba9d3b849bcd40500022a440aaddf73aa7
509,172_2.jpg,172_2.provenance.json,f4a1356a78acec04fc1ec83f154b57be2ef52da85b2fadf977a15f6a9953d109,ae8bb46b6806c8ce9132fc88a15ea72a38b3cc74ad0203daf3e5b4ef53653745,d3d2ce27f9b12196f15d5e5ff383768778d13f0049b70fa204faa07ae4282ff3,58591,82,83,GON+,GON-,6.26,6.27,172_2.jpg,tampered_172_2.jpg,be40ffb94275bd64272ad08482d0342517f8e6e45badafe887c68161101a89db,94ea2a7b4b595a56bb24330c15c71eb3b26d5b816ee9c610d25032bec634192c,80e05fdde122c6345a40fdaa79dd574d1476f81af03e0becaf7060c5a98043f4
510,172_3.jpg,172_3.provenance.json,161266dde6370062ad0b357b4f3eebbf5e391060b76fdf23450e092418300441,f25e62faad4f9af6cf14a6068e3feebe7b319eb8b9661d85e32978e1d93edc27,e61b4bc355bf0ec895bda0cf2c756b053c4ea2cf23da7fb66782aa1ad4453eec,60481,121,120,GON+,GON-,6.57,6.58,172_3.jpg,tampered_172_3.jpg,74436f28a014b0b6d62e61429eae4f71cfe63f0a516415ba9c1e7625e3f82092,b6afa360c418ef1a60ed229179add25dd677c662a6334ef1d1ae434d33e594be,b60d00045b6432d843d3a0fc55315c42be22cbd880b98a366865931b0e73add5
511,173_0.jpg,173_0.provenance.json,504a05d430266e5afd9fd3632ab17e1c9e89fadf12a9fa846a1b3117ac6001e8,3279c5f0d426642343568d14ddd4930e78adcbed20eff18904517f8991b52894,743d059cfd31affd6dd817ba1b1dabaa8da6845ffae2af17b34700b32b0e1be2,78507,153,152,GON+,GON-,4.39,4.40,173_0.jpg,tampered_173_0.jpg,ec6eaf8fdac38a9a3bb64059aa3b1bd82336026fe6cfa8157d12a1adfc59d1ac,63fa31330c5f97b453c6c84ba14bf48ef22357fc9160cbf68d141c2e27a6befc,c258856780184115ea08c76e4965dfd6727d4c555779cc4b9414d112c1f7d143
512,174_0.jpg,174_0.provenance.json,a28f475c206452dac28757d6cf521a4e2f24c9fa83c502552beef9f687ad8585,f31d3cd311f4ea6f9d499327d1b6e457e272810506ba1cb0409b8b41e3579d3e,9fc297e958611163ecd1fbdcdb1879ef7c5947cd81870f892db7da93d897e2cb,56487,225,224,GON+,GON-,4.20,4.21,174_0.jpg,tampered_174_0.jpg,0673f7bb8abca1cc3fd8e7f04326183f200f38a3f6e2248b9a6fb2f0d846782a,a8500dd6e8001ab983939d255a0f10ebc65534b21015edf21198c3cfe49500ee,a02cf56a7c5c8f6b5002689aae241333cc915caca2c581b8dbe4ac2a859eee49
513,175_0.jpg,175_0.provenance.json,6d4afdfe06d7464df5c78fc94ec079a5e6bea4bf154c0ab3b050a38b8369919c,ba0d0e7a2bbab63a832d6208bd0ab9fbcb86be0650fb65b74bbfc36baabe78ea,0867f97284f008a03b85dac9e39bff6d47db07b748760a1612cd108a354b6400,66465,83,82,GON+,GON-,6.28,6.29,175_0.jpg,tampered_175_0.jpg,eabd5c465ee985898f9d213ae8cd7e1bc1b58295278edaae99530dfafeccd580,7bc8c508063aa5372c934aef254aa62ee13c6f4a3682e7966d1207aac78008d8,7327d611b27fd9bd52bd1feb83dd51cee2400ed20d02dea7bb525fffe5c1678a
514,175_1.jpg,175_1.provenance.json,4e8d7a890fd2094f14cca183405775b73ab1f817e30ceed2f078ea72303b9b15,3001c685918351c9d5eebf4f3cd0c822b043bf9304440faf1e7031fa8476a0a6,1ec76b8c7c3e919389bcb82686dee32c099dd39461f35dca3c16e8e8d9e2a029,65183,230,231,GON+,GON-,5.90,5.91,175_1.jpg,tampered_175_1.jpg,c2f61ded8e8c5d5860367a8fa752a271307472c07c9f260522d2691ea7ce2c51,f162ec90fb3046cd59ee06560d7b6a8767ceefb82714ccd006db87394ec5aada,ed2f45f20b8892b2e5d6f0e9c5c5c4c0e57e402da1e35b8c5cd02e66357e4199
515,176_0.jpg,176_0.provenance.json,6d5be6804f31270e1da653d725dbd2c5f59c417f3877e59636671db345e40d62,fed45c4866c26bc555e06fff76fa4a7a7966e1a864e2404adbf074e214bc892a,1c44c1991fc325c117f8c5fc5fad123ca7b80aea49f8308d9c4823a7c132f117,62465,9,8,GON+,GON-,4.96,4.97,176_0.jpg,tampered_176_0.jpg,8062d00fedf1472ba2e4c9b738284b43ca642a987b631b87c73fccfa1ad29bfc,fc6baf4a79dbbc8908646bc5ee0be4aaab05c841b60ed3e11d11501afb665470,3aec187bb891e938d1d3856509e6507545dc3ff044c1fdda93d37918feb6878d
516,176_1.jpg,176_1.provenance.json,0bd14486ca86126f21d3a2781f474fb656b8830bcce320d76db27e976c93e156,d8738aec34637d9f0bfeba18aea69288465d1d831e91e5aa12e12b58232cb120,4add1ef9adaea24f4e5553ee79d50a8de6f6446f99cffa66f3743d46b13e003a,54448,90,91,GON+,GON-,4.34,4.35,176_1.jpg,tampered_176_1.jpg,53b5d3fc4342b2b3c85d4395464baa263489ddce2e7608759ced4a5f0ea5f0fb,5f3161be28e2b6f23bd6e46cb275378ab850def02d46292512527fec911fbe1f,0d20aff01d360dcb87cec51c4ee8a94b853590b238f9c4495ba721ba71afb616
517,176_2.jpg,176_2.provenance.json,85c0a57fd0674fe150108729eacc90db1f7c545965034ffaad62d94585d26136,71c847b61f9aae575d2e4b676d595d5e5b4d66050e5e1bd1383f149bb228b8c8,2df7b228d6aa0e40bf5ca66f435a13f27fcdfcac21a3af417c7e9f40d8885bff,55917,189,188,GON+,GON-,3.69,3.70,176_2.jpg,tampered_176_2.jpg,2c3926aa717705cc92a8345877a2c61e9ed98ec05b160193ec9cbb5cbff76e43,445b58f4a9388ed42f2c10d3aaab8cd85ff1f5f325dee87260268b4b3a916dd8,4b4965ab2ac00d96c71aef70b9a5b9be5ed30e33ab7190d0bbf2b34bc8a261f3
518,177_0.jpg,177_0.provenance.json,e3e87ea505ffb60aa51a738cfc90a6d9d59c7d4ee5022dd5ea1c32019ef71253,9c5cb32efa9a0dcdb88ac74f91f4bd04c8b5419ffcfcfefdf6b92b1b01831813,80cfa2194d29ee6fcbbafa555f743a48c9fa444bb6f42cf7257a1a93fd3c44c6,63420,77,76,GON+,GON-,4.49,4.50,177_0.jpg,tampered_177_0.jpg,6cc2221a342ac9b297984de235a25ad7af681d930cb6f359e3331f6896b858f7,e4ca1411560f3d0eda38a25d95d953387d5249b21c3fb71d55e413b8db224ac6,21d264b7923dab092c2235a8d308c11ad56168bce3c8c72fe0fb47306930be51
519,177_1.jpg,177_1.provenance.json,46220ec81d9d4d675470f5313803d0eb29336f095004bb118034d01f9e24328c,cacc31ce980290a5ee3d1d5d1ddaa6aa23634e892063101d0303287f13389f67,9753942293719f58360206b44c27647a86788bff98dd61c8de7162382daf89c3,66062,4,5,GON+,GON-,6.26,6.27,177_1.jpg,tampered_177_1.jpg,4acbbf5d711308c206016e2560032c425aa863b7c71dead60f7eee67b602cf86,f8e0a9abb572b9b51350a513a4966428740ee7490d065f057884360c7d8e8580,abe2d998a01851d4c02f0d912adabb3f20e956076fe2d57a3576eb7c0c0f1ad1
520,177_2.jpg,177_2.provenance.json,6389d2a8bb10bd78b8bf7647f0bdccddf315eed2bd2bb692d15fc7d819239df9,47aa1058d710d62122133a37bada5024006bf270db19885b16209baf2b2d91e6,c00c8c1afcdcd6ebea7ef9cb6e21a515d137ceeb2caa8bd0c09e53493e79ffca,66449,38,39,GON+,GON-,5.94,5.95,177_2.jpg,tampered_177_2.jpg,065dfa658dafb063a048dcdda56552461d1b2530675edd9f9601fd8880956ed0,b7be2ca611b9bd3b7d9c448a65a295abfca98a9c3a30f6af21a5a22615b2871a,31c083ef452384fb110b8a859f46828cbaec4fd40991ec265febc2b26f470378
521,178_0.jpg,178_0.provenance.json,faa4dc75d7a8283449cbce0584c7b43171a8f5a904027b8443e37a8e11654e19,c0e1dc31376e70279b486774dcad80e6533ff7f3e58694a00f9a0bdcca6a9796,0fadaed49c499c8f5f88d0d7ecfa15016fba05e73c8a871a9781f26cc639def5,73389,114,115,GON+,GON-,5.66,5.67,178_0.jpg,tampered_178_0.jpg,d70c5c6e01b34e7ddb94f06c3cd73ca74e55fa03bc7bcda302102bd11bb45c58,e09473a020650e64711e336d8134ac1939337a4978a14b1068d308839d4f4200,ad81c152bd83e5ac3f000590dac9b31fdd9e97095ba208951b369ab77e9ecab5
522,179_0.jpg,179_0.provenance.json,b097a48371ba160f748c40fc8691650cb5b8d7e1ea5b783c9ba9057fd673b696,5b5de91672b4fd3e74eb1ba919feb4df99189c66687e66fb82fb7431ec4e7ddd,f388c4878e5f9d1ef611e0d23d92855dfb2fef0cc5663e866e6d70d7cab7de1a,56588,177,176,GON+,GON-,5.82,5.83,179_0.jpg,tampered_179_0.jpg,db2e0a9cb885d61bf2b77229c4afefa03337cf18f6b532c7a61f1795699f4545,230949aab343986cabe99585a596fd517c3d294961e434b70c4c9294e9b255e4,5b5ae744fefa28565d88e336ad3b3539ccd3a341d11f3492383d07a4bf82afa7
523,179_1.jpg,179_1.provenance.json,527675c12fe1516ced554de6501db8be83001722aa8ec4c7dccf269b87d2c245,e9180f30fa45332c3fc5b0d150d04a7ca578abb799af39490dce061b91ea3f7e,95b749233a1a6cb5997f644c623757714fe30023e350deda0222cdf4386bbbb3,61438,80,81,GON+,GON-,5.95,5.96,179_1.jpg,tampered_179_1.jpg,be6c2df449cd4d97bcc644c6e0a7470468adea2558f4e9482929d4f5ea9177ac,29b8cc4818e113a29dcd800ec70fd075a4b382c0111beb90b40284a04dd919ea,7a58b00a5273fbd644d5a11840625cd1367fed8fd21d469bea67ab73cae1c251
524,179_2.jpg,179_2.provenance.json,4efd1c29445bf763c052c51a65389841daa15fd4ba033ee6cbadb1ce4e1335ea,b00a85c3001192ce7972a767e6736870f98fbaa8004ee5ff07ecff8eeb53c669,4e521ebc94af6d66021e20be97c5181e3f18aa9b2abb22483f9878f2139e211d,67684,11,10,GON+,GON-,6.14,6.15,179_2.jpg,tampered_179_2.jpg,46935b3846ee61f8d501a376ccba80c7022f52676c3a81b4129dbfc02f4329a0,3ff1ae849b57f1628807efafc5ec8baa41ec32f0a5d24a6637a2b5ee8f1e5cea,e5dae68781347b1b691e70116027b11219afadab0db54de31025313735370d87
525,180_0.jpg,180_0.provenance.json,97426c2608e7fbb9e8e4133a7871ac926a25b4cde0151e1ee74c2ee1ccd31f44,56131536e499f7f678527193b774806fb1d119e41b1e9cdd01c1e3cb4805d6c7,6e6e829449c33f4a484b41e4545ef0461a42549f2eb7bfff292be4c0ec851f17,72519,147,146,GON+,GON-,6.23,6.24,180_0.jpg,tampered_180_0.jpg,314e8ac9cc3fdedbabefbf38a48bf2ff28e9b38715c23ebdf3c8deedd69fb302,e6e5896d67e9daa43dc00d93afb633199eb761fdc38e6a16911daaa19e782fe4,73122ed9a31332238c1bcf78a99f8af801dd8c547b1affaf6d077962990c1ae2
526,180_1.jpg,180_1.provenance.json,ff5f03808c2f2f8840ab70b828bc7488a789cdc74a7f5d42b48b0bc79eac0157,afd257b034670eaf18ca1c6843d16ffe555955157d0df6e1c101ac1fb58fcf64,14969223bab426e7ffa547eccd9c3a0068a9edc0d2bef7e369a0e5dcfcdb204e,65424,124,125,GON+,GON-,6.22,6.23,180_1.jpg,tampered_180_1.jpg,4f0d7c14a49a55df63f64fb636c2bb3314ac1b9a87cf91a9ab6a247467505e21,c026db24deaf38ed45c332c9b596c543fd1621d9d7b82e6d1457fab03e775628,a307eff8fefae9f003dce1a392102d1ec15d98906e7ae6b866d736378eb063a3
527,180_2.jpg,180_2.provenance.json,e1b765d071a21bcac30b87dad37c9c651da8311d0c531c3ae8029e15e49eb79f,319e35b9344ad22c7e639c180c74b58c1270f3749fbb2ba51d9df941c2b729eb,383cb3b222cc45480f23d2de677e7837418d344d62839265c40dc25ca8f0072a,85029,122,123,GON+,GON-,7.36,7.37,180_2.jpg,tampered_180_2.jpg,e5bc2a4575a538ba1686ffacce5ceaeaf09af40cae56c802c108c78f71f04dbe,fd22bfb78335949fc0b754743339252bc58017dd59104414e9b912f0f7d4c5df,65ff547881dc6806a0dbbd4572ce316b039cf77fe5e5960530a9348196f80b41
528,180_3.jpg,180_3.provenance.json,272876472736fbab0930edc12539c55e0fd02ee496f28240617f2222da5ec912,9eb2847e001236b09061d03fde20090bb6cd30932831046bf6cb6ed1ce6285e2,4bdc0e94df5376f2ecaa230d39abe1e05b02019264d4828fec14fe9dab139b4c,65101,73,72,GON+,GON-,6.50,6.51,180_3.jpg,tampered_180_3.jpg,682eef6a47c4e93f48f8d8ede6013a092924cf5647d4ca2db9957feada100fba,89691dcc5e32f67b81e0cfcebd401156a513a78793aa0025008ae2ffc2d7d466,c59bd806dc87a985ee3783efa0a61d90ee08b9580c6b805a95479a6a94fd7e76
529,180_4.jpg,180_4.provenance.json,568e60ab20be1eaef53b5eb95669406c8190fbc05d51f2fdf802498e57e3eea3,2ab8d549656f5e1136e7a685c076ed1789981eba0ef3a03f040d1f707f7031f5,57733a32e09604ca52272a43397a97fb81a86a25530add39c29a861d7d42e2f5,72398,105,104,GON+,GON-,6.15,6.16,180_4.jpg,tampered_180_4.jpg,a0117b30b48f03521b1fad0c332095016a971ef8f7f36982315978628ed53e90,91fb6edf09b74201fc28aa75ab642f431c8c27ca71574ca1e2e3dc833261f186,18b69e3e149223b5c6ff1a2665becdf54a11e5f047bf15f5bc97a2a8534e9d11
530,180_5.jpg,180_5.provenance.json,4b0f1c7c47226d126b239c7743417ac54b7e9fe923f9a79c285a4225b261d349,0d3fb73a41016c650d7cfea5e3cfe99438e7f9fae8fea76aa483042bc6b2b3a9,3951ed072e09a176af1a6e62eeedfd8cb3b87f369803e676ba6f1adb1235c26a,67391,105,104,GON+,GON-,6.61,6.62,180_5.jpg,tampered_180_5.jpg,7bd8d85eb28be6b8a1de6f3bb5bf80f3658016259a54ec4733fc063d9c628dd1,bf814a01e2df7a5a555b56fa739d646dc7841291deca8b2e73b10c61dc1d6a7a,63ad993175a05ab390696f6c7ae3334033de567f82991bec3647fe317f337f38
531,181_0.jpg,181_0.provenance.json,8bcc84afb9e4771eb4b6290243a2d9659012b8e65896b6bbb078b30afba3b4fb,7df7ab8a137b65ecdbcc161179c4d9bed367e13d66065f7bc54676625ba96dca,1e25fbfe9ec3147d155583543e0dd1255e1bce9e07b8b67588035fa6ff6ca713,80697,41,40,GON+,GON-,6.30,6.31,181_0.jpg,tampered_181_0.jpg,5762769b87ce58693558f792f24dddfadac6da79b89419f561974211ec4d400a,5638ffdf3966b075800229c221492c8d9ba71764f44c00ace5f0a32df4c15da7,ae431bc1d1cfcc3ebcd51c9a6a383f1a2e44e7d205a008f605d5d765f595a6a9
532,181_1.jpg,181_1.provenance.json,d35054d337fe5c54c1a4ca544ce573aa4a95310aee2cb971baf0d70d13f47f7d,52fb27e9dfc17d788a32cd895caa10230eadc5534e0729117f21ac548f916892,ddb65b15a5dc69cf28a4561aaf572e44044ad320507830518329ccb5add29bc1,79634,73,72,GON+,GON-,6.66,6.67,181_1.jpg,tampered_181_1.jpg,7f3e745c0c91a05e7eb738cc34cf151d1cb304c16eaa5c1c553674aa4dda290b,0a5b3c01e219cecd0a01290eac2cc4f5eddd030e41ffa5df2c2ee082294741f3,4e1ea3fa1f0a22c828dc7083df59014f78c23cc0106195aabf76c0d90f8b825a
533,183_0.jpg,183_0.provenance.json,51f78cdb504291dfcd8f86b412d4bbeb670cc5dc74444007f993f753cb1ca674,31f96123d250e2c83e64a7590a9b3fec5ae61f1536d793e6fa6390d1f68196be,8d642b448995dd244cdec0eef58dd64a3248a6a770c8525678991d66ce57631e,66964,140,141,GON+,GON-,5.96,5.97,183_0.jpg,tampered_183_0.jpg,4029773147be4583d5369d00c40af3367ce2df32d0f25b73a12934e15fed155f,9c02eac8890bb477325f680b91c24112f9239915d9c70d156cb3c3003f05d220,3c845138793285cd9b22223800fc639af7a62bdb0543228ef1a5f91fe1fcc600
534,183_1.jpg,183_1.provenance.json,b0568865484703e837835af26b0cdea8c053316d61494af170c8da8f51c1cb16,9e1687be9e193c43c56198cf1eb85145b872994ec98c2c7dfa52b5baeca6fe41,0bb2cc65f50d9b0f8e2977a942c1fe48353b359fd1358ea7b22280f0fbc65422,74102,223,222,GON+,GON-,5.76,5.77,183_1.jpg,tampered_183_1.jpg,00a06b23d4bfea05ec4ff9413695ddca828690a1ce95033c137fa93c9878831d,53ae94a610d5f2aca8899f4ef871714a94a8176dd64b1315eda2d99627b20d5d,46cc07cce1ec022de7f138b9b8df9e37509fc2278502e5cb9d22c387e976d8f1
535,183_2.jpg,183_2.provenance.json,c3dbfe1e957f8ee11e94cbe276dfe227b37c5c740a50f92541cc5816a2e1f77d,92949c0b67b952c0cabffb5d049eae81f0074760472d3586991556420d628623,66dbff093abb527609682f5ec12f5a93d58bcab5318381919411ba51956e630c,61084,139,138,GON+,GON-,4.90,4.91,183_2.jpg,tampered_183_2.jpg,c3c509ceac0bbbda291066e05a4b6b5b6c6b014fdbc3e7e35c6dfb28c7f8e158,9a56984c9c2a2e108b95010bcfbed064bfbf2f68ba743c2f74f8dd2297e63de9,280389a2197f676f7e4941c9da48a13371702dc1ef5a1bd193244cf91b592309
536,183_3.jpg,183_3.provenance.json,489136ade24d2aab6c52a23e87be2de607134d33c93cc310d470c06f60fd5937,5fbc344ab0fba12b0553fee94a5ee1dc88ae4f124339323925b930f2c6b1623e,3a60ee89c04a519a1d7db1f2491050dfcc92fa9d6a5235002f679287bbeb9c39,66190,169,168,GON+,GON-,6.37,6.38,183_3.jpg,tampered_183_3.jpg,79c007cc7384b7436dc14bd8163d88c791702fdf648ae76c9f6317e728e978fc,f596fade926f369cce81e5e1b1a534a76a48442d94637f8120d9570c8618c9f3,3746e3f173fcbd0532643eb638dee232ac3c90f290873c068f2b13b3549a31fe
537,183_4.jpg,183_4.provenance.json,629d4183e82f045d568bbe04a3ee4e498fc0800affb78b2559e40e5d5c0a7d8d,fc4ef2f30324c781ec4a54f4d3b1cc3544436786dfe24ef35dc4be43e3bf0a1f,2c17a80b41aaddf734646dac2466137a90196a76412a811c61377ab9e67dbbce,64481,70,71,GON+,GON-,5.32,5.33,183_4.jpg,tampered_183_4.jpg,6d2bde80884b6a341b460c654ace7b0ebfa7d1f87b73b638f57e50b2d37caf8c,e4bb38059eec334832aeb75bfda61f63f42f24ab20a93ea5504b35ce4bdca5a6,3513c84a67ec1d3e014244dd66d90b29aa449ab8da59a92c160a66a6df7da3ea
538,183_5.jpg,183_5.provenance.json,977fa0d5390a16e23dea823d6b361bd8d3da0142176a10e8d9fc4401f0941981,a5deae457916857bb02106ed486c1532b63c13bed99d5a630f256f6addddcad4,b037bfe06ac34e4128aeebc37b8ce148ba385302b2ec11a16bd756865291ecc3,64180,252,253,GON+,GON-,6.22,6.23,183_5.jpg,tampered_183_5.jpg,35f38a013206e58f8a45e2f7173e4dbda29cd5c85b5c2411db609354e83d0afd,4e2b899a55c3343505dd36ab01d8b179fef6f6393471f9696d756cf0cbadfc1b,2cdbeeb68cfc47c202db3fa62c904cd92b0a9f829506555ce5af2692c30a211f
539,183_6.jpg,183_6.provenance.json,53ecc24f4da272f62672fb42c010e1bf3c0b917a960bbd7e90de94a2acf169d9,1a800df95e12e8a44d42fcd04f5d5eb33a9c96d149d1333c5c845283ebf0dd9f,11420a864e76eb334f7623c34624e90e1e661c2fca58476e6d5255f8964528ac,62964,232,233,GON+,GON-,6.73,6.74,183_6.jpg,tampered_183_6.jpg,ec47abbbcae75bc685877c6bb21164645015eb12a0127955f27caf3b4d7be33f,39da16a15c1cd59b60c4cab22939ae446b495ef40d94578cdb1586796b2a4975,329f51f6b710c07bc99e07e28a14c15a813e614b323910c66e26713bd30e05e9
540,183_7.jpg,183_7.provenance.json,02b52d6772a9237428fa04dd2d1b6e16379a1aad4338bdb184f827b84168507e,9854c69e57dabf95ad40bcea658c57d04b85e46e87900a296bcd3989f4cb5ac1,ecd448fb230e91eedaf7553854bf5a58bd325358ad023798e9f67999b2cf866f,65027,20,21,GON+,GON-,5.81,5.82,183_7.jpg,tampered_183_7.jpg,e4f21501e5db59c094281aa8a9b340375d123413eed8ff03632edaeea3c73060,03db289854210bc600bfc6a7c559b8f486585fd21326fbc5b2584f462429b186,25558f67bae9a99c6948660b821403c7b5b225db8f5e7cb17bc1dbf6b456e846
541,184_0.jpg,184_0.provenance.json,780da9f867b510666a53d6184dca0ce6893c66f0e7f343bbb32528d24741e3d2,bbe13a9cd1196444631ec19fb50896bf3917b5867b92c0bb7dccd6166e58994d,7f4424f8bff27f34c87008e13b4bd0599a8f397f4bdacd244d7c74068bc6cf67,64506,118,119,GON+,GON-,4.47,4.48,184_0.jpg,tampered_184_0.jpg,cacbe1e078ef77146d8a8119acaff0f947191162c9ed5f0711de8bb6efaecec0,0007471fe1629af5828e0ed05f78a41aa03b54041018dd589bb482b82618ba61,aeb12969f79af6697d57d98864610f58ca886e65dda57e5ad4b1f4c89dc6b24d
542,184_1.jpg,184_1.provenance.json,461ffbc4290de2327af22213460133c2da74b163190014814f84d89963cd007a,4ae62b65a801e942a3b959e9bb2233bafdd6def37948a11e3b8d6e2f2dfb2499,63e2ec460d28c5b6ed4b2bd756d292507d6b8facd18830cc8115705c4ee0d23d,60171,162,163,GON+,GON-,4.43,4.44,184_1.jpg,tampered_184_1.jpg,0951b96db8d4407896a48b46cbaba1a899109b2dce7fb6bbc2d0bd3fef282e88,0ace843d92ccf8d00956fbfdf371edf47c606e4bd67ce703b5ac7064cb103eac,cc45fee7f8b7413cef04988dc7a1dfbf37ed45992bedd6b0b676d45823107528
543,185_0.jpg,185_0.provenance.json,a810ffdb5be86ac3f28fdbfad459554d1ff1a153c7608a1e974217783343dce2,95e49ee0b9de497580dd0ced5d87ebf0a0ee71ff87f1e1bfcc35754fcb81d03c,716a8be478c8509340124d84accac14d89c9f883a54aed9bb07a1bcce543c801,60717,138,139,GON+,GON-,6.12,6.13,185_0.jpg,tampered_185_0.jpg,95a4e66bac133f6f8aadbe185f6e62d7a63d60666bcc935a6f58d1a2c5f7a54e,082fdb60a475e2a540d5e3ba0994a25bad7d06cc12ddc7f6818a15b3c1de31ae,736f931e61d51538963eca6a08acb806192e5b8e7e5f985f53574841a3226c82
544,185_1.jpg,185_1.provenance.json,5664418d1eba67b8a515f8cf05524ecfb13480a66a1dd1505b7e2daa16559149,9b75a7e198bd8cc81edc10fc98e592200d25ce8d3425470dd3c9a8e6c92657a8,d431727b7b1ad92e00bcc19df5dff318f4c4b36039c31b95846c6a03ff87ef5b,64446,105,104,GON+,GON-,6.77,6.78,185_1.jpg,tampered_185_1.jpg,49fc8fe27663bc17afa77fd9f9af41effc7ebccb8595eb68f48e1472c3e86bb5,fa0a58bba592d6eb0b4a37ce67d8d1594e82dfbaa290442ec7fc7fc6dd75e52d,b0592772144d7bf12731ef28bf6035d7683d2c286b2afca8e75af77572a49dd8
545,185_2.jpg,185_2.provenance.json,a9ff4dbbed8b43cb672afd9fd623174ce4a66f378df5cb574df61757f46e87ed,6b310eacbcb1ddd8da61024da278c1d64461993d08895a91f93e3b9373a57b6b,8ee012390446e26370d13e350e256c60c62cd38b2477eae176d156b7ccdf4d56,61616,83,82,GON+,GON-,6.64,6.65,185_2.jpg,tampered_185_2.jpg,2fd9ae51633c40893a44263c073bcee8b1c2932dcafa7428461f96f7a06bb1ae,1bfd533341da1b7b95464844bae5df1b14da7b9e6981cf9dd418f1d5f5600ace,a5dbf1520c1c36673287ee389940ace8c65666bbc41970fd51d6bd4dc386c94b
546,186_0.jpg,186_0.provenance.json,aefdc89c8d47a0f8553df399c08f39645943a6afe462cec5aab7052b26d81a8d,95ae4150a0fd5ed92ff30c7840997893c30780f3c58cc55261aeeaab73251acf,aabfd2817a3528ab99fd6bde8bb0fea55344786433be19f85c1ef2d62c34249f,59113,77,76,GON+,GON-,6.22,6.23,186_0.jpg,tampered_186_0.jpg,84a31003f395262d985832067b4b5063f334ee16d6e94f264ecc41e786e5a7a4,fbb56b35754b6b73a5db0ff9a39213d0a7af35bcf7fbe2cb675cd473b84f1378,49357f88c66a81d78bb977563f686747f4fbaa05fe6719308049eb59f367db17
547,186_1.jpg,186_1.provenance.json,1761664ad90d930ad826e6267763dd75b96adea9a1894acb30ca76cd45290ba4,87c438379493fc6e5d517635b86632e0a1980f0827159ca9bf8cc86f21fcc790,7e56dd8ab60aa8c364ba408eb1eb44d8d0b16bae9206a200d0da315d5f7d3a45,63277,116,117,GON+,GON-,6.00,6.01,186_1.jpg,tampered_186_1.jpg,ff810f2345b5d90dc705e9a3906687dce8e0ebc926fd5d8ea1ed7d8183ef0fd3,8b44b9d30107707298f3892c9576b143a6ff1bf58f0aa4163f6284b6c8b688be,110229c9547be2664761051a3f7d520d575b6b855e5361ca025b0415f134414f
548,186_2.jpg,186_2.provenance.json,0ab0934967fe726ff4afe6246a2411ac57b47c683483a2a28c43a699dcd13661,b38641a2a138740196dc7f95b24ee3589634e205597943db6485952e48d6d136,7ba2768740993240a9e976a731d342d849613758635e6f3541aefb226f9fabd5,63098,90,91,GON+,GON-,5.42,5.43,186_2.jpg,tampered_186_2.jpg,59fe87c400b1c25b0f72fec2a15785feec0d2f5b8c1dcc8cd090b83344e2ee07,641959da46269dbc0d0b8f7015d1ad9a5380f1f8518d349d825631c5a1b56471,3894ac665dbca22e2a6ff6e7aa3f3e6f7f7d48e530df5315bf79261c439806a7
549,187_0.jpg,187_0.provenance.json,8bb35edaee0110676e871c325cfefce05244030f312823d5733b734c2f351961,2cebc8a350e2334b156338dfb829430182728748a163cb1d1d6bcf426d79ff8b,b57773c8a1a9108d1b652f65f87664e11244c7b8c375b25d17224a482e24f0a1,65355,41,40,GON-,GON+,7.26,7.27,187_0.jpg,tampered_187_0.jpg,bd46a7ed9efc12c4fa598801a85a31faee250e21846f89e8468195392ae5b7bd,507a6bcc4fc8048b3a3477df37f72d521930da6f35215ecc7ed7c40d234dbc28,351f6ccded9cda00ec0c14a3dd1e567302b6c2cf0b0676cafb466fe5f70bf825
550,188_0.jpg,188_0.provenance.json,4d94a75fe821f635f95e4065158ea3db592360b663b5408e95d6ba5be45fde64,2c09cc3def69924e01e8ecd28aaaed94ca95cd7cdb4b268a9d1c306f8cb99afe,8899eafb9696bf07a13d119021cceb007f4ccb3f2eeb6aa5ed61e30d63d0eb16,63143,157,156,GON-,GON+,6.11,6.12,188_0.jpg,tampered_188_0.jpg,313f0340cfa453897a89ad08ff7a08cde27a9757e630aa1b60b4dc37fe5b95a8,a13a000b0f806dea01c803c9b48bfb28f82338e4a18dfb6148e8013e528d6fb9,3be5578493799fa71ce37868db9a50c256e62eb908bd1017eef129135b413ef5
551,188_1.jpg,188_1.provenance.json,b9019cd635ae38e45fc0cb95a7b02788c2632c729452c61575b099bce0a8038d,3de8258b940762fb9a3e98f363880dd603b291989d6e3ec60c573414176f927d,ad2e283fb78a5ba5c9a49579322f76fc801c063a325a2f910373f5917c2d3fe9,61213,33,32,GON-,GON+,3.25,3.26,188_1.jpg,tampered_188_1.jpg,2d78d2ed4b12d4acee1fd08264d26152116ec6d335aa403251cd7b014ad096e7,4b30cb7e8f192a942747092e62a06a4301d8709590f5d19df6e9af5b35587be8,c13f7099afa26570899efef440ac663e7881e71605de035caf6f8b03d528b7aa
552,189_0.jpg,189_0.provenance.json,0233f1872a424d22264b9184ff513fb4ecf87665d072128995df7df929f9f221,832aae1f96d07fd3faf47c86eafa6926237f7f0e0416f2e733865ce84f3d7570,bf9235b87a478c686b7e6f6447990eb500216fdd2eb0bb2129bf1e0a90b70ee3,61617,56,57,GON-,GON+,6.47,6.48,189_0.jpg,tampered_189_0.jpg,1b215498073d221525a8def69b4fdd708d9d196c0f2db02ebff48f9c49c119f0,61bff9bf7aa6a47ddb539b4d70f61305a9577d9d110d652389191cda52eeb0b0,593bd5ce8cbfa9622c1dce8a636b90dc4be930b22fe31bffb9d22e4c0e0dc33a
553,189_1.jpg,189_1.provenance.json,2bb2c3569c7052f74a6f4217aca9c48c6c7501d512bca7c4c35313fee0c93a66,d29156512d119a6701618ef1f3df1163a4cb62743b8b1ffddf519a4a19e097b0,b285870c74934d2b04e576454bc61163536e402c37953d82f692dd705e60d4eb,59122,142,143,GON-,GON+,6.97,6.98,189_1.jpg,tampered_189_1.jpg,44ec63d61e1e1ff762301dec47c82d37836b43b76106af9d295821196f7b7710,16f916dd18f097fcb9ff10ad3e4d1f4ddc9aee97758da496db49153be99b5610,47af81601728891f5b3e18586fd17973900c153b52d6df09bacdc619173c26f5
554,189_2.jpg,189_2.provenance.json,9339914c38ba0b33892cda4fa10500cd929f6f5c9455485a30aa0e84d46c777d,c95040e8ce0b9b33242b870e897476fc4b72c0356310837312706550a6fe5af6,b09e79bc6405077532893676cf92fb319ab4769dc898581a1ad5912f6c580817,59370,76,77,GON-,GON+,5.63,5.64,189_2.jpg,tampered_189_2.jpg,b947404fc96cae5b42b8e8f8e019fb6da0f75231c957e506b5df77628628c2bd,7b7530a5ba373d0993604bab4aca7201e7b7ea48a2a38f1c9b823df1b28e7a55,4ed71e2b85c7bad2cccb20b68df427a3d4ac50064373baa9538c8709ae44820f
555,190_0.jpg,190_0.provenance.json,973139a11411696dbac4d32846206701e462f3dbbf2a00ab4c9f03abd978fbc5,2eee3f44e0dceeed48a4fc89fcce4109272fcc711a8e2a6efd87f398dc01293c,b89d4e0ad3cd92f3a1b3d596e50b2584b045870cbed8c9daf0fc986424c9278e,81997,3,2,GON-,GON+,6.63,6.64,190_0.jpg,tampered_190_0.jpg,71fa74ec87dfa2f5461bfc3b1e04841b01aff2bed1973153099417b8dea3a838,074e3649c2c7df8a707319c9157cbf2d4e58c61458234379ac37a2c8ea125435,1586a3d0c6ade31a0a228d80f89044d3f44f2819aea8801d5e2b3e21172af9d1
556,191_0.jpg,191_0.provenance.json,792823a7c955ed0a3ed7fefb45eff0f5b53804600d8500ecde78fd25ce673b53,ec91dd23209da68d67522b2e050c09018cc039d217a57e48542acf4f408da9a2,94fd4bd6fca97bc10c4a219ca53f2d2a03a83b30d871ce24acbab1572d238e13,60921,20,21,GON-,GON+,6.88,6.89,191_0.jpg,tampered_191_0.jpg,ad16927363fe3356151b00a5da4be6adaf7cbf6380760ef0d7fa573ffdea0e57,ff0da346886c114b11a69369fc60a7933d0ecfa40d42d49f5972d71d9f1c23e5,43051b65f2ca704495f760ac301818b6b1ce42f9667890b844f12a9a3fca30f1
557,191_1.jpg,191_1.provenance.json,a646e8be9fcb4951abfd7c2057e8f9b9287621ea4b35fc1bd09445d673e564b3,42d8c5d003246cb461ca91dd9e63dd7c621e17cc5b3bca5de376febba62c7285,90cd964f930da7a2e7dcf0847b170fafb20c42507c9f8e381092ee78e2da06cb,65105,161,160,GON-,GON+,5.06,5.07,191_1.jpg,tampered_191_1.jpg,76e1a1c44178c17693cb5cf217221b8cbede28f780ef6de26dad47c5b9115900,025a04f96360fe171cfba4267820660be269a7303358efa527b0f7647863e826,0978e39c5d871eb515a086dba7c353817bb2ea92abff1efacc50092cea11c8a3
558,192_0.jpg,192_0.provenance.json,0ba8012aeab45b0165e697cbdd1e36087a40f4f12f85585234d00d3b8e010ec3,bc15c79b63131f06e49de0aba48c0d8e67fb62d8377990677c6f7389ba2276bb,d33ff4aa003a30421bec53d6b02f754c174ffe16a41739183c7d4c77de894eed,60135,37,36,GON-,GON+,7.26,7.27,192_0.jpg,tampered_192_0.jpg,b0c13ca8e59b5a7ddd060c25de4e83ec7ea2b0783e39aa6a8a361236d2d7c944,e020896285a3ad1ca29949a56493b02206207e45c4e62bc05d05274f80338835,9f7b806aeb187598477d690747ca86a282c4356a9b3a133d652f643abb6e2f66
559,192_1.jpg,192_1.provenance.json,8389df633373bef8bcdf657803e26f14fe8a40169705325fcafa701eefd0f9dc,63e6c7419d30d7021dc4253c489937aa1f2f8a783db6fbf847f88446abf85fa9,50cf67797dc54314f2bc48c278738f8d6bb182f9b049f895ecdb27a52fac1102,72319,210,211,GON-,GON+,6.69,6.70,192_1.jpg,tampered_192_1.jpg,7e64ecb1b4c72fc0c23638500b04ebbd358aeaed9875df2da9160cd3ef0aaeb0,7af56dca5d3e144c7adc7b04ffc9cf7d44750a0ce6665e4f9a5b99f161929283,81b8e4a9f0fd370c1663c41eaedeef25d7a025e368325e329f5b39af7ad085cb
560,193_0.jpg,193_0.provenance.json,0a5aa15bc7f4b3ba26dcb95d7782610d9a8b8eba31e2b7a676ca385d5e21bc06,8d7d4b17791685cf3827ce3a4a81e4dff8f542979a14ddb859b53161afc5a9de,93a9e56711e56f832b61b9291bea4f0bd69a53a4a199c91c24aca6750d2ae8cb,65813,166,167,GON-,GON+,7.63,7.64,193_0.jpg,tampered_193_0.jpg,d7bac231651a6ac6ca1a9b68210fc3dbad777e20ac2014ce34cd05175b276c73,7efcd02fbbcaa9f8b560235615b14bf93ae1d55c5d2f7a0164238138c5482643,934ca06ca580cbc72d983f02a1bf1bb4f165e9e4b30f1cfa9de60d0c1137dcc0
561,193_1.jpg,193_1.provenance.json,ae37f958486baa208e7cd8f4166b3a60c95174489f147c525e19b7089e6fbac2,1405556ee2a5bc08b6adb018de49e85f2636bb4a0676df6cc1f35920d64e6bc1,9a90b3c87f31ecf21ba8981f0513b7e948c6d03e538b9d0e49a0f6cee1624ab7,69849,195,194,GON-,GON+,7.68,7.69,193_1.jpg,tampered_193_1.jpg,0b5a83d49704884e892d9e8dd6f53140894326683c7c7246c9958bda3c29a125,69c22eea32fd7c636429c632fa8eaa3e87a8a6a8f97ed10e0663f621e35a2c83,bd27e16b351e4f49c7fc05d092b4d536708063d9b5eb34b206954a2d8aeac478
562,194_0.jpg,194_0.provenance.json,9fb1f81a718ad239b1f4a9d334c7bfd6370b5af0081b309707f1652b25efc2d7,393a4e748a618d88f4846f11dd9fcc6358a52a31474827931a6973434460699f,11d1cfd51d08f276c22ebcf5accfe2f0293af5422aa5879e4b496198cd9f900e,73529,6,7,GON-,GON+,5.84,5.85,194_0.jpg,tampered_194_0.jpg,0dcdc0806c456573797fd6b731ce9a9f857d4b0ec06c926ef92d7628384cb705,961e89b543e8f04f4c570d01ac3179baee88c2aad54d92d6ff3b7bcd6b94d00e,c93ad524ae305a5ce53536d1438c1ef19eab07d98a7c67eb79db735e43852994
563,194_1.jpg,194_1.provenance.json,86839f28fea6283bff49833d5897d6f99d555d6e6442d79c08c99d22294bc056,7cf1fab12422b9e6a72cbaeb5313d3bce1b9c440c3350f9f1f8a5edc8b1c74b6,f1b635f54366f3fb0c0bff4888f74f5f417c4fc100a8dd652e566ad653e38779,78263,28,29,GON-,GON+,7.03,7.04,194_1.jpg,tampered_194_1.jpg,2a15e6199dfa4431d98b843a9429b704ebde2e18862cc2598d0840d5e90400fb,e1d588ced12e95eb8a0abc59ec5b7b0ba74000f1dfbeb2e653fd6a7cb2406b62,1c7db2fb0950d3943c557956df81bc9f0a731d5a314c218389ba3bb5d138c9d1
564,195_0.jpg,195_0.provenance.json,83c05666f85788062aa3f4f70a0d71f838150184dacca8fc55b443118f8a3df7,816e73a0c2c097f730406b554a23b215aea4a79d77c6202a7f2b976965538444,c1976a74ae0a579c29410e1e65097ef0e5e287e5581d5db4df04ff50900d2888,64070,132,133,GON-,GON+,6.45,6.46,195_0.jpg,tampered_195_0.jpg,4b2d3b799defa6bd4955c1ebcdecab1a568d0c20a5901616de9974a26a3bbc6a,4ee66b5b728dac35ee696146165c974dc71157f4fe8bf4704ca67deec893d6d3,6c5bd0cf082ef1ff91828b441b575754f677530b3ee82c529f0282adaba51b19
565,195_1.jpg,195_1.provenance.json,9b2e14e724c0d083ff4228faa2a64f1f6948cb3eae4465518e5de75ff80c31de,66d299995ea55fb4831670c528c75a90d3c422e58881823dfc4fddaae7c19dfb,309e9968eec95dfc105f7857e4d17d12917d01f41a2c35e6de36c6c05f2e2114,63600,11,10,GON-,GON+,6.24,6.25,195_1.jpg,tampered_195_1.jpg,9c176aadf7ddc86062d893ca6bed7d78868897c857892f317f2250fdfd6b6208,6c378c6c67651059f495ac65dcd0309b96f41d54235fb87c4c44964c2ec3a330,3a67f355cdd79c09b58b99607b30108783385a4716128d48327111ee92b64ab4
566,195_2.jpg,195_2.provenance.json,f695b0dfe4c4461cf6a00eafe2950f02852c3f55a3e3058cd4316c1eb7a9ac77,f65b4af815d9e0b016bf1c846897f0c0aad9d3773d1d7d3e16dc1291b28aba8a,6013b8a0a4375f4e238fdc36a6598b95c9fafd72b3a98a5b46135ea285caad0b,67276,149,148,GON-,GON+,5.74,5.75,195_2.jpg,tampered_195_2.jpg,a0efbeb767b713b6047ac4f62a4b91859c8949a2338a483d3a5b925719055f2c,8ed05ba1d42a5cb1d4327fc8da557171d5f550a1ad051f3155a960d846423dce,c8d1ea4f6a66a7c373d2027a08685a9bb8dc55eed1ecb07c3064d593db6d6bc0
567,196_0.jpg,196_0.provenance.json,f4bf3c16af870af409d396ce074dc195fb1041034076240c57dabe27f55a7a87,1151541eed7030671ad3942c82535a7ba784df9ee5bd6497b41cf10cac17fc6d,ec4061dfb9887ee0b8ab302210012c3e443e812925b6f1a5abafcb94f328c522,59734,39,38,GON-,GON+,5.68,5.69,196_0.jpg,tampered_196_0.jpg,1ba407d9fa39d70857e4ad1c9a4615cf8dfc366f668f5a4c2f806a4b114d9ed8,8a8ac27bc2b91188f2b4862542e2c295d622d620520288e5aa39b65edc5e5ab8,9c29b1c6d1e96a311229c100a7bb7dac78a6d3953d20bad64b1311d95b34eb5e
568,197_0.jpg,197_0.provenance.json,945fe3e95215e0ef24f8b6f59e689a8327c567a5e316d75179576d50ab140221,2cebc8a350e2334b156338dfb829430182728748a163cb1d1d6bcf426d79ff8b,b57773c8a1a9108d1b652f65f87664e11244c7b8c375b25d17224a482e24f0a1,65355,41,40,GON-,GON+,7.26,7.27,197_0.jpg,tampered_197_0.jpg,149c145d9a34a2c0fd7743d2805c8f7d091666a45efde914f8d5ce1ca778c092,b2a155db8d59c59b83b977cd93ed789c39fa32058d37437bc2ae8f3fcd2724ce,19e85b0e216f07cbfd9a92999828abff5e58813dfaefbf934ef84fd3b8078d14
569,198_0.jpg,198_0.provenance.json,6ec485879d6ffa10ef602b311d7238139f5e8748edec954f512427d7b7dd783b,7f518681e800e3f116c9e58bbfa17e629ed41c553ba64558df271c65bc0b21c1,c58edd735162e71bed281c9d30dd0cacf5ee680e8c664a891463ad430fdb87f2,64692,128,129,GON-,GON+,3.71,3.72,198_0.jpg,tampered_198_0.jpg,e7cba1dd5dd84852e48840c4da45b2de93e84111cd17fc01803c0aaaf7f48279,cc4140d8ac88388ea21f531971f5dbf3c47d988cf84801b3a9565b44443aa183,d41517c9d93cc54c9dc59cddb1849eacd6a33e1e2187ce9cc99c1436974fde58
570,199_0.jpg,199_0.provenance.json,d0834e5113bd957c85037c9294058d56d013837819e91c44a9bdedaf9580ec79,dcc785815edb9744b658781c1540e5354ec3ca9717c171d7962a115b96d7156e,b0d985548dd85616d36e5dd7bd885f716ce4ca9f584322455af0bb777c28d13e,63462,28,29,GON-,GON+,6.11,6.12,199_0.jpg,tampered_199_0.jpg,ee84b7cd03d210eb00de944d43497c2ed1813473faeaa9da1d87e8e355f9b997,65a6fe19a5da95b5a86b7b909f43707592e27a86a513a6f8893bf7ac1d987949,7e57247469fdad2cc57cd7c2fd12ddad3b367d386c4fbfb5c7c367da710f1a08
571,199_1.jpg,199_1.provenance.json,562a038162000acf7404f63f6ba86545872ff467e27a99344df1f7d06d44a652,bc1d57b00657883ade5f4809f875854bba17891854a82d6a0732c7f59a5cd684,ff064239669bc93a1ae852fe37e0062b845bc85c330e72517871baafdbf8af9a,60935,96,97,GON-,GON+,5.79,5.80,199_1.jpg,tampered_199_1.jpg,9ed23e680746bf510cd143f7694478ee39199459e7391a6036d116bfd3d92cdf,5e8e9459f6b52cd4574fce70384122cf8a1109c1be1dfb6ff141efb3c512106e,cedde467f4e791d6cf516a36bd288a3fce74a68385e6b23afd5fcbce23cfd100
572,200_0.jpg,200_0.provenance.json,752414b8a520dc53de3a791b5f91250349cf7d2586f8184359aecdc0585c51cd,e6a2bb198f953c49cd42c9af24b1366e1840a81ffb0fca18fefbd7472c452701,dc94f61317d49b4656eab5a52607ccc2e31f0dee2d60af14efb6a8d49dc3b2ab,62487,138,139,GON-,GON+,4.21,4.22,200_0.jpg,tampered_200_0.jpg,e06e226c2c84577a184f78cc516e238b3d8e2facfc9efb0cf3c34f0a162d836d,51c7dc4886f19d2636508945bfcbbe001c61a9ad165d6f7a1eaf5b19ca7da8fc,a3f90363e6a7788c4d10ff9b56f964cd30e5976a765c38f1fb69961b3eb394f5
573,200_1.jpg,200_1.provenance.json,f3451400c123e422a0318805cc178394684e8dab5e6e3c223b22975f78b9249f,1c94be45f0f7154e20ff27e14675a392e4117292e9d937d8880128ee40deca7f,5761f997d20f0ace0e03e2a5edd32210fe1dde4da30c9c60296d291c94638ed6,55728,20,21,GON-,GON+,5.92,5.93,200_1.jpg,tampered_200_1.jpg,44772b54cbcef7ce03dff0b1c4cc82a3061cdfe2c332b25f4c965d2e8843d208,823155256a1fd087d473577a1148944aee4dc10e64f8706c0aa2cfe5c05a772d,8372272b4b7478f396d849621c6da3d702557ecaf767f126cf88b78f83f9b378
574,200_2.jpg,200_2.provenance.json,2b94a0fe84f3ea8cf69d1a1d5501772b9a62bd56d0800cb2b8aff26ea350bd93,2104bc5cb4b0c4ad34df44fd0c82556c8b3bcc72f3beb651a12fe5cee859af6b,4c25630bbcc161151b53b17d91b14323f1691d8770f4d7b6efee683fe5928951,62081,3,2,GON-,GON+,5.90,5.91,200_2.jpg,tampered_200_2.jpg,5742f9dbfdd523dd3f522a73fee1617e069991ebe8e893274a27aaffa1a63b25,6ae7609a4cbbd5817234cf85894115df88224a91d4a85589a7f3b95babfcf253,d90e62acab6daa7b4d6e2ac2545b97c45903f37a8cf5fa253ed0ce4b978d5e7f
575,200_3.jpg,200_3.provenance.json,35ab324afa7f6118efd9503224501e1eae7dc9f4aec8c699b343008968609917,ea7171cd55306eb18efe7f2f3b1133976d53d127821587f9bcaa2d7b30fc189f,665ced38c9087e66f2a43defc55059314e97061dc0ac7b08b232d19e6bf1c533,78647,242,243,GON-,GON+,7.30,7.31,200_3.jpg,tampered_200_3.jpg,1aac1afac87ea1a1acf71a2c4ff3e83bfcd2a0d7a5685abf61bac268f3eb6c28,37b68eb3f75e2fd50d3562aebba36bcfdce26d077ac0f80badcbe39350841815,563b6eb590e495848217cbf7bcf8faaeff4d04ffe367dfb3e8f8e11e23233ac0
576,201_0.jpg,201_0.provenance.json,e3fb71b2e6044705719d6e634554619c42431aebab017067eb5eb9d3aaf9a397,6d6e21e8205c1bffe6719a639c5e2f310fbaf1cc84cca3c80381e87bde05160d,3c69ebe1a5f79f7e61ccef8361f57b719a61554e922fb75b5bd29c8738fa7cd9,58850,57,56,GON-,GON+,7.04,7.05,201_0.jpg,tampered_201_0.jpg,83c8afa9873cec5fdb2ab7ef43559765c43451afe4489193adb1209a3496bd8e,4ce0401e7807a8fa3c6f336be41d012feeccdeed12122c7b85b7a59e09484b38,dc5d20c50b30959da75825b02c653ead0668dd0ea64ed769b27431b0061f6ea3
577,201_1.jpg,201_1.provenance.json,a547ddef59b1965012a6f6b47cbd96148dd6b82b9cf8077e39f13446da5dfb81,8ad63bf581ba0ae3efc57354573baa8d1ecf0b5bcf0a35010f693c719f011362,11522500ad13f75f1e057ecac16b2fff6ef51a843ba24921ddda6da7c683bcdd,61592,164,165,GON-,GON+,6.61,6.62,201_1.jpg,tampered_201_1.jpg,b9064347b5678eac1ac95f1fc572d2b44e48b24b53f2563bb2754adcb7f256ce,7271e51d48fbc617d576f687ff45057fc0417ed302f743dcfc1ea1c8f3e2cb2b,ccd2b26af2c12dd56ffb011fa0f9ea604666bc1896f414f6ec3f0d2cb2c0400d
578,202_0.jpg,202_0.provenance.json,ca813962159b91e55085adf41e452765fb25ae43e2686fd88f600ef07b1f3c42,124e0f9acf044fc41988c3d53c0739e72928bb6f5e9495b667c9df6f70cd0144,c570902339f96c62d0741cb080086f75afd99f6e56aa5b9fb7c014f8e82c7480,59742,196,197,GON-,GON+,5.36,5.37,202_0.jpg,tampered_202_0.jpg,1ad82517177ac1330b825df38cfc4026625548c13d5490dbb84b7b424f317e06,15046e4eb12bbd937aefe1bdb4bc59f0b48a399ea7405fa25396fb0b9ea74040,60bd6513b87d9fb37d2cb07e0fceb60d12240e6cbeb09fe62e7cde3e8d1bd83c
579,202_1.jpg,202_1.provenance.json,a371a9fc93ca26b98594b4c6cec9ba0bb17fcfa6a1c5c867e48fe2674dddea08,ffa6bafae67ae96139e52f25f19a33c530c1bce003af1071f3064ef6b92ba588,365325f4df183250712611a7144cad79a3818191811f507929cb9379d6cd27dc,60453,30,31,GON-,GON+,3.78,3.79,202_1.jpg,tampered_202_1.jpg,f3ea7fbc97a50c1f5b0f0df07de1062bc1d3e832a7fb6a28748121e23717870d,72be7ca5a70583924c87da892f14086238c165bfd914ce4e34dbe11b7b22ec42,8036630258eafc8ef6a2a146336a1645d43f1315d76cd5ba549c247e525a4b4e
580,203_0.jpg,203_0.provenance.json,3a51e9a7cb2ce98807a19fbf92a0ae1e0ba8d8bfc286287db374a5239083834d,b1dbb331ff08912b98a620b390d4a35a4d28ace0d1054f12f4c6e62ab72b2a6a,9eff819be054b26ba925d867d6ec2e553c15d5fd3b87903539d181c35bfc616e,71110,145,144,GON-,GON+,6.98,6.99,203_0.jpg,tampered_203_0.jpg,5ee3644cfd7beea1336083aca9aca832310cb861a14de7123f5735cae86977f3,3a226f5817bd8e35fc6fef4340835f89ca863420335920c34af4a60c41d7f714,de9ee2342982260734922dc3ce320b42285556358c327f3a87fdc8f8cfbe277b
581,203_1.jpg,203_1.provenance.json,49f3aca95cf5a9d64ee91f186134afb01d23d42e74412b4dc3a677b295e915ea,319e2e53ae2b804dc99bcf94ce0e80403d56cba0285043121ee4ae36acc3670d,1b7dafb62f5c0790dceb9265dc77182379902caa3ee35140a72dcf69af8ec232,77313,160,161,GON-,GON+,6.70,6.71,203_1.jpg,tampered_203_1.jpg,37356d24faf345ebb90c8560365e6a56ef0126ed696fad10c5190d63126955fb,d13dbc1d778af823081de020dad5a465a5b0c0c1efc9a36eaad0ac959b573a7d,fd4340ef4bff4f311f356ba913aab19e930da086294f890d07f6ef77ebe429b7
582,204_0.jpg,204_0.provenance.json,468228ac2ef1436a160c373d66096ace9f751dbde2cfe0fc269242213336b605,c3bdeec4f366efba2cb58eb4b1423e99c85f1ab463f0119322a61b6f118c0f63,321678131b3edb1ddc3be517bce6b34354b8de19a949f9e27685741ddb9a83e4,74276,64,65,GON-,GON+,7.42,7.43,204_0.jpg,tampered_204_0.jpg,7a70ca529bdc7fe87dfa3cc2014a9ea65052fe94da905e9495a3988bfe2ed9ca,6f851e7ede9bacd0d245932e7b013c4dc031c03e925c96d063fcb77ec5c009a0,2a7867a23466f953cb4ae79266ceca438a262156590c2c858b24cef1c7d1baa7
583,204_1.jpg,204_1.provenance.json,e8882ceb43a3142c93572e4c6a2435b1a4799386e6827d99836a4fc86b1a55ab,cef8f292159755513a01f906d9613040c026a2303aef16128915fd8cab59dc45,ade97f1f371663759d502f2da1b61cb8392cdfa9cadaf2b58dfb902495f47a81,65360,155,154,GON-,GON+,6.61,6.62,204_1.jpg,tampered_204_1.jpg,addee60f85d737f0aef0a76dfbebd8514e0fc92df4110a049d15d482c79fbafc,bb7e97e7e9e577eaad9158791c93906eef54130948c91d68907e9abf04009183,f3f8b7672548e327bcd38555de65b9d16e30fb2756f90c230d14c2f0f43652f2
584,205_0.jpg,205_0.provenance.json,f515e5c5e0fc3c2f38e7316d2583bb397bc51d4c22d367a6872c5dd4a309e418,e376c9e959a3c85729ad1ec41248df834f36fcbbf1d6d882be6ffc10f8706e4c,725838d5de3e292bb8a81082de6d8dcb704003dca73a75020e60603f5d288f0c,78979,22,23,GON-,GON+,5.77,5.78,205_0.jpg,tampered_205_0.jpg,985e5485c9b6b4ec86b398a6568db211afc4f7874d3218b2d07256bd0a1449b1,4043a4de6cdd5cb5b7c5f654b1433bc2a692ab896fbf64bb8a87c0cc309517dd,fb3032543c71e50f5edae4729e3e8c285ffe9728edc5e826f1e180e0f8edfdff
585,205_1.jpg,205_1.provenance.json,99dbb23c324988edb2f8b2624c6614402a9efb613481947c5c696b4d7bb2f1a8,df57428ae6f641b2e58765823256f6dfd8c9b624ab5cf3f574a5d2afa5179587,89c04e55fe0b4fca1ba3c540646514b614a64096f9ce75648b1f250d420738aa,71925,180,181,GON-,GON+,6.27,6.28,205_1.jpg,tampered_205_1.jpg,26b68a9e5f54ae073065ebdedcd5136890904ac8a3a0c0c15c29f5b3c13d4d57,a89ae28f1f8089b356fb9c63169f4f485d06541cac21496b97d20f4e4fb3db89,9dd38e94ad2101b76f73543d711efebf972aee8053f15118178e216f25cd1356
586,206_0.jpg,206_0.provenance.json,f3bdbfe007a3c2f88ef7adbf18926f0ddcedcf2a0933f898ebec77d40a7703f9,e7f14a44b84b27e0a7606674ae1b2613068409c7f85961d8f91b1c2cd8bb8f7f,f108c6d2a8f8e7a09c7a6b1e8c6cffb686bbeda0ba20130afb3a2e7e4793e96b,55543,73,72,GON-,GON+,6.06,6.07,206_0.jpg,tampered_206_0.jpg,fd2d19ccf68674baf2ce9929c95ed64aef8144739a444740056aa5ee26d23c14,60d5a85d4b80c713da3dea5f5193d0595a9ef9e72bcffa115ad582a3afbf92c7,04a4ac53a85e042a16937d5e8d130bf137ed8f0ebceb32f67dddcc4d02e2ef89
587,207_0.jpg,207_0.provenance.json,00a6028ea999a9fa1b442e3a20709d828c408da84d127fe27213173c215ca2a8,42b6abe19f0626dd34540d51c54c0d7bd18938fbe4289f69ba54ca2b4489f997,f08ef365df4b222b36a32de688e8ae323a1aee18a1617ad721e1986503b37fb0,61177,92,93,GON-,GON+,5.80,5.81,207_0.jpg,tampered_207_0.jpg,263794a802c8a2bca9d264b8bab414fdf05f448590164b04c46a49b5f84cbd43,82feaa94448d91265a7151bc2cf3ec11c7037548f5195d27b5717941b9a393ac,bb67367ea508c471e95b45a8faec96fdd09c7582eefc9865756d2badffaa12dc
588,207_1.jpg,207_1.provenance.json,68e8724aec4978e4d2a73726abb1e475cf91fd4e50f6bb8c6a4d8b391d8dde80,38fe1aba8c7134e5ca78907b763cbeee6241205454a2b8aa0524f5dfd3014954,d62f0fedfd8a33fa96b78d9ebf6c227632ced36a33c58b5735431596b73368be,70940,154,155,GON-,GON+,7.01,7.02,207_1.jpg,tampered_207_1.jpg,620e8dd2c90e6ca178db4cd8e2a0bf0bf378811d76049962464a17014730715e,dadd2c519e1f4b756e8ae2673016e947782c1635faae6defac12e22359661267,87ba5837e8e65bf233455c9ab74f599077802d415eef8b63e5f8b42f1daecc02
589,207_2.jpg,207_2.provenance.json,cd0968da5d51bac95e93dcd6b569faf82d6e01471f007881edb558544e532b9f,16458172f155f93db25a1de5feea5e5b057598c92462a8d4d471f3f0abe1d7fc,f650cb4be8485e05cf509415d0406cc129e090bac7cbb93152b145d72b752c12,63505,145,144,GON-,GON+,5.37,5.38,207_2.jpg,tampered_207_2.jpg,c7fd109b33332c2ea4b938e9b8f876c7814b6ea422fa23b1290d3627e4c035b5,df9710da883b0ebb71365132ef98531558798d04b8c5e67196e1a80837949040,e31f9ac344e49a96c734ec65249e91100897896805213f23647810e4d156ee18
590,208_0.jpg,208_0.provenance.json,f9e6cd15fca3cf71e15110f89b1db595fee38fa3a08214691ea07a74e564e08c,1094f1be05486c6ccce3e3c8d2572ecc9272dad921fae31b3ab266ba64e0e206,602f1a0da463cb65fdcb400114fdec1ff220313acaacd70731d7354a6846452c,68357,64,65,GON-,GON+,6.78,6.79,208_0.jpg,tampered_208_0.jpg,99d0b8bcb94773fdf79f74ac98cc39a590583f171b1e792e47a7025335ecf882,2ff3d7b100a533b78d1c74ce2098d7b075a62f026bba6056def0874fabf866ef,d1f541a3463baba83db95994f0809775e412ed73235e26e728263eeb8e78d66f
591,208_1.jpg,208_1.provenance.json,25cfea4a079f5d7bcc13172901ee9177a6f46718227f74e1955b7eee025101d2,4fd5f8e14ad9c2e68b8c784090924f60c5dbd7c47e3177c2532da93972e1cd43,586e2ae244fbb5ee7a8eaf736686b1825454819b2b8fe684cf0d8eff6d85c7ac,50611,14,15,GON-,GON+,3.33,3.34,208_1.jpg,tampered_208_1.jpg,11b5e30aba771ed1e232292169be40adf4d1befd3256f9e9c7f962d09852f904,c9e391b0e2694c5675cb15d860a7337803854e4e99d504f41c3cd57991c9b236,e65a5f4c3309a9fd3a630130ad8e2504e2c00249d76cd941515e1530ab377109
592,209_0.jpg,209_0.provenance.json,e8dbf5283f995496a6ee94cb3029413def991470c7efe2d65032159b43ac030d,ee644eb9a663959e1f6692e59e4156123c1cd0d702f79521344a12dc505f2dd1,babc31b4ef3d1543945afb7cac66e7da1e8186a2538167a7dee9e98193b442a1,66819,205,204,GON-,GON+,6.63,6.64,209_0.jpg,tampered_209_0.jpg,99afed7d922ff51858468943789b946f70c096bb71bf58ca6b083d7f79428e5d,f3b80c4d4d973f0b3c6c3a5171532d7583a3275cdac78a11bb256e6a86a39418,bfe350c8e5f485ab20019a712f0a6932c99dcd5961a44be333f9a6c9b08f3ed5
593,210_0.jpg,210_0.provenance.json,79feb44a406ac055d5ac17c46ec2901d0ca10bba62ebc2438609aeccc7558f37,34c0e49dff6d25e28b00e7f14f8363bf83446db93b7bbe2b766af6fcb867da95,c511ba60445253b4e6c8c489f9ecf3d0481c88533a8585265ebbe4e613c3b476,79310,52,53,GON-,GON+,5.57,5.58,210_0.jpg,tampered_210_0.jpg,71540c03f7097c2019ecd3e2f0430f21ef5635d806be510419177d81047d96da,418255f1edd54eb8ebdd285a47bc3e17486321a89f073cf02a31673ed6905e10,b85b67291e8e6b8bb747df01c48eb91e5ce6d15620c513f76ff6fce4b6aeb43d
594,211_0.jpg,211_0.provenance.json,afb3264f6c6df6f18fe9d79edf2cc937cc3c6e456d96fc1c0d4e13b6d9b037ea,4b1976fc486c2aa9da7696d30c0a60ee21792a7497db4b69cf478d55d87fdee6,d8159f8cb3e178f26c57cfd226e35c7c5d9d49506c1257310215c3e57c745ea1,65773,195,194,GON-,GON+,6.86,6.87,211_0.jpg,tampered_211_0.jpg,c124356c74a269115c169bfb7944dd364efe3a4e6261518d790f89d6b66ab7e0,52ddea97f89c08576e885a68a96e999c415b5cb88798cc32909000ff4bd5c651,46c9cec7f135bbfdea6b796f0a08dc0c06c3d8f3d1ae8c66e7fd255552b41760
595,211_1.jpg,211_1.provenance.json,8888f497d24af0130c053dee40d4d04cea18e8e15308f653f2542e01c2d959ae,e9bc4e93c0e5c6deb37077669a890b776c2cfa4197fa481862a8cfd9a3772bf0,60fa4ff06dc40f3c560ff39059f885252e5c6157c07290b8cfde368a6ce1681f,58145,216,217,GON-,GON+,4.64,4.65,211_1.jpg,tampered_211_1.jpg,c6e22db827eb78de225636e0e06bbddff3e84a7e3ebd0ce8b9eb3b660e491792,8a173cf2ade7024c68efc2b72b37f0b83ed50bf1c7a40484d0e3d498c2fb783b,69c54e4aea28cf8259e2ace6627c618e150b9b2512ac8c581c9bf4b2d8ff69f6
596,211_2.jpg,211_2.provenance.json,5a74ae978e7eeaad8a3d0d7682c3c5bced4d4856713088c3745803b7a9b11de6,120d74f5b83fd247eea2d7b698a22e267c668203b5d9a6acf798b3b23983b7b2,ad385eb1a677aceaccb8c2faca5eba086e73aafdbf535cc73e4b6e6406290e44,71302,64,65,GON-,GON+,6.71,6.72,211_2.jpg,tampered_211_2.jpg,2b6e8ed1b2c365d266e88ce719c97010ff3d37972979b36087957500b9bc3989,aecb4b26a8dfdeeba0d11c0ac7112b4a059963d609b87ccf2b01eec50f783046,c19918d3f5b40b12a27ca7ec660d6a9e8d0c73ff594c32f6fed6548e250d90f4
597,212_0.jpg,212_0.provenance.json,1b7af0df48028451048e00fbf86d55e468aa37044893a12427ad062b498831f2,5e6bcc058a25a5ecb9589715d0d3a048935638cb2ffd760510e5f2c01e2f067a,7412e24ed68298d865ae92034f205ffc1fa7cbb7523cc0a41f73f8db48f1c1b1,65057,0,1,GON-,GON+,7.30,7.31,212_0.jpg,tampered_212_0.jpg,af649193663a2f6f8d3b9869aedb32b00660327a0a4db1dc79a0fa4fe1f976e3,6ae09c13d8881c173a33419b2613404e04ec90c3a64ec75ed7ca832cbe2057cc,98947290a252473182d249aa1553686547abc5c223319452f26a66e68dc69582
598,213_0.jpg,213_0.provenance.json,e9ef303eaae3264e5cd943129f4a9c050c1082e0d1afb786b3a7e322c31ffa1b,b461fc616116cedf8391b4c245a53be008ea495f8bb499b3b2e3895d1ae685d5,8327fe9a8a944ebafe6a4a2c5cd01ca8b1a5cd84d10fe361d8ea57df22b45971,64085,94,95,GON-,GON+,6.92,6.93,213_0.jpg,tampered_213_0.jpg,bc83f8ba636b61f9eb8d2e827f73bcbc63a747052fc6f5dcb79ddb7d754d266a,18148051244987ae0e0ccd5d114d398acd4f0e624faad28d8aa83664cf588165,551474ab21d91535ad9d16453752bca724345a978eb60732c71398669f0fb11c
599,214_0.jpg,214_0.provenance.json,8e3c2ba66ed2b944e388bf68872ab42e007c6bbd9cc3fe453a97db142304c209,45cbe0d3814288f574bac0f703ccb0d8184683d28278efe518f0e87e85f62705,c74d9eb7473631dc26763a9cf1592e5b6d1c9c0aa33fe47063ec8459eb5f40b6,65924,155,154,GON-,GON+,6.47,6.48,214_0.jpg,tampered_214_0.jpg,30f50304f4c17b82d28e39617b73c720f20964c71e30d2c987ffc4ad8ddfe7c3,6f498a10182bf024a26d61c4c02ce44410893b050b51209fa0219ff5a62f34ea,f17d6cc20ff0c283b7d32563b570b5ea203049a6acb366b6a7cf604a532e38b4
600,214_1.jpg,214_1.provenance.json,806c40b8a9b1aeb718eb9219827de51d7d82925e289438b527a73fc73eb7d09f,fb0cea0070b54ee982a89dd57a90349566047545f183c0fea1a3cfd26a8fd731,a948a666f71bd173c5bf013f64acaa80d97768f758706d2e06a772da710b1134,63551,115,114,GON-,GON+,5.06,5.07,214_1.jpg,tampered_214_1.jpg,4ea2656e3cb7e409ebba54072f5779252208685ca7cf6b01e0678f7f460664ba,78375074bfd8912bd52769fbeab2076c70038f31b98cbf37440f830f6cd572ab,44585182db2787a012bff6cc7d6108d97daf990f3b0f2eaa452390455f11b912
601,214_2.jpg,214_2.provenance.json,bfc1d584577da9a650a19232b32e7ddf3a0ff47840c7efd2df4b6669de598655,3cc29234619fef3cd9de5eb7eba776747e99ca8bde3eb0711f3dce221b846b0e,8991e22994616fccc69f4c2e92e569f392ca992b203dc00f1924fd35bb670aa4,62926,64,65,GON-,GON+,6.18,6.19,214_2.jpg,tampered_214_2.jpg,9815e96d48769746b823f95f35f1ec204fc6badd60741105da0a9821fb5fa99d,c528ae1e5b194304973bc1df1766fc52412d163947c7b9c0ea681a9467989663,e4f5b65afee08734f3c5c06ca8d8f969f1ce66281660843d19c8b6f87e6d86f0
602,214_3.jpg,214_3.provenance.json,6ffb95361b96068350c6ea89b60a4efec3cd6737e7b4dd6fbd357200f0b9ab4b,f29238fad7a532d3e5912c3f4927325252f46459d985dbf3331568fe960c33ed,57c4138fe0cb9eb3c5b4c765ba1e8ba8bfa8836ce8db71c946da5b8a224e0902,63002,228,229,GON-,GON+,5.93,5.94,214_3.jpg,tampered_214_3.jpg,0b49c514a8dc71097e0c76978bd66bd155870c42dba60fbd0b9d9804c892c624,d4ba1ffb563a42b158662e1e3f9c2e5fd7f3e8f016f69994bfab3e12441afebf,de6e2af203a1678c9a0a85a8e4162ba924c921818bbf7742dca58a58cadfef8a
603,215_0.jpg,215_0.provenance.json,1a9edddbc613eed4be4e40080ed7f61add150f4b1686e1d4de7327404285150c,cb823fcea8b53e38240dc639e35ed2435f9d5d6dbf0e11bba116c3d0fcdc8cbc,9a1529066a2562e626740083fafaa80d79762ed4022451fdbe273c7e39c0dc22,60136,105,104,GON-,GON+,6.65,6.66,215_0.jpg,tampered_215_0.jpg,a15c5ee522290aec24653829e7cb35914175303d252194245a1ad1714b3a7471,fb69bfb73c68eab30eb5ea53471e62039e7dcfc30457eaa85f4735681c414e91,34b5a7f1cf8b747a54fd6b1c258eda0e486270477fcf07d57c00e2bb69b40ae1
604,215_1.jpg,215_1.provenance.json,7a300b0365fde154523756906c778acd1272911e5a930b612da78beb38b06f43,e61d89d743052d1c8df7f353709a01e5f55a8be0036ed1a5606622b966baf003,61ed2b49bb765cb161b0ab19c61a4ad1643a0c88b0acb5ea3c156951b34476e6,62553,64,65,GON-,GON+,6.22,6.23,215_1.jpg,tampered_215_1.jpg,6985311de0ae434e1f33aeb59d1e95180d5a1feb35371131cee9753e342e074b,00ebf05c0e13d4e20d072938ffc056b9732f37d6990364bb845da385b582ecee,afc17e792b3b699437f354ec64197d793d5bb81c16e81b98a56df67561a03948
605,215_2.jpg,215_2.provenance.json,eea0269b9483d7bae6c4aadadf32b5f7e4dd7ca03158eac9a12c5ceed640e065,95965bc4ed8e05ea130ad3d6238f55edee0e98dbd9a3e2202298663aeda144b9,dacb43d65ae574ed5febf2b89a84273c87e755ba1fa7facfef5eeab9a6fe2989,59886,210,211,GON-,GON+,6.36,6.37,215_2.jpg,tampered_215_2.jpg,5bbfde3e5e5b41a3debd7e9468de8feb0673c1c2979d53dfcc1e5b0a380b886a,fdd94b202b3624a292751cc4abcbea178cb32252c8c20ffc576146c50c69790c,aec01b9cb290dfa5ec4c24d27de11accd92b9b595ddc677b6098cc99c2dda510
606,215_3.jpg,215_3.provenance.json,25e46f2d3be78f6325f80f766a65fdabda0d774d77bc8b0f033609457db6ae2b,e76f35d46703d4bb4d0765add29eff3bc1905af2f802bb46baabbc802cf7462f,7fac4956ecb2ae14c418ce0e775ce6187988176295885517100935b7f81bc0e6,63837,38,39,GON-,GON+,4.30,4.31,215_3.jpg,tampered_215_3.jpg,dd9c5436584207d5e0a6bc13a179b091f55e3463fa273bc4ae3ec59f07957684,a4f4ec4cdad0a4c7db1b4a7f331c29a90d62531943945149c7d9258e9fe07d1f,39272221dbab9ea610e9fc846a3b7b5bebfae99060061288d8a3e42178238581
607,216_0.jpg,216_0.provenance.json,9035175f4137d03acdd5b811c06e1a145541b52a5c42a03b57f4262b56681255,860b414e1f89515525b341e536b68b70fa05d0e70b822cd3bd8c80424fc7ca9e,5714b26c3a1adb597bac29fa6b2a343c42c05f306922d7c8e19fa8513d750f54,60629,192,193,GON-,GON+,5.27,5.28,216_0.jpg,tampered_216_0.jpg,40bd404132b94572cfaa08c89ed92beaf39ffe04c68a1e71fad2c5739a008c8b,6caed1d622e8c8209ba208ba3cca5a2348af12e29bffe1661e29a4e0e5b03921,3ebb13f98cc31b21732dfbdefdfa334990cac977714ffc37ac932cfca9d16e3d
608,217_0.jpg,217_0.provenance.json,2821594b51ded7c8e44369ec3f6090e56cfecbb84ffd41c9601e7c8db27862c3,4aefb18b3645a962f916357252cf117ac80eac4b0167b1c9c925d6e9c30fc7d8,6d3171c45d6cb016f9667ab9a712841dc17675e8c88e4a98be323df4cb28e277,65502,72,73,GON-,GON+,6.06,6.07,217_0.jpg,tampered_217_0.jpg,b190d2c11037e806a39af76eb5e48fbddbda033a2a0930bb4f29a4b40e190e6d,11fabc85636ed7f15ed6af8a4646b8aca7422668738eca89048a72ab479b0063,d14a9eadb52cf4823ff4f4cb55cb5a56b023ed1456cf19db34b94998f8679c63
609,218_0.jpg,218_0.provenance.json,42cd36207a303b36f8fd1cd1b1ee64c9f066fe622594c81dd9987e2b04ac0386,55e5da4a09dfa5ec021a4c3bfdcf688c48e36ca29ae0d121035664ad97384e99,ba5925bd3b64d42f472dc7667b0caa3ce8d20549a8c02d7a0b0c02443b75444d,57101,142,143,GON-,GON+,4.71,4.72,218_0.jpg,tampered_218_0.jpg,4ac5af37c3677972ef0aac5c8713a098dd86e7288995017ea35a4e2c3220cfeb,7b86a50033e5cd8ab8c2c2f0fc27ac9a0216c05fc27c9281fc5b9bfbd8a662be,0d61d8f72888440b7ee06db5f142894208ba08ec3e6a41d1bf2cc51902428bc9
610,219_0.jpg,219_0.provenance.json,8151335da4ae265b318bf0894f87f3ab9065b2faaf0dd4eb59425430bf548be6,fb38992768f081adb1431557697edd8add1e2624de763b4065cc53f885c81044,7e384c1beb3811ac60f002f6aa84cb7f987410a69b17ee58d039e664e7869d90,73496,197,196,GON-,GON+,7.23,7.24,219_0.jpg,tampered_219_0.jpg,cdee57bae0efb79e335e6519000d32928b754668c85099a6040a69ef567518b4,6e94c3ccefb78eccb137050d7151c371164f552cfe23155c404c51c8097db89a,7b6dfc335a705dd213db539144323e697147a516b1abbb7609f3f769debb02ad
611,219_1.jpg,219_1.provenance.json,e13b8ae7aedd85e30c3dc67c5729dd519c4987e2edc7967ee7fd806473e3aaf7,2f11eaafbc2551058b1aa578f50f86e27b0b1ebd60490662ac3d0187e64ef116,1bd1869979a59cd56249eeccb1cfad9367a75269bc663e6b911ca07c74a3c1b7,62790,237,236,GON-,GON+,7.14,7.15,219_1.jpg,tampered_219_1.jpg,3cf76d81b45015381e1d2435389d3b196fe28b3e359fd5ae8331e18dd23bd23f,aeae55b9a837c4ca0039eaebacc356d3e0c879ceb3f739a53dd9642d30765c87,05263e9e3e377dc5e481f2ce2139b145983631271060636c6a00347f0891789a
612,219_2.jpg,219_2.provenance.json,d44b41c8e3d994d7767e40554741e0c99803375187a99d1998cca7f6cf117be2,36d7c85f1a0fe75e23b7f892b7d00bd70f9a82e05b4251609917260dc9a95260,205f040a4d0980fe29314e4910d8a698d0989b022cfc8bc9ea4cfa04ca2bcde4,71243,41,40,GON-,GON+,6.53,6.54,219_2.jpg,tampered_219_2.jpg,24efa2dd7bd5a794c930812e8ffdec622e911bf2e6a51eadd41d9ac88032c407,68335585ed3387ea72326bbf5d1c1f9aeafdc75840741c80ba230430b6e15392,02d966fe292af8a979bfefd7b24e2a5a3b722bfef7e38f191cc76a2b8aa00c1f
613,220_0.jpg,220_0.provenance.json,408703210438f8c00a55be0bdea461b8b6d86434a75fcd16771f7690d4cf7deb,1057005d823d37604d91f5c73c1ed84dbadfcd53d6ac58638f372dabf3be1da5,81603b840c2d9286ff13b4f6bb8d2c3f45c67351c94ecd92e698f70f194807de,68029,21,20,GON-,GON+,6.15,6.16,220_0.jpg,tampered_220_0.jpg,f3572f1d3f74b874a8ee841f885e0f8eb304e069e3f88b847fa866ef07608dce,3231fe944316fb3260c2cccc43d50d18da06891a9db2e3324a3b0e9eedcba264,5875ff8fe8b7154e5ae9dd8d53bbc202202079fd8461c9fd39c93c600268456d
614,220_1.jpg,220_1.provenance.json,904a381df71df9ec41d09df3b1ba19f937e5e29e636270224b38df76e7085e52,f3ad3e88540755364eb1555202bddb76cf7a4bfc435fe35aafd9f9b8af0d514a,5e6c654b415db87c3d985da3183079850e8a212ef91d0d69788872b9fbc6e9db,61503,181,180,GON-,GON+,3.95,3.96,220_1.jpg,tampered_220_1.jpg,2bd76fea29f15c278b48243dd09b837b68a552a1c7559ef140e327141f7eca7a,44e2f6fdad41501e31d4704fe6482d92e23cdc98273e3d1044161987d7122c32,021961c3b5a3cb2305220951522979fa2f5286e93fe7273a4e0ca99223d92b88
615,221_0.jpg,221_0.provenance.json,24fd8099909c4538633c3e85eef0dfc636e5e777895c33d5f544c84dd233fb35,b993f3a008df8bbccbd10c9f5fa34145c5f52a172d6c8218e2eb03227fc8ec96,99ce53216b31c1604a688a38aab5781b34a2ee1169789a3dfb767fee5ce8fa44,62815,113,112,GON-,GON+,5.36,5.37,221_0.jpg,tampered_221_0.jpg,7f629adf99fd201db0f752fbefe36851b58b3da60865301b9d8ee1af5c201dff,c9cfa3ad0e5a8017cb7c34fa96440472f3878b23e6e252b45df5dbc82695ab1e,cb70cecb15f30e40b97d5b02d753cf62c4c75b5bf9c72362c4c92b774c380742
616,222_0.jpg,222_0.provenance.json,5b3059ddfd9f209d2c2bd5ec74876ae3408f3132cf4096a9e75f3a18561bd712,784ad1b02b1068f21c712360126956d50dc2c428d96a1e63bd66339ba82d0d1f,cce5d9fc159a7e36e92b5fa5b79af85c5e9ebbd379f1e685472f92ee30568143,60226,5,4,GON-,GON+,4.11,4.12,222_0.jpg,tampered_222_0.jpg,b122946d1f487063e6258ca6a6c6f85352794b8e6c31acbf6392ab8f72684afa,59605f499f244bbb426d2abdd2d22b5bb92450964ee38bb0d28276b169aea797,91f04cd662c345151fc93414afc89915d1fadea3541165ee7e47b2977a06a648
617,222_1.jpg,222_1.provenance.json,1de9303da6a62fc5c3dee878cc9a87e4b882634611882a167aec8402c22aad80,5678c32eb6ec371636bb5ed2638780ae467464055d49e95b17162c3e8f8aec2c,0f2e9fad5e20b88c930e4ba867be0bb02174104d73650bc154f92228e295af04,57159,19,18,GON-,GON+,5.06,5.07,222_1.jpg,tampered_222_1.jpg,b1d8091b34d6c59e138e777f692c76a40eb713b9094e0336474790e2de67acee,059d5ba334b30c100c5f58a231fca670c669eca6758b179bdb81c3709db1d5e2,a4504ea9928c29cd129e3d3a0efbf6c306b123796fbe3317d97154e936dd9d48
618,223_0.jpg,223_0.provenance.json,f41665f69f06eb7669f441e1b48ef39638e6881ce23199a66887fcd3f5eb3cc2,af94b60370de618444148d8d238bd668808c4e56e89eeec8eb6830edb2a78962,7e044643538cabefcf34ecc239a897d467d8618aa419305952f1a8e179502f05,63605,211,210,GON-,GON+,6.16,6.17,223_0.jpg,tampered_223_0.jpg,f1da0cecb78183c7219493dc486ff638ed6a05e31ee6229e2841453253e70f61,986cc7c32c99b1b5212947f44e4b0790748ee04ffa38e0234379fde0a14e079b,60d16ae9e88b26ce021ea56e4052129a0b1b4ade9f9e2f04b3992e8406066692
619,223_1.jpg,223_1.provenance.json,3b731d0f60b2d45fe80bf450cc223aee5dc48d9dfde1428fd728257e61020531,8c96695b4dcca3b9b54b37ba2e592cbe123339d1a9c1db8e1574fc3658072f01,edfddf4190fa7f310388cb2ad0fd13c019f33d0d6d12051d6ccf7034c3fc973e,63339,147,146,GON-,GON+,6.24,6.25,223_1.jpg,tampered_223_1.jpg,cd627ae274e241fb7d03b47e0378d5a7c6c8b21153ae677ced5ec850822459e7,d537166b00fbf1cea5176253fbc3f8cdb1aca6ce460445f4f53ea1aeac7214ca,107e975e80c9ef615592545dccdbe85016231f9a16f2076e590d4406f0f1e991
620,223_2.jpg,223_2.provenance.json,553d12b01657ddf6386475a99a6dfa1ecd1ed072923cef302487f1f9bbdfa9a2,b91e9eeecfe65df6194a086b1d46734558e4640e343a34a40e5a00df289d0cef,4059c6da4417d36254b77d6926eaa24cabf163afc7b5c737610fff7d9482de4c,58509,52,53,GON-,GON+,5.26,5.27,223_2.jpg,tampered_223_2.jpg,b6e62fa3a43be794e2330cc76bcf596862e82d0d3273d17b06995d574c6333f4,69c2c48a5687a7e90d80ebef3aa387154c539fce64760b4c5337f17e2b2773a8,2ebb4d0532eb51f49748b477239607d26af40cbd16687c14e44af43cce5194b0
621,224_0.jpg,224_0.provenance.json,cfa3514424937f0dd6a6407b3935acf8d26175dc9353a94e7b55e1ba2414938b,8c5d8d306803e9e99c8f3195d90c7891d830fa60dc6055f30c96a433fd57cf3f,2331c15f73779fec88ab6a4b10e9d851840b213656603e1db8c71a4670b86fe9,66529,150,151,GON-,GON+,7.23,7.24,224_0.jpg,tampered_224_0.jpg,a4efee5c89fcc85a066b6bbdd5c3f190bf1af0f277089cb3ab7ca2b3d1f80591,e0fde008ffaa8fda31c6be43f19474fbde90e450d8421870b3ff5d13988d70f4,bda139daa40a6d8edc00ac9b1bf4fb03a1f2af08d4fa362f85cbcef2ec90c1ad
622,224_1.jpg,224_1.provenance.json,7848911725cf52052daed130e55a370a0f86277d4301fff2226cf27f8dfdeb19,53be5b3144cee44065b07a8379f4f73ee84c27d35ebe6ce3438258e62989dca2,f502aee1e2591ac14477b17e81db4ff1a61a63a00a598dc67f6a98c68e8e735c,76444,146,147,GON-,GON+,6.65,6.66,224_1.jpg,tampered_224_1.jpg,5ed9812c105b646e22259714b8ecc3c2396e28c0bfb1b160909c7d174762f4c7,aab9963d84f48c4102536742a9644e41a7e9ab333bb7d0a89bd20b8473277215,d6dc8932e5690614c15eb4c5992099c92a15121d94aa9714987aaa4ec31a799a
623,224_2.jpg,224_2.provenance.json,d63d63deab5d25d475c65f3eabc2aeb480d6760689d944124d7c66841f486e3b,39263b36d5b667120146415c4fd48588c51adcd9184faee8bcd65be3a9c77f31,d61585d7bb7c771957327071f44fd1fa205d3ecc46a4a798f1204893b67a58a8,63565,1,0,GON-,GON+,6.89,6.90,224_2.jpg,tampered_224_2.jpg,01b375300a42bf72d8a0fd4f9ae263d0adec387815d1bf6968df0c15ad7333e1,c0a5dafcee79f0eb3da85e50e21c5d1e19beee86fa62a6953cbb1ba7ffce3497,05488253173a0506541176137b6ee400cea4ad267ec6edd291f826aed4b61ea1
624,224_3.jpg,224_3.provenance.json,b336a142940454db8c5b395b5929471974216b0d5175361846ee3225098ee4ff,a48282ff05942b5cd021d1a74f3f7026da685fee298539d2b4fa15707fa6c9c8,589c280860578b2832d01fdb951c4f410ae660203e3970f5ae2a0b20993abdcc,65247,144,145,GON-,GON+,6.39,6.40,224_3.jpg,tampered_224_3.jpg,1dd91e35cb0f9758e0a0491e7db74fabc8b9b9d43b636d66cb9367bb5abb907d,ff859189dc2b8b2ce07949ca6144453ca48889630fc1327014065dc4af52403a,29daaaa1615f6f7a8e97f8c6f213a58ac690f2d832b09688410fd65a21fe0d6a
625,225_0.jpg,225_0.provenance.json,cc197ec5e156d121cbf4354b55915d3b368bd027fd7e1cd84c155b0c97ecd753,b5082263dda0c1255eeee52daa91a1b3c232509f6e11dceb2d66ee8007205f0b,97f6e10b929df4f088f4d3d20f4aee7f7e00517b381d6543fa7e1a7da1c3f216,67139,71,70,GON-,GON+,6.20,6.21,225_0.jpg,tampered_225_0.jpg,74b4e3cd1964eb4d5152e36b9461a1156d9b3f234650133afb00933582750ef4,c3ce436515d44a524773fbb954515d4421ed5ec6d92e9e610dfd52b778e0b75e,66c680acdfff5dab0836fe5f2e1414030656980000af7ef615c198900eee3f2c
626,225_1.jpg,225_1.provenance.json,ef83dbcb98292ce589f7261537b03f41c89ad86067f450db815c1d6bfc21e705,038ae3905b89a2287b923700f22646111637eb20ddf3c270297040c0118267e7,81850d4ae430489696b4b50b239d08074e813b41786244ca3b45b5652d03d494,69320,205,204,GON-,GON+,6.40,6.41,225_1.jpg,tampered_225_1.jpg,693c872f6a9f4c167922f6b7969ef30016b8ab4a362a81cb9c24c216bf3e9aeb,47373e4de1ea5a0e94d7ff473d96c6f72711a89863362cb5ada7697266d6f088,4a697676bdc5ea100b964e1288b13dec2e8ce9725f2a3f0c88dfc0194ae3aefc
627,226_0.jpg,226_0.provenance.json,aa412e0d7a91043a1876eab51e243fd2b40bf2b2f2d1fd5e402f0aec6c0249d4,d8d1eb634fc3a69df19a1ce3f10cea26f29c5f71484cfdb7ca13f2e03b4c9f0c,6c7c69e9af38e4e7ecfce97aba1ddfe76988469f77c4d082d2592ca082bc9d94,65142,20,21,GON-,GON+,6.45,6.46,226_0.jpg,tampered_226_0.jpg,4cf87b122d15f403ff3870af4d658dabdc01320822b798c6a6c873cdb5775090,a4099070118614133ccde8162ca64d57a00819520dbee5161c3286d03234c13d,a9acf297fd5d75b4834d453db62aab58f522cbac0cf7c7fff6b232959da2775c
628,226_1.jpg,226_1.provenance.json,c2fdd48145da9759106fdc37ebc6152a5d9394ce118d3358a0f729bf3ba616b5,412c1b40908d6db528d9bf03f32bfc467731265eddd53aae495fdde3313ab84b,af2a82b7409c3201e09d847c9e7ec1293dfcbb8ba3619272e38f3ce4c7966db0,65243,211,210,GON-,GON+,6.53,6.54,226_1.jpg,tampered_226_1.jpg,1d86f402e4d86bbe8740fa5f9970c8fea89ed9b7f30c99372f1dbc3d523d619f,4c530f26292af0a9aa3778dff1ec1e65409ebca25f0f8038d251281d8a6023ea,e7c54577b6f6ea241d71abd8d099502e59888cb47ac51f0bbe95ecd8e6d4a16e
629,227_0.jpg,227_0.provenance.json,cb35bb17d714321a190626b549b72bfe2ea0889d07f30cc2c3f217b1e666f197,5025ea1ac7c8b8e8067c03e2bae08d8df08fe7be89554b049ff08df8242fd739,2d7fb79c725551ec7ea010875c6ea185bfcbeb2080d80a89846b785869d9eabb,80025,18,19,GON-,GON+,6.93,6.94,227_0.jpg,tampered_227_0.jpg,57c354fb8e5cda25665a8171e389149b551d810ca2f2755517c6424b47e54191,0d1ecf1cb0e4e1ca7887376f8736a91623ee4b29dd67cdd87b102e2429fb9140,12a78299ee4a39df18ecf1b5ef9618e74702da7c56a51346bab66fa446de712c
630,227_1.jpg,227_1.provenance.json,6d155a7dfbe6d765eddb84dde59281185591fcdfb689c9a74f29a58d4fa23551,5bf99a8f4bd0ea9d9677ad931e0d1d8b5382d4fe0a19ddea8d494e9fcb523013,18f119ef973ebf8ba8bdbf5f3edac5b6fd5743dc2ddaa160909610d52fc4b67f,62642,138,139,GON-,GON+,6.11,6.12,227_1.jpg,tampered_227_1.jpg,bce8954ad261308aeba7998884c9f358edd39f921263f6205867f5668cba9864,b74b4e8aa4afc8e2cdc5a0e3693d4a87d82adcf5f1797df43ce62663fc04234d,c982553d939c5020fa0da5805df1ac486f910faa2710dff93b08b6958aaa6e7f
631,227_2.jpg,227_2.provenance.json,6f0230f71f691567b209c102c36557509e074063f68bde395ee238d8f0489534,904511ba733b5f1a70d899a9cfd9b7c85ece787383f2a5dd3d4c8fa32bf06323,063e3b334fba96bcf00b2c53216455c907a06eb7feffebc45f78fcb45862cd1f,69651,160,161,GON-,GON+,5.52,5.53,227_2.jpg,tampered_227_2.jpg,f0760c6c8293a924b80de578d980fd01946e226ce8ee34db8fb595eb7f35acc0,16f1525c0dad9762ed69afdc73859f2cfec872170538f40861f8ad58a3b0e752,6a6ab3422bef3c61e15e0c98604fddb08f83ad5bda09f1a23ac2585a7613730b
632,227_3.jpg,227_3.provenance.json,971c20b7506a073b1c0cee03cad101185414074aa63cfd9eb7820053870a01f1,4e8d27cb910c428d0bcfd08cf21ce84c2a156044e5e209fc79489908303a359c,809554e33f0b461cdd0e245d8db4864654ff64b4e1373411635f3cd0e8829fb1,74670,87,86,GON-,GON+,6.23,6.24,227_3.jpg,tampered_227_3.jpg,1b92d7344b4a66f12573d99ad3d1e638a1ca125432481019184cf31d1c7550bd,47f7c575852ed88cd163929d7262f0bdcace5727818d6eece908cbc7e49b391e,368a1480af58feb77eab94a907183134ccfb29506552a7c63be01e76b854873f
633,227_4.jpg,227_4.provenance.json,634b9fe4a97e11dce29b6c5d30978dbc6e1e7b6f7cc9c67017db7c149015912e,423bfe11d09d80439231a61913a3c0d504819c029a3b3e0ca29e3b1dae98492d,3e755e61729c068ca88cda89f53bc64c6ec38ede5ecaacd9a5aa2c6ea1779544,69608,105,104,GON-,GON+,5.36,5.37,227_4.jpg,tampered_227_4.jpg,b04ebb8cf0043a2cc9d45995bed569e18fda106acf91ec5836405baf4f8cad7a,1797fcdbc69276afccab8dcb2913158e1fd6d53edc7d69fa8a7ced525c48812b,6f5c7a16e9c4161ceabc5a37bcc35db43fd14beded6bef2dc44f24f665082362
634,228_0.jpg,228_0.provenance.json,1c6fde6ff12b1273e3f65242729988e333e88da1fe324696ddfeb5166b5baf21,a04c583cffd4b9a2292c2be34a3f2696d226c27aaa84297efde5a782986d28e0,8a392c81005055ff40d8aa589ea68d9fe520c97b389e03300053a13c8f253b32,61880,218,219,GON-,GON+,6.14,6.15,228_0.jpg,tampered_228_0.jpg,706cd4380a50276dcb0fe91845616eaef3ca293d6627e8c255ca82d8d92c28dd,a367d6435c3670c02e86576ac44983778c963790083fecb6cad9b6c7dfd354d4,8f30a704c08c3b0d1e73a3c1969859bd518abbe9af7d04c17763f148f7405bb1
635,229_0.jpg,229_0.provenance.json,5d8cb7f1cc03f12c606b22db3e2e7ddb467b3258bf195310ca533f0cd10d18cf,ccb8b45fb79a31701729f9304684ef2c807941522ffb51f02b03a6a958362458,a4ab323e374c5d3f95ba90e94ab7977a83d089f5d2ebca908913443aa492a393,59384,180,181,GON-,GON+,5.34,5.35,229_0.jpg,tampered_229_0.jpg,5883d632d75a5da6692ef05382d91e70cc62d6984454e1a6f4b696c6652bc72d,619bffaf655fd6beefebf4c5decb33ea0aaf655a3981190424c4435ae66eadb6,be364fe42180d713e51885a6b4d92ce36ad44edd36e7d549fe19c626a709ceb9
636,229_1.jpg,229_1.provenance.json,5ee93fda65038fbe150fe46310d60710bcd87b7f1eecf529a6d9593c32fce641,bbd2e1abc855492cef107b6472de652bd0903c3efaec9e809afed750ffe6302e,98f5a054742ec94acf5f8deece9a486c46a7ff66551d1ceb15b9aa812025cd97,59816,144,145,GON-,GON+,5.67,5.68,229_1.jpg,tampered_229_1.jpg,cbe1f5bc55c4500ce5a3e26fec6e5d8d99b2b3c32b94b67ba5043649b59986d0,ce17867b5ab021eb478a5c2a2e9291a1d681ee9da6a113b0628ef9510f7716d6,3d680cfae2821b2610f94ddd52ef43f675e8f1034250f15311ed39ba94897302
637,230_0.jpg,230_0.provenance.json,5509a99da466a0e2994f20b7b64f581b0da78975c35f2fd501be7603dd290446,e1fe14b8618fd935a5b0043372c0ff281d89a05729dbab1ad6db90025fce52b6,f37dbc6af2b8a1744b0307f1ac256f7115a4875dfe675bcb8532e6066b57d296,65716,35,34,GON-,GON+,7.26,7.27,230_0.jpg,tampered_230_0.jpg,c4d1da27cd6e6db7dd01238f9570d74ef968eb871357c275be621229c8ebb86d,f949b4b7191b3d7adc2899b5d30ffb35e80f6761733c3b91de1156775606d345,6b07f3deae2b68e3c94c5886aed519e0677e35b4f6bd1bb4c3c32fc0d2560994
638,230_1.jpg,230_1.provenance.json,9058ca0931e50dd6fe2ec617abb8464c942a046116b8fdff36afd28da191478b,ac4ab3eff0cd7571f4699046df228cc8102fcda17275e36ba85725765e64c04a,39af79cce33b8f136466ee604d09369278ac12c451f90e51b15ec6b323374d41,63371,41,40,GON-,GON+,6.26,6.27,230_1.jpg,tampered_230_1.jpg,7b3fc45ac0717d421ca2fd91f0c568d1fd410c0155cc0943d1ffc476baf50728,1c03bee5fc64294523dfefd617ff860a98eac58cff2ffba29573e7429b53f2e6,e8ecb174250a4ba6a193ea6ca7f12818b3526944f6dff68cc6aa985a4f18b097
639,231_0.jpg,231_0.provenance.json,b117a8bb2a16ac05b01c6ccfd216d422e0b21d70ffd6059b413ec4651d5de85f,13e996108542443c8206ddd8bd9e5579e373265b12452e0962ce77a5ab724a57,e8bea7378ff6d51edf51b728f64bbc1a1b8108f1e15b9e62aae5c2b5c5285e94,63430,25,24,GON-,GON+,6.34,6.35,231_0.jpg,tampered_231_0.jpg,d19aca23a298e6aabe95bf82a5c22a73096d55fd1e93fba1fbb7269766d2d983,94ff7a05357bd4954ce735ef3eb52e48b3345e0b9afa6a66c9c6ae5fafbaa6a0,8fd165cffafc9cba78d240c4a34addb4905ac0ca919ae81aa14cc220e6112d5f
640,231_1.jpg,231_1.provenance.json,18341e9f09d65f626e32155fb1607357488f0e1e109bee15735982b9fafe19b2,b582fa6376228de7e083f283cd621dd7482f5abfb041a1203ce8162fc64376df,f1fe9a2dc22ddcdcbd5492369a8a466154cba5885c32aa4e8cf292b7a21fbe53,63734,180,181,GON-,GON+,6.24,6.25,231_1.jpg,tampered_231_1.jpg,8ab329479ac9f1e2f9cdcf657d8dbaff6b59363107fd7455f1b6b5ee3790e4ed,92cca6bb3ffb72640f84d86ca12c3f5545d0ec6273214427b42a4d961dc06e99,eafd2fd510080c429a4295d2676521bc2299d3c2312ce9172a0764153eba4888
641,232_0.jpg,232_0.provenance.json,ad1e44a94a92c22c48efde7d3373aa47957fe92cc8da96dd2fb22c89d4b6c6fe,3453f51aa4069852317287c24d355953be2573e249d193efba7883fd766e709e,0022e17464a8ed824bf831a43062f7122e49106517f52ef9e50e016f7d6b5915,60424,154,155,GON-,GON+,5.03,5.04,232_0.jpg,tampered_232_0.jpg,7366f823d558787aaa96a839b3f1d9a363c5152ba8feed39076a03bf68f8dc75,c65bd2082ef01c1ceab4a07cd0df5248eec434ba178b230641942ee66456133e,66c909a4f121b1c7847fb4c2f3fd36ff9cec97d9a65b6b4c683dd205870c79bc
642,233_0.jpg,233_0.provenance.json,b61ef3bdb831eace2b781bfeaecaf1592ffae434d3fd791382398f66dec134dd,546689196cce3c0c6832736fbff2a62e7b404d7dc77c6a901d6603220c9364cb,194f69a4de1ca75d26b6862dbaa0b92a2ed127b5390cb1d80448c12a7dfa023d,64161,181,180,GON-,GON+,5.63,5.64,233_0.jpg,tampered_233_0.jpg,9f1c856ba99b7d40f00663d473307d1989fac27d19fe50e7b86d60f51cefcf21,f9994de352bf92ab95c29926699d01b946e058f22f2286f44a1746551e0ef576,17bf9425feaab7bcd77eb9d39e3bc4fe2797567a6674319448f8dd6dde6a4e37
643,234_0.jpg,234_0.provenance.json,694b7e806b429a01859a6140582ee39d5fbc8af1067a898a1dd9b5f2ab121c10,58142c2952608c5d0238a17d7bd3a03c4c16f5b1027f5173460c5db70eb90a4f,2c802fbfa88f5832ea7c633c82f204b991104a81595c36d7f4751ee3d155c369,61200,82,83,GON-,GON+,3.20,3.21,234_0.jpg,tampered_234_0.jpg,90a9829a92fda8750500fe7a0f98990c766c287fedba1d0b42c1cfa9c7d2812c,b8b0c00da1df6af7a724261773b15387bd77cafcc4d9ca9e9f486c35f8999adc,91e41f3a25cd46c98291cdb79c9b1a77c1944e73a49a30ac2642ac163bf675c1
644,234_1.jpg,234_1.provenance.json,f7f240f95aef1ae7056e08c3275c042262378ebd647bdc5d747a2224c0917617,336fd49ea3b55dd258593070594cc141b73549ad47c0c2e989bfbb44b7a79373,6334fe2392078d3cbf2e6f8f8a32ddc7f2f190ec2326d3fd6e0e284493d83f38,63326,33,32,GON-,GON+,4.28,4.29,234_1.jpg,tampered_234_1.jpg,1ad1fce95a6f7c0e86e12127d171beec55d7290f1119766f3b6b6864e86f36d2,772ec6e88de14603df180bea1e88138016faeb1965a174e981538672e536d3f3,98793e5938bd6691570a310eb94d81e718b20f333de55717eb3f03f9d7ab21ac
645,235_0.jpg,235_0.provenance.json,7591c621500a4d54157c8fbd49b4c29394acb988719f62e8d9bea1bdccc7fb6f,0b9a7fb60bbfe9153b0f9bc1c44d9a14960a533fb77035ab5cc9030dfaa978c3,89a1dd6b2252f982913c1ef318aa08108ada298d778362d023349ceaa40e30ea,65751,186,187,GON-,GON+,5.42,5.43,235_0.jpg,tampered_235_0.jpg,f283a92eca9dc694d0b29e671bbeb825fc1b60e83a8a646f3d10fa60e7d8bc8a,f76bea4bf1c2c774118c70b89aceb3d8631504354f551896c87311e2e1d174a5,c845b200db663a037223dd17f55c82f9502de1df32704287614f0645e1fc9b2d
646,236_0.jpg,236_0.provenance.json,8de1d2da8ddff44f8c485a6a31fb3e2837423a0fdacb96d40516b833b4ac6d48,1ba07d765200f7d402e28a6cc09c8afd81b4983085ef0f4ed17be7d72c815582,45890d23135487cd5fe218b3256367f5daaa5004749e2b2abdb5c5dbf08b217b,61724,3,2,GON-,GON+,6.20,6.21,236_0.jpg,tampered_236_0.jpg,441ee7dc5e3b64158f0a5e6f196b2effedae2353fd215976d63240bff6e9193e,038b1f6906951686ce6fd6cc33676e50a7f15cb2760d2aeaf878000c7ac45ad6,202f3dca54c1281734f5612babe5f05218c844210286dfa702babd5a2cd085ed
647,237_0.jpg,237_0.provenance.json,c63d1dd8b3c661b99df1ab565740b0d1a3fba575d8c5d91af06759d71dd7e0c5,2e97625a85daa4514620117cb42078dfaafeeb449295f1b72736b5af13a3ea77,cd1d3e532462a9a9a8bd3df26c8b7d937f56f4404a4077e8f7bfee86c0fdbfd4,62422,210,211,GON-,GON+,5.78,5.79,237_0.jpg,tampered_237_0.jpg,0981437203ec61520b32036ccd1d612c9f75fbb336804a1ef083c36c8a97680a,7e9c2347f90d1c44e0c5b85462fef48cee2f34d87e386ccadee66e73f632597d,c8523c59ea5bf08e3b15ab796438e46b5a07b710ceffa64205fd92288930cecf
648,237_1.jpg,237_1.provenance.json,307297074a5d66c0b23223487db15f53af2afa30bb9576555330485f06fc6d88,9a04a57bde465f877737d909c4a072c70b8f6e0feec59102b4cac91d2152c564,49c423dc5ef7191bfe1610e0c6120aa107c1862af91f48739264f7273d7030fb,69201,227,226,GON-,GON+,5.85,5.86,237_1.jpg,tampered_237_1.jpg,1a6236abbe7faada06e91694b811b82330b0859112797812ec8c5b2dde837e40,544c12cfa05c0888b2a0ecd8ebc51f6148475687d2e68ec05b8c8eb7f9b4d654,968301e6899a0d0fa5a42490da493418fdb61496c74e6522448d2c3a49a1c279
649,238_0.jpg,238_0.provenance.json,ff4edf5e4b2a32b344e0fca2de15ce863d26e9db2a6e3d1b123ea3bb07f0aeda,8eef94818bfecff4029b964c24a09c8e3a5883ce8a27ed152f28a314ab7927cf,2bf257c77686bb0ed51893c11bab4b72e8053a6643a1cf6ff5bcb4707bc1338a,64339,59,58,GON-,GON+,6.87,6.88,238_0.jpg,tampered_238_0.jpg,f48d984a5c7974136b07d89de276078e5890b44ac7edea80d49b78e5a536ca1e,5b18a9ad198032b2d0f8f025793ab204e8c2ddcfdd035df9f2ae747ecd311645,4101beeaa23f6d501d44280efcdd7e2fcf0b91ed827a18b1d61cb146d68209f2
650,238_1.jpg,238_1.provenance.json,4505ca01b965460dbece3ad38ab5dc9cf0e1497fcbf2dfaf45511efd7d806918,4c1c0caa91a7ecf172eedd72493437b2ab46b4fd9ffcb3774ff3745d569efedc,27b55b09585d59ace827e79e8048ddd6272edf67a02b552ad2ec3db9d7589cbd,68926,38,39,GON-,GON+,6.04,6.05,238_1.jpg,tampered_238_1.jpg,139b9754730e0deafd75edc7af4be3b886761fd83583c9c138dc22a183978aa0,61b3b098e2e04c0abbcd5aa480700375b27af857d6f28d43f4bca9a84025111f,d7816ffb26fceb149c06a0cf286c6ba75106fa1b1d7a1a903cb4fffcf51f1620
651,239_0.jpg,239_0.provenance.json,05cb7b9ebc3dcb65c41c2bbe2393730a596be772b824cdab26427a6b38189b0b,242865ea54c7c0e1f948ac903de9c3b0b8460cf7e5bb5b23b203e26cb2ab50d6,3c300f7b5dd17d7c0f62bf41b4ba788c051183703a5ea45312487788eade09fe,60559,156,157,GON-,GON+,6.36,6.37,239_0.jpg,tampered_239_0.jpg,5193c302e3beb6dd5de31415f4d15c1bf104e7a47a0cdea5fd25496fc6c6b015,c762887d00f41061b1395bd4d8b878fafc70a4006dfc48e9b9d85bd9f60a99a7,b34678f9bac96041b536bcbd9ea3c1a513cc14c2acb3a2e6c648360a01b04def
652,239_1.jpg,239_1.provenance.json,e2f4f84779f80d1146dd431e7f4dafaa3c583bae9c049cad9cb202f4731745dc,12b2ed4ca0ddcaf16130942962b1b9a17e66d0e08e714cb7bddca7d3263fa245,da9d0b3394ad57d2bba8905341298320e0234f158908719ad29afae0e5cbfb28,68235,90,91,GON-,GON+,6.22,6.23,239_1.jpg,tampered_239_1.jpg,40a5b58362bc3a58503764f242f1a76c6bf3e19851b11fe691342dcce9164c65,4397a84a0721823f1b6a8d9939cf635f6d3e8c458ba50d2a60550b7fac31aa09,9eaaef4e367e00f6407a048c508a76426f0954c0095c9395a17a81085e045c4c
653,240_0.jpg,240_0.provenance.json,b5d12e587ec9b12a2d6dacb9304da036dc62e196ef27b7cfa866b53ac78e5b07,f06d9df4f49cb46a928b4c9fc7fb60ba25a6780a683cda0e8115f6be1cbc7e3f,1a83cde9416ef9b21abf957b4f7f614a2fb718a05025d396e9900b481f574a12,1692764,32,33,GON-,GON+,5.35,5.36,240_0.jpg,tampered_240_0.jpg,e952a08c0cb42ae080f9f177c54ad6988419176944cb4d7f9a9b4497a6a9cd25,7f5556c3b74cb841c14e05168e1cf60b27b15e04b2bef2c51569e0b7d34a5b75,12b05c400dbcc40fc5e66047e59f4a719ef2de0dc3dee1d73bae4d0375ad33a8
654,240_1.jpg,240_1.provenance.json,3dd8b682eaa912421546e221fdd220b932b59dfacec629d24eb1ecbfccc54f46,b1c7ab324726b196384aff8d860c8c002d4ec9be0c8aa5984d77fab1496927ee,6c46fa4af0db5b84bba0c11ced9b9d1ca3edc75ea2f20b3aeddcf3eb2cad5338,1731714,164,165,GON-,GON+,6.31,6.32,240_1.jpg,tampered_240_1.jpg,479eff361847152fed4ec30f37afe484e30249e93abc9543864363f50e13a88e,0438fad8c680f56255c2af8eb990e07b7590cecbc43a6c3f4b72d872c96cfb99,00261e972aec0e6ba4105db20cfedf6731740167ff9ff5187915b2b22b89a8ea
655,240_2.jpg,240_2.provenance.json,bfca4a44bd55e21e337ae860bbeb58b07cdb073624538f073a803a52902cd0b3,ebf40be2f2e725eac47b2b7c763f085ceb5905a923da89aa38a57478e1f83ae7,d798267a0d83045052d69922b1123b8305ca2cda76090e8b78ab54edd39d9f0b,1713365,164,165,GON-,GON+,4.33,4.34,240_2.jpg,tampered_240_2.jpg,3ecaa0c6a32f1f672fee7e474be77d224a412b8ece42b532847d2245e9a818fd,e0c5a407cae568e4fe837cacc73d4f951e250246e8ded1633b77ac10c979848d,057229ae12824c56befb98519b272d243c87ca9066e754a6d50e2f26233836a6
656,241_0.jpg,241_0.provenance.json,cbbce7fbd09416f8ba616d39564cf148e83d63f582c05daf1031063ba5867dbb,5eed6cae44e4699280b7cf5033eae524d4fd48d36cca28c7bd937064e6020692,1ed39aca5e7260b1f87e09a7a16ba2707f17e81234f0302e8555e9ec8efbbdf4,61123,5,4,GON-,GON+,6.27,6.28,241_0.jpg,tampered_241_0.jpg,3b754cb5eabb8df1692b7895b11c37dab2edeb4459a700db5071d5dcb266a656,d379f5c2e46fe3c20c43114462b7f276862765b84e1d17c389d17c377f4c75d9,9f42fd207716cd7dfb836098f6d360e7199cad41d4112eb646aaf478776e5ebe
657,241_1.jpg,241_1.provenance.json,c6e6e419acc839052f288a0b7604df39a4005c0bc4b754fb1ddd6c44ccfd5edd,f6e20358f22301374b0491196f62db9eb9d3be99a41d1b7a726f1998667029be,5c496b3faacc0afd74549c857a5f3939beaa6fe6b51e7cbba6243c859da24e11,61893,81,80,GON-,GON+,6.51,6.52,241_1.jpg,tampered_241_1.jpg,bfda7f1c75134f949994fb9385618ca7efcbc6d5ea8858b87d830c0eb673258f,eebf4f9b9b3284e4ffac39b0a675b20886fbb74c807a96d4ebed69612b7bde73,a4ed34bb0509e56a26597c4da0663235583f7df8ecdecffff0a3a9b6f4d8cb60
658,241_2.jpg,241_2.provenance.json,1a59505eb62a1e42d922eb6dd97834aa11ab03476317f7ea7dd3d41fa063b767,50edd01d8b4b0f93b71125a018fc0688008ec938add8b3b7c8c180edb0e5eecc,b0cd628b70898302df601fdc6139365620d699427b3696b4ef1f5700da4f2934,63531,35,34,GON-,GON+,5.63,5.64,241_2.jpg,tampered_241_2.jpg,518628cdc707f9c0844d149666214e279ca3ec54dd2ddb5d1cd43b58f095febb,fbadff19ce30c534d635ae606051667e8f740bd5a6d900f45d53e00c91cf06ae,70fb4883ddf10d4e87607ad1c3b0315e17a82a9cca423a00b8f856c081ecb761
659,242_0.jpg,242_0.provenance.json,a4c9f063a03f199c9e7d297d7c37d9bb14419ba52078f9c8c43aea9070994f0b,7400ef25486b2d4e591f53484265c070717b163f0c64daec5663b5d21253a3cd,f6e1f5f9e7cbd7221a57e3313235be6b2c69477ea91b18a70b5a43c566651246,60466,78,79,GON-,GON+,6.25,6.26,242_0.jpg,tampered_242_0.jpg,9e7b58ce5371db01f285c05c19a38022b776082a25595c605e866d2004754424,9e580f05c576f7fd0e033bff17f0f42058ee380cdcbeec0deabc6696c97e2302,61aeeb81b33af32aad5cb128e10c8be5ab1a9f28b4cf14bc081890e0feaca12f
660,243_0.jpg,243_0.provenance.json,ee3d665144baf94a53655388de57fb7b00ae94878110d0bd1f0d6e80f14da2b9,451fb1aad47e426e983048d4f360814793fd95b0f30184aded9f49c014535dd2,585087ece9b420eea9d1cd00cdd69df60c9a65dd8d9f9336b4709a8ef451111e,60920,10,11,GON-,GON+,4.58,4.59,243_0.jpg,tampered_243_0.jpg,78b15646aa2ddf521ce3e90e279742806ef00f030af7bb23be5f8a7a7265097c,4e77aebfe0b892c17b5d62748da3881aedfeea613734fbd87e4b286c5770687f,5dbf92890aa001d68ee7535f8a8b3e32f9be84a495ed1f11b2c9563e806ca4ae
661,243_1.jpg,243_1.provenance.json,1afb5331299f5c0624829752fa622da77e89fc76b0fc83882f28f6111c4fdb82,616fb8625be139ef5b79e61be7e1662ce50eef504d44ab58903b67bfbe04402d,1fddc060833d8f61df9defb55a67c784abeae6b776a9ffbd0e6838276d01cb62,68125,227,226,GON-,GON+,5.36,5.37,243_1.jpg,tampered_243_1.jpg,0df76ea1bf6cac8c9fd4e325a432753037b505b2de4959722caa4833dcc34476,d0ade1201b0fdba5bc9c29f80601adc9547e53d584740911d27f0017168a2400,c81c147f23468aaf1924ed1aa695d79f68d7bffe0be56fca83f7912f9ec0ab5b
662,244_0.jpg,244_0.provenance.json,e83bd203d579e5c02dd5562d8ad6cb2b1b47a6673cc983774559384784d4c872,beda3db3aea0bc3a9e5457390de9cd70986ac741e811b9987ef1ea47d2af2d17,52a4dcee1318536638e7c69624f1345c5ca22e83e0a158e7df06d799df9eea0f,59329,194,195,GON-,GON+,6.14,6.15,244_0.jpg,tampered_244_0.jpg,a39414e0f0b0c08fd6055993c3381596085792cea7bd1493174c7dbe20ce71f0,284f2d8607a7dca7c1be128f80ccca80f1cbaf3865c2b908a4916096ef895358,25cf53d32a7e2a94bd926234fa28ff6e84304919ee689404d93d684e247088d8
663,244_1.jpg,244_1.provenance.json,7bdb5cf16efad281c8dc491f019a0634b217918ea78ef5b218ec8ce4ce1e08b1,bb0b6fc53cda843e5728b77e58b5b8b2c149f9d00e396ac9e94d90752f7affcf,3059dc8c321f98f4f834a4300efcf0d404ebfe248f5001fb928acd64c86112f3,58674,211,210,GON-,GON+,5.52,5.53,244_1.jpg,tampered_244_1.jpg,519b4ed576f291c33ba48ead9af619befaccd78627e1d827459e52a9e5391292,d0afd234305a8d70caed30546e56aa61731e58ffac1fcb0b4df5df430584af77,14548422d57a17fd786564c546371422019670587287dd6ec066d142842af932
664,245_0.jpg,245_0.provenance.json,09708a3bf77d96266565a0f01031ac86ddb969f1da7974c553b0a37437830f6a,984b2c528610388e89d75af4974638465ee64a77f97ad8ce37932ec07168d0b8,9420f3d981d4a4a2c2973e2b9d25401ce15660cde4875628c5f9ed64e066ce68,69116,41,40,GON-,GON+,5.81,5.82,245_0.jpg,tampered_245_0.jpg,b8eecffb3bef27d787fc8eec4953d9ba8d7076ee862e39bf64be669ca6d882d1,377bdccd95d4f6c82503c227280a88a6cba6ef10283c9566a6f563fcc37452e5,41535fa6a879297ad0e51c1b11ca98bf9bf48d77a43ef867d56b56026f1e99cf
665,245_1.jpg,245_1.provenance.json,831fc5a70b59af1c772058297426e106fa9bd8e31856bfeb80837393aa923db1,94924cdb6d2ee02be623bbaec0a4f24ff76d206ee1662ebef581436624c7ac0f,03671f212e2bff60f976a931e7434bf4c450d6c494db67add611a3eb9002b04a,56477,70,71,GON-,GON+,4.73,4.74,245_1.jpg,tampered_245_1.jpg,4c80345966c498bdf80d6247ed4cddde2a25b3e4b933fea1bbe2da16c101ac99,90867ea3e52a5a9edde81157c06003a8a61774d6fd99d5bde7b4da8b9dadedd8,c9f0fd90e7e373f9bcc880d1ccf9074897267e8fb0da99053237a49656227bc0
666,245_2.jpg,245_2.provenance.json,005036cdac995546675996887c9921f745351a996ade1cc728dd4abcb2aee13a,c15327e71a485ac3e19afbf4cf2372f0dad820b3e0d7651d439c10342534be4e,6a31374ea0f6013883d14792a61d5035c53db3cc6d146b3a7ee59bc1a2ac2137,59266,56,57,GON-,GON+,5.33,5.34,245_2.jpg,tampered_245_2.jpg,76c6af5308b9116f960055a81143f89a54cbcdb2a10ab725e0ab0be7ebe093d1,7ba0d0b6c800e133064480828afdacd744d751eadcc8f6c61cecf1f3b44902d3,ac1e5ba369503334c5ad77dd480cbbc24800bda34edf82e80619a7d49b8f28ba
667,246_0.jpg,246_0.provenance.json,e9e59fc1cae9dcea2d3493ab9f79942177b204c292814378aea0753a1d6c0bd4,662fdec48f7fa01572758450ee2302eabc0d3623f89015a50d694bfeda0e25b0,484f3a196a6633dc9f6bb2ade2532cbfde00c6a4f93f8c17f4c59850785f484c,56050,164,165,GON-,GON+,4.07,4.08,246_0.jpg,tampered_246_0.jpg,8d1b4e4734ab2bdfd2de15b538615b4a2baa21ca19f779486f8e95e2d7c6e01a,bbd38c194c02a404614f4790e88b2f0150bd009aaf4f73a0c80d3457b7be7ad9,2d498409bebf5107160133e8e4389c9470c5cdb5806486d2b2f33d57c105a44d
668,247_0.jpg,247_0.provenance.json,9e90c0317e2313b3aae8dc9dd57861177e979765ebd09a17639376b0477c0a07,5a42f13be143fd466e04f2c260a9a4a4285eaaa1a8b80ef46b72db22e770dde1,56afece9a79ec4c745cdf655253afc9e2def1b7230b20e78376e53d3a096fcec,1689889,53,52,GON-,GON+,5.54,5.55,247_0.jpg,tampered_247_0.jpg,6bd2fec4b7753f885ca98aabfadabac20c5ba5a1ec327c1b59b4d562d18a713e,234dca3c70dc4e25bb16bbe64ca661420392e01546a979f899af7c946827de41,b6e7ac0dad1f1d0e0f16db32f45c91f7993577e6becd77fe9b30022f1b24202a
669,247_1.jpg,247_1.provenance.json,db423c50aac3bc749188ec7dad79b0c5dfe40ebd3a0837a424616f20cbe7a66b,5f0c056bed94197476c07a62b456b9ee8d29c88247b94c5e616cc25a76f90ece,7aa743c7255236e42466532351622ffee198a0a1a44935aa85ddcd6a6c29b5c7,64448,14,15,GON-,GON+,6.73,6.74,247_1.jpg,tampered_247_1.jpg,fc051484b12101f74daba313543b6f72b5b571dea2ae4b69dec8f69a1636cf4f,e7f2d407c1d6e7c85bdcd8246c22827d022c9ced6b22cf3da59b04c593ee6a90,a08603088d2576f78c904168a2b6c8de1fdfd4a5fdc4986cde147827e6231f33
670,248_0.jpg,248_0.provenance.json,d267342e601ddf3a1f2a85167c22b5baacfff41b61af36fa33a976414f0232ec,f9f4667bb9a82c3ab7fd142415eaa8101b2a9a3d9e415518a741b5e566ea48dc,1f70e2ee2ab07fa1e9548b78ed582ec8f2cdb3e2e2599bbbd633e3185a7e4d9c,71559,194,195,GON-,GON+,7.47,7.48,248_0.jpg,tampered_248_0.jpg,1732a86a023fa429dae1f9eac1b6d059195c2e396366c8f570a20835edafb0aa,8d09d58417c9bd2691689a3540ffd9611a304f624db01c9a7bbe65255acdb3bf,50e25720d39f5699c1e2fcc5d373418b8e498e8badf3523754ada8a7a6d90466
671,249_0.jpg,249_0.provenance.json,bfbc969d3a6a1d0a9f3152a538085552d853ec06df83ac236737cb2b74a69487,132f18a37d34ee2b749f519a0ee21b10da7ee29b48869150fa911a63f4dc2fa8,3c5190a4c2276af806f84d232bce52d0632df484b15cc345fab43dca51e06cb7,71462,20,21,GON-,GON+,6.29,6.30,249_0.jpg,tampered_249_0.jpg,1c685b1e3639e871125792792e1093f5b9f118b890af1eb521390c61f3250b9e,4cf4c624e1eda760d47d8ebdba050707fc532aafcb75f4a100075e0491735a1b,9d49d93959ba2481cbdab731ae9b1d8553e66288650eecbeb201d1b29678798e
672,249_1.jpg,249_1.provenance.json,a3de925e7ba8efd39340ffd8781faea489c1dae8e1e7cbd34792cff2f03008d2,598633c2675815cd6dd058c14cfa69d6ed5184e46c41412b5bb67025d33cedc0,0fca6a2408bb6f7892d6143d262b59ffc416142fc86b2de121fce6a064dc9bdf,69487,76,77,GON-,GON+,6.53,6.54,249_1.jpg,tampered_249_1.jpg,8190b6c7847848e695388c0efe49cae3eb709315a9f22cc9f6f99fdd516f74c0,678df2ab4109dde14059dc0293b48dccc94612e533dc6d9379a67361cfb58b2f,9ad89c6b57c79baeeb6e0871198c436ba7ef8def10880552a75943053afb2986
673,249_2.jpg,249_2.provenance.json,8ab72f1e9ad50b0dff0120bf935c59d70d8ec41d4c42e39e47c57f0cdc407498,738cfd5a05e2fe1f0f752ee3f6265838cc7c3384700aba25985cbb7c227db683,23461d4f08b0c824e0f99231184335905d4e051a945c20c4e7b0e440e2972759,74115,52,53,GON-,GON+,6.49,6.50,249_2.jpg,tampered_249_2.jpg,905b2d00328a5c0961bca95ef1765d5417acf32df7051e0269600540f392d51b,bb5810160d5ec707a869e4c8728b146a2a090c877444d6d46795e4a546a98475,2da5f64b9409621682fb99d2d17cedc7fc4754bc80a0435ce2c2d065d5ff2086
674,249_3.jpg,249_3.provenance.json,80c8b087ed5889088a45ae53a512afe2f2e87558eb3913673ff33e895bf91c5f,76a99a8f2dbedb5c219aefc2d5162a3fcdfdd11b6dd01c1c8925a7c22d1a7933,608b1d5f4a833619289653cc2fc666e903d96c9764f8e8c84c1a99230ddb1712,71253,210,211,GON-,GON+,6.79,6.80,249_3.jpg,tampered_249_3.jpg,5b18c49212d7c80a0ebed33f84e26c7915f23b79a22618e34c282a4e841b0332,be30006fc02c24268f6a69970844e84b532d662118858a5e7d0190126af6be41,9b652ceb433a283c9ee15a0ca4597eaba8aa63eda20f5b40ffd9722a071ddda0
675,250_0.jpg,250_0.provenance.json,386d2aa6441aaf58ae099ff1952bd261d0409e68496b36dd128182fa5765d4e1,3cdb65422a0ac386ccf5f26ff1d19f63cb37dbed5219392ed48d1a7f79b43e14,d771393907d2104fab3aa406ecc65638539d7a7daae00c7ee80c478d8952f1d2,76080,90,91,GON-,GON+,7.49,7.50,250_0.jpg,tampered_250_0.jpg,f91e17cb35068ae43dd1e6eeb8f532fce3a5b079dfc2bd738298ecc992c0f29a,ff757e41f56f6b750d96502c6ffe4f1f31d348669029b42611fa00496483c59f,b5b7f93b54dbe2c6413579994c7104f0ae1bbf334b6da248eef14b97634034a7
676,250_1.jpg,250_1.provenance.json,7f4519702690af9f340b81a775ee3e10389b8dbbcc00925768a0b44453d48e5d,2f66c14b85b0281ebdd70cf0265f8fd3f311f9997c120e21c9b708330eff1f14,11adc450cefb6a3f9e24d39549fef7c94bed53333a1e9efe160b19cd5f1b55bf,68738,43,42,GON-,GON+,7.22,7.23,250_1.jpg,tampered_250_1.jpg,af24b089274a027fa8ddbde30fb886b980c6579b6b5a6fd3bdf3a5228a308627,025a6c044c1f8465e939453bca70d780f3ad4add0d4bbca510115787ecd89111,bab9fa380049975872918bf3af3447520d42c86a138720d19ae8922d7dc01bf9
677,251_0.jpg,251_0.provenance.json,c12aa03db636315c80dd3eb3d7c9a19460df0c2adf3e689384067431a018197c,e502adb96043f28c7c6edd9b689b25a7482edc50546a68c91cc3a9544578b936,3f922b6172a7ad3047a11e958ad01e9c0b420234209b394e3734136cf5fce327,65328,99,98,GON-,GON+,6.81,6.82,251_0.jpg,tampered_251_0.jpg,c5c35158c875576ea81e6455b8e8e141ead7d29820064a1134c55567fe53a914,3954513c099f79fc907d9f6e8f82b6ab42f70bf8234f1739bdc7c9f82c825615,492f391a56d09a97f0829b72673d653f929f94f799d904ac0973130b0a0acdaf
678,252_0.jpg,252_0.provenance.json,d8e8e62d6241daca06256852110634e5b100763f8a8ed3beaa7e5cc8791ae233,42b9990ac987a277ff838727df10203e84c91663b97e083ba80891052cbc924d,cfb1521199edb312f2be0798a9ebbda5200d6669f032df869bf31bfc0ed25f52,57000,210,211,GON-,GON+,6.59,6.60,252_0.jpg,tampered_252_0.jpg,78d16555b1e218bcac7feb14caba799130df68f6cc2d4ea61c930e6854b43c5a,be9b29b763fbcc039aedbb81607ef7c4a3ee456a063b028a774a77990b8ee60a,e5cb743841729c4e8b76650d39c00523bd06c57a9e0f2e3405e598add88fdf89
679,252_1.jpg,252_1.provenance.json,ab36093f8a3930ac76a8d617f9b9fb98dc945bff615fa66ef619962fe81afea7,cf8e4c680e3ad317fd3d3a6eaa8f38284c4a0e6a6ea7f6278d5e6c1b6af9e489,0b6c79960fcbd93be62313db7967b2aceae30a771e89c8ac4b17f73858b25f61,56531,200,201,GON-,GON+,6.25,6.26,252_1.jpg,tampered_252_1.jpg,9217022372a6c4484f4c5081e411b2cc2560d4d450d8284ba393452f9303674b,ea2ff8b1124b2721c087eb992664508f6d6b4347a952db7dd35129e99730c0ae,504c1c68c564c464a068a4a805b5862a6bec34954285f2c01ecc42c92573d09b
680,253_0.jpg,253_0.provenance.json,b2c766617f63d1460f6e184b00ed8384af6e214d9cfa1d80ea004a6c18b6c9a1,dbb05c9e62c7598e135a61b4d10520d0634c77f90d6cdac89821de6f1002b8c8,42ed4f12088b2817d10764098a6351c315a6cc0fd77737d8f05063f3febf7436,61445,19,18,GON-,GON+,6.50,6.51,253_0.jpg,tampered_253_0.jpg,acfa5bc961a40db2021a9a0b2302dc944dd5c5bb806d4032cf2e9017cb39dd25,1f459fedea44383348127911a284952372ceee3834b100a0fd823080bc6f7ecd,d4c5479b8a67dcce905efae6e929b043ca8aacec36c9d75b0e5b85b716a6efff
681,253_1.jpg,253_1.provenance.json,1f52416815b0b210c3203445913b2b72561cdc8abd7c3aff181bab631c7f25de,41504556b6074b2512a82e22d3a05894e2a3f3c596482fcd7c0c8e51fcbec772,c86f30a2ec4a3a452faec8676f8a3fb174f31c88b9e533f6481a0a6ecd83dbde,64841,46,47,GON-,GON+,6.21,6.22,253_1.jpg,tampered_253_1.jpg,af62dca40152c81fd372340bec383fa4daa99312b04229aa9c146720e5bb7dfa,9596f489f032625f965ac7a51e6adee6b9dd57d4d2e3215e02f89256006cfe94,d0f466d69ab40c8c73a8915dce6f93ef9aebd5d472a32323d83c7e791ef36be2
682,253_2.jpg,253_2.provenance.json,e19fee1afb85ed95bcb27c169a262c6966faa1697d510e22da0c15ba80fa05f9,7e5bd283c1b6001f953b6c4423108c3879a028a470ce73e1ea07bd3d56a8c9c9,db64219788142b5e2f04d4a29af05e6a9ffb0724eb72da21f07483364c39e3ce,61571,232,233,GON-,GON+,6.30,6.31,253_2.jpg,tampered_253_2.jpg,41d025a52bdd580a2e31a18e4b72089d4b2d3e9defa64e95a58b2097ebeed742,d4bbe5cdf119c8efca4edab1e7ac5702211fcdb84f90bc32e502b5d53cfb4110,93bbce13436516833cfe5662cb14ba63354b763c125f972641c09f0f1a1f613a
683,254_0.jpg,254_0.provenance.json,cf3463c5f0452078e587d98d6eeac029e7cae99b8e2fa358ec6fbf1a4b5ecb4a,0c95c09f4f1b85ac02cf2e39c5b7d19f755e078b3fdd6ab0ecfc1ddc07cbfc22,cf0934605b21bbd21aec4cf89d88cdcb9dffcd01d5fbf42743e2817258746ab5,1676219,153,152,GON-,GON+,5.04,5.05,254_0.jpg,tampered_254_0.jpg,2e03aa2a5e0c653ade2e23890140839a71de06553eacdf99ef9f6f95c8321053,e2632b0bc5eeada203e288b0705ba2009212452243a87a7c437eadc4fdfbb181,59fe6ae25a782627cc56c15b268859daabe0c65ee62aeceaa4060b34b53523fe
684,255_0.jpg,255_0.provenance.json,2697d58833bdd57245d5567377060249d0228e15d217a8a08c17cb89464e8499,e1331c11a120740be69426d76e27386ad57b55676c0ac11060f9916abb2b2920,3aafaab34cd6f607c11e4429fd652e21271eca623c20aa41310b0319815e1e6c,68636,23,22,GON-,GON+,5.61,5.62,255_0.jpg,tampered_255_0.jpg,802594a4f8384d1e5a782b3db5cb215db9604ec5891a6b956c30b5da4190fe25,43c5c8a91049101ca6d282436082d6a58b3bf35c752e38f8e642395f1d5d4a3e,89d9379f53bb98322b8bdbccfb3063c6ef277dd61de0127f34c6b52eed9b95be
685,255_1.jpg,255_1.provenance.json,298d24e4bcf7f0884dd927b1524ef64434d4bd70221186c73dffd10891b8b0b8,83c073c010aae3e1c78742dcaa4dcf1a4861ddf9fe71032417d733f106405987,b6a6ce3625b1f7f3e57882d9653a70f0574f99789b2bd101de84d535284591b9,76539,35,34,GON-,GON+,7.28,7.29,255_1.jpg,tampered_255_1.jpg,b0e30f5f013f64fba88af0c45ee38256b81a03aa9666bb0735b15f79a3f43150,8add8d17ccdf16324af93e3e2fdd32f9cdaa89bb2a447dd7777b2d787b83e49b,4c6b9f0760a405d778a9ba979a7cc8bb79ddd6fa6ffcc06897b8a18eb70b7b45
686,255_2.jpg,255_2.provenance.json,c1d45400c74ed53941283ff2174a03ae87f4848d8aa76b870b549f840f895f47,348b40f5325b6ddcbc3fd554881ab470a4c7eb3e1c522d26647d9a917aa4c0bf,6abaa47bd6bbfee02ea5874fc86b4549b2a454211f59e6a338bfcc22db26d117,66318,149,148,GON-,GON+,6.44,6.45,255_2.jpg,tampered_255_2.jpg,c37ed05b395c54f21ac8c221c4ea11500863d6bce9ef1443ea2ca71951a20f37,337820f8f860c1837b51f850496614d74162b5f7c921b7cf87d1b2b29e374c46,f8ad31abdd6b80583b9380aa32cee1642ee9d852f8d1f31593c53d703ee2edd4
687,256_0.jpg,256_0.provenance.json,d79714b5199f7875155364a155954cd1ba1ecd604a52f2f871801c72592d7cfc,7fe3de3bfa3d5d8962de2b4b5997542821a4945956a601359e1f3fd86083f19b,bca8835245e539a3501aef423eaa173edc518ea2ac868c870852d98c68709719,68748,20,21,GON-,GON+,6.25,6.26,256_0.jpg,tampered_256_0.jpg,c77a0a5650081aa0d5e7ea0c8f6c6034f675e22ba36323127a4778c64077a26c,22e019ea6ee4727b2b5537622a031522533b5d1d89c1e3200581179c3c659d16,bc721b7f404b7261ce23eb9ac675774678b417b5dffc0a6b9d5b9bd8f4c355c6
688,256_1.jpg,256_1.provenance.json,14739a0e2bec195f54ba92d47cabb5e3ce2621b5d16e61f61ca8ab3a625fad96,c2459c66ea70fac8491927c8920dc033bc9234f6464a842ccfc9b6542710adb6,9738e27272c1b6179470c31d409c05fee43ef6179eaac441afa632483e3b5f58,66628,231,230,GON-,GON+,6.52,6.53,256_1.jpg,tampered_256_1.jpg,00b7a4861efd2053f340156098a2bc2189f03a1c9061b3389daf6dc2f790500e,597975b92b15041ae47ff96f65d4f91138a3a67d2802ddc0bde586be18e3ef84,8521f5cfe0f56023a6a575ef7fd1b357bc595a0ffcc5475e7c15a22d0791a57d
689,257_0.jpg,257_0.provenance.json,4941c6056f418f908e1c9b05211fafffeb57f90523bcc8b72acb202566f75a50,242865ea54c7c0e1f948ac903de9c3b0b8460cf7e5bb5b23b203e26cb2ab50d6,3c300f7b5dd17d7c0f62bf41b4ba788c051183703a5ea45312487788eade09fe,60559,156,157,GON-,GON+,6.36,6.37,257_0.jpg,tampered_257_0.jpg,1444a8fa193a5f4f6e9cea8037c697e076367be490f065b3214d8df9e683544d,b6368c2d0f06ec8437fdc118ac5d24af947af2ec39efb098266dce49118ca208,f3e7a0915b6027f328cc0aff45f569916baccbe210ae68fb36e20de79a425c31
690,257_1.jpg,257_1.provenance.json,dac5b992b5408658f1ac59f9066bf9f84a4db49a8d704fe48e88adb33de537e1,e169eb4abe86d0d0b471321cadbc5f03130aea608e89d48678b01a39cc1ce819,085cdd2193cbc1e85889eb02f68314258b98d2b93d09da9dea5c01753ba0ffc6,60543,198,199,GON-,GON+,6.42,6.43,257_1.jpg,tampered_257_1.jpg,657ea8b1c7104837c4ed25d91582fed7525692ab8a90fd8cb5509159d08bebd1,916f7c206e23239be3c63fcc6bd90211318df1424e35730ae5029b5ea2a22551,eb8175422dbe341e8073f561000d875d08dca043b1804b54a6425e84ae6eb5a6
691,258_0.jpg,258_0.provenance.json,53a3e3fbc124415ac6f13025143f9311ff6a4c458815107a7debcf6398408a19,203918656c87f633b0939b00a615fcb8886958630e63d5bb83eec2c0e54771a7,c6d2453344fbbef885b499fabd8fab4d65f0916e3a29b7f163c76613fb132d89,60130,0,1,GON-,GON+,3.75,3.76,258_0.jpg,tampered_258_0.jpg,742fdba1ae1afaf84dfca2f931b516c868f79f68c60e1478efe58480ea1e5aa6,880215c6715099c29f3d6376037af0c27c978a8af5103b218bd9f323439396ae,6aea7b42aaaa571025325c181471dcf3a138cf3e8cb72f9c75b8e1f505ea6b99
692,258_1.jpg,258_1.provenance.json,d280e02631a8534fe9631f5106a2924bc104c18014fd4ed58ee9e94caa574f06,d9af279d748ace30550fc57752a6deff2a08275bd93df7661df1c00f5c23c269,7620f5b0d11df4e148de86eb75832a7f89cfcae98c8f09be1e15f8400e14f8cd,59194,209,208,GON-,GON+,5.86,5.87,258_1.jpg,tampered_258_1.jpg,a69aede6317df457ef7a4cf18ba31335fdeab5a2d13eca8f818f06f45f67801b,904bd046f0376b87473ea04f7ded13769283012a5d96f9c69c1a344e8d23247d,f06c0d5f3c0b6ef26c3326732c08775d9d4ff282170a8a9bd5cfae9fe01c0e7e
693,259_0.jpg,259_0.provenance.json,eade798cc534f0792a4af6a7e46aacd3bfc84602aec4b6ace3b58ec454cd97d7,ba47d0509f0a7c041aaec8da92da2bf26e67e0dd7a04a58b4f9cb7d6200bb8fc,0ccaa606f6c1431902fa0547beed138de28d3fd57b8ca984742ec99a6b371bf8,73572,162,163,GON-,GON+,6.29,6.30,259_0.jpg,tampered_259_0.jpg,69bec5a53a5b81490a2dc5495f852d54aac7e146640cf8721e1ec8a21dca7a51,14c396fc6e50747e57b033019d7e9c52b9b35452e838c4f76409d10e2029e03a,1036d493d77fe66156dbd7a8cbf5f32fdbf12836a8a724e64887b2024a6c494b
694,259_1.jpg,259_1.provenance.json,1612faa2ace6719a4c5753e4d448cd91d5044e5b73d7aa3fb38c6ef278819209,dda7464cacc77da35c501137760c492992b223e1489d6107c10e20c52dd6faf8,d1ce20bc656cc9b71ec14f659c6d9ef1cf53222a8dfc6858896d5797b03c8006,60014,210,211,GON-,GON+,5.61,5.62,259_1.jpg,tampered_259_1.jpg,dae2d4fc474b910f68f640c638ee8d196f0817d10c7537237078858c0d650587,5be065b7eedcea982943a310a2196cc832ad68056075b66e016bed4827da72b8,f81dd018a0ff1b1842d4ed18f5d783cdd22951a7e2638ca4c3b242d8f0587e1f
695,259_2.jpg,259_2.provenance.json,4d6ee9cd0db86ff1e981ef302ce2aec8224c5a4eb6a010bc264b6805e192be8c,7ec323a5d3a91c4352a8cd40fcbcd29e16a99b06743909f6d87481e2ddeecb03,ba423b9b22a93571a66cbc906d629c96c1330a75688a0791a279c7151067cb06,64630,242,243,GON-,GON+,6.12,6.13,259_2.jpg,tampered_259_2.jpg,cc762818b529278323c484689f5d45489f0c136c4e06a6d1f4bb343ea9f086e8,19077be5b680c0483d5e0f2c5ebac53a61412366cef6a143ef1f64de18c2ae00,bc6bc2875d080117a13901ead2e0486548010d60e5033ff8b42134534b8b3ec4
696,259_3.jpg,259_3.provenance.json,4d92537acfa731cfd6affd996b038fcd4738e7094426758ba293f53f5f35fe44,e743c7f3fb1bb8c303e25dbab308686cd74357ffd0a023b1f949a0ab72d0f45b,6fa342afc47a8e8170a568d63838ca418fe9c52763168760c7f1896a0b810f90,75786,61,60,GON-,GON+,6.81,6.82,259_3.jpg,tampered_259_3.jpg,382a3213df2a0810c83c787227f393059f4a48470fc960ca5e63ff40f96808b3,adecad36a750abcb478eb13a6ac25c948f675f80ef6e5d8246f627215f1c1a64,22c2c3dfb949d7d4f93c89a7b863bc934a4f07500ff5d784ea2e2eae9b0cb227
697,259_4.jpg,259_4.provenance.json,c79bcbe64bd4d41b5e155c4c296a16cdcc7ea3f6041b1c9cc0584bec433a94f7,604a25dfca65cb4b5e1e86fad3be8e535fef8d620f33de84048be2bea8545e08,2c984aedad980f667f45fd4b4126ff38113627f6975fd6ad1bc6e14810b7e577,68540,94,95,GON-,GON+,6.04,6.05,259_4.jpg,tampered_259_4.jpg,60ebf13d3d057b079b2cb2f307f763a326a0451e9cf772ade9e1046041ef6ef6,f0d473bd109808b4a39d6d6db08abf54dc832b1959ef3e7480f644f47a5654ae,23a202dd8e989a9411b1a765dcc8b3ea84a3435b6d92b0b3f628102ec4b2b503
698,259_5.jpg,259_5.provenance.json,75c559086f9d887cbdd50023852c04d29eb37cfca04be38747e2c5f0218e9949,c135149edfdf1b5416699717babab223bab3e68f3192ea3d2c8defc6579d8038,b44203fbfaaa19bc1b86917303cc6b948fb479009a6ea4bbf56504d334ddbd88,80380,29,28,GON-,GON+,6.64,6.65,259_5.jpg,tampered_259_5.jpg,b80ec797f007558e0ebba2f630996ba04ed4ccad06718f9f678d40ad77f10e71,d076e09e0b169835bc48c833c5ee59946aaf32d49419a0c8e919890c475a7800,fe8174650c4dfe626b667779a7ae4a79dea154f72bc657a4d8f77342ef517945
699,260_0.jpg,260_0.provenance.json,8b302ef5563379ea3e7c4edecea2dbdf79cf1b6c258216a3d692ff60d98cf80d,b8711b7ff769081c3d4e41bec0f7d7f575506d34df8397ef66083749fb7473c6,8e440f55c9ffacbafd50b0d5ac906254b523138411e39d4b7681fb78e869c5da,82827,169,168,GON-,GON+,6.13,6.14,260_0.jpg,tampered_260_0.jpg,f3a073d5392caba5f58cf75c4ca6ce78b4674e624c6cd9880a4e8120f345f39a,0588cb04aa607cc2a4594bc5dbaeac2979c48c8be88cc00df9ad29ec5e06c343,5407a1936a5677d1118ed3c0a7248dc2cf9e5986e78594e4180fedb6a9f56d13
700,261_0.jpg,261_0.provenance.json,4cb6ab73c62eca32ba9a5cb89f1dc5c5a5fc1f61bb126adefe6e5e52841b5fe1,674b2b435d1173eec544b6781fdd71642f560debabc37d8a75ccfccec005fc7b,fa6f71efd77cc3911f262e6c774f65976ccdfce77cfbc322e458a17b6636c6ca,72361,154,155,GON-,GON+,6.87,6.88,261_0.jpg,tampered_261_0.jpg,e97c42d8529d87e22672296a264514bd4b1d0c62116c7fcec0ad96f18c082760,a728f07699056833131b18328b13492fb31df75f3c5ee093e1d1c7ae459b496b,12b656ed33fe2d03a065841e620859e2326b6affc5f18c990e4e2045bc827c94
701,261_1.jpg,261_1.provenance.json,1fff940e6354ffb18c90e360784eb37d7a8c02aa5daa838ec97c113d3f0c3064,83779f72dad4907012d375b1e37c5980d8d6fc6a4abac8ed2093ec9ef130bde8,3ebcce22d7b50bd440beee5fae88230c7539a2c2dfe247038e450768e219e7f7,72992,0,1,GON-,GON+,6.70,6.71,261_1.jpg,tampered_261_1.jpg,87f7fd3a2a7a5386c90fddbb5b3617edde777ead6cb23edba72f53386f15d9fb,cf1bb7092d6563320146f8f10ab131a1c0c99674d984c60b3c34c4d894243c19,9624299770751f467b147b0c2677bbe64069fe9a258b59b9e7bf00fdfaa8e0b1
702,262_0.jpg,262_0.provenance.json,cbc1c4f2fa5ef399a32c0c7bea2560b875aea25be792219be4c888f4d46065bf,16eb08135be7e5cf68145b78504be475d0d30e780a3b72af9ddce4eca8f6bdb4,ef193939f04516cc7cabd9d52ef79d96d97d35940540258c69a282cbbc05ba9d,63168,160,161,GON-,GON+,6.02,6.03,262_0.jpg,tampered_262_0.jpg,ac9acdd2d59780c60168020f6ea22f222ec5565726400cc1a33ec5180aec2204,e7597c609cbfbab97986c936ee67ad26897951a49442843f544d9f2e0cea755e,45ccee60642d0adcafc1dc3aeec81be2e6c829890b4bf0e087fd6f34ae3d166b
703,263_0.jpg,263_0.provenance.json,607d1d3664f9991053c46341ee314f5ad94d168fdd2ad41063a9ece7b0b412c0,1c675c46b48a13f8a4d7d8cec84411a37ae09a5e9fa2c6c273908d366e33430b,764aa2986fa7ea4c3239d5f80f3dbbb8b5ee278bf9e675d6a165e6e49607e394,65125,0,1,GON-,GON+,4.86,4.87,263_0.jpg,tampered_263_0.jpg,a942aafe6209520811354d588ea74a4df77a1a39da7d769cbb253cfaf7500a92,0049d7ba665a5e2842b817c155aff9023a4e5d1f57018179bc02dc02905db2b9,32451f6b4169f2beaaf25b4eb376f88bcb30119ac38e266a9d3e563a57f98682
704,264_0.jpg,264_0.provenance.json,079efb1bb4407c58e5a6790a45b3a49d4dd38fd5055645a619baa715fca63169,fdd63f18bd4e882e48320477a633f5ea3165dcaa85035d89fd4291f0da24b7ad,23f7b6c86db2c0f632cb78c46683f30aa028eff29047a566c950122faf0fe496,69334,26,27,GON-,GON+,6.18,6.19,264_0.jpg,tampered_264_0.jpg,d9517c8c58992be2efbe06e910f785c66b97737fa9a95db1967c3c42dfd1aa0b,0dffc227662af1f010173286484600196c2deeeeda8ee6ce7136e119daa1c1f1,efdf4a17b6a5dce74188ed31d7de2b9806c4b09233698571785884119c0c7ac3
705,265_0.jpg,265_0.provenance.json,6b43810dfaf24d3e04a5774d4cb4cd80518a3b187c6e234aca055de19494807b,c3e6c3a92b4ed9f73c67ad4f5e91415911e0ebe07c00f85c19862d3f541cda1c,f5e38ca4d0bf1e0a961f2b3efd3356b6deba23f8dd4cd7b81a322519637a7d1c,62620,138,139,GON-,GON+,5.09,5.10,265_0.jpg,tampered_265_0.jpg,e4784c5b26f8da1a8f23ced9bd4bb52f31e86ff27eef0253d88b915738d7ba82,a5149c9aa07a33e2289e95cca13e9ab1c18e5ae6cbcffc3784925f58e20a5099,64aeabfc6dbef3fbf5d9175e44c99e2b4f5bac170b8224bab8c2a91e2f87d5e8
706,265_1.jpg,265_1.provenance.json,ec990ab6b1877708c3a7a477f477dd58891d4bbade5d83198e8e3caa11a3efcc,bfecbdc9cc0cf6cd75de9b15259f46caaeeb58a9110152a810ec1785b8fc45f7,8d295abbfb5793626c3c46c2c79ee482d90e582c4ef0470f7f14d93797836e90,66122,1,0,GON-,GON+,5.29,5.30,265_1.jpg,tampered_265_1.jpg,97a68a53960455db54e4e811bf0c005443197a99d0071ed7abf23650f77daec8,039b4a736709dfb5aa6acf3419deeca72cbc3826c91939268cf1d586926bd8ae,199542eef9330c107292592eaa7a398ab3fe3d1e3562ea28b5cb9f4138095dbd
707,266_0.jpg,266_0.provenance.json,b51d9ba83aa5ee3b28ef6d7c3c4844a05f05c70242511267b1a793453e26af62,3b9d6dea9d4a3a912ce4881aa9ee2a72729bef03bfd3d62fd2b08b1aaf8974c9,233c80152df5431d4ef7ba3c74709dd50006a06262bbf349cbaf47fe9b64b54d,64079,20,21,GON-,GON+,6.46,6.47,266_0.jpg,tampered_266_0.jpg,ee108367924594cf7729171be8765f8280faaf5d7ccf81f4bd3b5760edc4f557,e73a095a43f55cec88fb8826d4fae3a43d9a8c6befc04d58528a49b6ecdea7e1,c1bc9427bd61d80efb7dc772e5f93cb1f2a55b4569768305a17487f1003bc73f
708,267_0.jpg,267_0.provenance.json,50f77cc1f04d65ae8dae2eacda63fd78dde1ae62ddb92fbacbf1e20da0f0f89f,a3f99e394a05938d31713374f46412d08596d089f3912408bec1abb83b1a1d89,44a9176a49530e18236ffb49752ebdb854bbfe8e1362a3f1081a092914828fa4,67755,132,133,GON-,GON+,5.99,6.00,267_0.jpg,tampered_267_0.jpg,ca65ae01d4fe49debfd494345c0b2024ebd8e1189a485dc53aa42bed0ebf5e8e,f56964180d0ab8d1fca2a001b5b7bff6ae6f0eaacb4a41e222bccff57e8d3086,98dd7443874b491831dcb0f3a47042a4480de3eb70ebd2f9acb621533916f1a1
709,268_0.jpg,268_0.provenance.json,48f81ad1ca7cf66c7950306fb05e348f0b4462aed540f7ad7eb9ffeb872e7e31,a85fb21aec03038f5909781ace94f9826bcb0b4059757de6f3e69973813627e8,72ccfa1e118d6348ae3daeb134c9a98550a25346ab30fa81a6d1bcf1418e7c34,61632,71,70,GON-,GON+,5.34,5.35,268_0.jpg,tampered_268_0.jpg,4b6e058151d8c10cf742808c244e92dd7bf952cf3ea9303b6bcc9e5f7ff4423c,f37abcba0092e4780e51bf6888a631e9c1f424d60474d593291729942a1fe73c,8c3603925d6c20e892393b2b735dda1d84e452c7e692c7a4b814131bcb036bf2
710,269_0.jpg,269_0.provenance.json,a6ca2771065dba9e13902ced9dc87a298b3260bb55b6581e59e5202938184612,702fd8c81d5df63d6082a850b8cd22604f7ca7e0773847ff3121c6a5e30ed1b3,bfc6535b82d36cc08d1ab46e27ba6fad439c3548fa0d0cb4a5e9aa7bf9bfd98b,65581,160,161,GON-,GON+,5.35,5.36,269_0.jpg,tampered_269_0.jpg,8d15694f622a05a6fc7962c96d1b3b8e3a688d353038ce47056d16623eac8ddb,0d2716980546c1fda06105a21fa0d14ca7adb1c1a6b849d36f95c7c78663c4df,b5e7fba96ffec7de140ddd1c50f7e563a695d568745b1c76252f974711a39a87
711,269_1.jpg,269_1.provenance.json,6f165e8243c89bf08144fa7746c78c0e85175909aacc5bde7b4590fbdaa15156,60d32c1210d60f0fafd0f89dacd60c21b3f4389d03da51ebc76115b73ef26c5f,01360c473b889efc8a8a94e32260403a77a71377b9505998f8fa2f75ed049dc1,66273,197,196,GON-,GON+,6.10,6.11,269_1.jpg,tampered_269_1.jpg,70e4023499391ba926cf1312206c68b4286d40e8a89ca90da03f4141e25b4049,138b0b70d98b40808fcc67b0fde298d5e0b243bda7090eeaa9b9af5b791239ea,f5094b4d282e29471f86f4f693c544e5bfa88f5e6e201cb0618ca70d53ae9ddc
712,270_0.jpg,270_0.provenance.json,6da1f650c707f7935a5642d5ea15b47a23f3065815ded963a18415345dd333c7,ee84967f7a36a8f0d48589ca3747ae2fc67a8fd9f9a13299232e40403ccd80ed,264a9c492bfc2b8b1d9899f4f8b962491f8d17fe86f3a1778c71eed5735272d4,62242,129,128,GON-,GON+,6.41,6.42,270_0.jpg,tampered_270_0.jpg,eb6becfa86982ed21aab772e7fc262639202ff768ce7d54c9f96aa4400e1bcaa,2e19ae391b6ce652dcbc3905738f9ee5e77593c08306153ee335d1f4c4104440,0f733753905b1f616941aecc08ff39771be84c5652acb5a8c00af28503596b92
713,270_1.jpg,270_1.provenance.json,283d52c1dbd0feca24fd41c49e9f3762e484f18dc2b5b7c50bcbb1d31c467152,b7f9bed12c6b1b8dcadbb6d6f8686855f374522f7016e6abee3ada3d141d5f0d,7a23e62445c4676897c025f42464f83afc4b05a7b160d7d57826c167258fd257,59469,152,153,GON-,GON+,5.91,5.92,270_1.jpg,tampered_270_1.jpg,3d894a19adee5b56ceaf3db4ff5868d1b647467ce1e29bbeeec417cefccaeb8b,48111660c17e261f389b8eccf1dcd07670cf4e651e1ab7ec2a03737485a22592,a4bf5ab5849d13d466dddfb95f30b27ed3b603fe4e1952ac8e924d2e24ebfc61
714,271_0.jpg,271_0.provenance.json,eca3bed7a8ae5063538f405a16e7d0647aefe0d5a76816268c0bfe9f008cd39f,d729b3de5e2db7ccba872fc4b0138cc20106b3da3f562b3d795e1ffada99a2c1,f1b01921f9ccba904c46304ad5ee83b1d9876e8fe77e7c2a73ad182b6d8fffca,71021,54,55,GON-,GON+,6.70,6.71,271_0.jpg,tampered_271_0.jpg,a47b8d37bccd92cf4492f43f78743e6eb9179d5ef91417890692e98e7da22736,38227eb9017ca106d5de6d339212227b190234df0afb9c5aa256afd66574ac4b,ba2b01cdfd9b39a3dfeb1ced398e9489e47136fc3c6052af91a57c5979ee6481
715,272_0.jpg,272_0.provenance.json,5f9202ed22b96177bfe6038fff91baf5342068442a540a6561a52ae44c180324,1adeaf4339fbe9c5263d7f451987d974ef2e8176af1ed880e4894bd06080f625,53ec73348d84c071438c8b35636132f0b49bd35f7ce70123de6c35749d32e77d,65159,59,58,GON-,GON+,5.56,5.57,272_0.jpg,tampered_272_0.jpg,a51578fe6ce6a680334076eb7e945c31bd68e98bc3a08d25d33fb52dde78388f,2e64ac5a9adc898941b0ac531d2463381244ed5dc9eedaa1245ae8df965d5450,44f3071639ad34f3c53c8c9f752cc81dda9263fc009eb568e48dcdc45cf792c1
716,272_1.jpg,272_1.provenance.json,c75ac243aa6777869dec4ab52135dddf5008d852aabbe90dd7af513a5ff56455,e8ec24ae993e6daaea98694c5a9ffcdb43213f93678acf1fd23421db93095f57,55027812f6b7b5a6decddc8fb0f85ee1c15c00ff4ba04cc03112963c347f9fe5,70998,233,232,GON-,GON+,6.75,6.76,272_1.jpg,tampered_272_1.jpg,cc7e4a1fcd8daae1e57dca1f231aebe3785c5318f5631b2a67f581d93bba8e4c,b4afad49ba83acc859cb930c3315d93be184550bb8c7df82f21ad72209bad1a2,3929487a24cc8928fe52f5fd54956c91d4e0b028279438ddd083f1b0eeba13a7
717,273_0.jpg,273_0.provenance.json,3aa71574c8bad0eda64a12d0fbfe6920cfb4fedf882904ac468d8827d08616c8,989b467c1d46e7b46bbcbc37e5f6636231f116029bb70b798e5e8e8d8b18955f,318900bf66605144fedd4d9270a12a6a215c96be70b5c9ceac31b8b4bfd034d6,65027,119,118,GON-,GON+,6.27,6.28,273_0.jpg,tampered_273_0.jpg,2bfe72053cac0817d7893d85d4c6ee4c8b98c36065369c460d2777b7ebb2d40c,87c33229835f0336e91e965925aeda94571ae60a9dc0b6ac93c860f9291e6e4e,18037c368ef7c21c841f73223ab5f5d3d97f93e3631bb9f8fecde9ec89f22044
718,274_0.jpg,274_0.provenance.json,9b1e889b5cb9ef24e2dde6747f8df47391301959740567874c95b952301edcbd,ea1ec79f58f3230dfa2da19201d933530b15539f4efe8f33e62f66a5250cb574,cea6f42224dc573afc892fcbe35590f283c4fea3f6ab548ebf5469cd63518738,65090,167,166,GON-,GON+,6.62,6.63,274_0.jpg,tampered_274_0.jpg,874ee22fbd0bfa43701ff019aee380332b87689ddc0bb75f8401ce69a462cb1e,730656383edac29ba0da68b9b11147836f147fdf29361ae11a39fad8583b444d,08e32b68f5a293424691f029939648968d9efb149428555e75f093ae979bd04d
719,275_0.jpg,275_0.provenance.json,3e192ab439734c32727f143f51e0231924028f6fa0a9414467506c2a53b0f79e,e3a23092535e3d215978bf103847f3568ff41e5ac811e69e91ebbb9c3706de3d,c0e1f86750ba74c799d46d70ed569978226ebd9c44d18af79e39d59af7aca75d,69128,78,79,GON-,GON+,6.11,6.12,275_0.jpg,tampered_275_0.jpg,896f5d7b70b76d8437350f6fd0aa69e56a9e66eb43819dfb1076e1dc48313bfc,d0ade09ea65b4e0666cad28383e5bbecb87c98c7007483b4b3cf46d184eee9f1,0b8501d708a1284ca106c8e8076cc25340b3fe23ea4cf38e43a9f45acfe08fb0
720,275_1.jpg,275_1.provenance.json,ea053a839495f220fc26beacc68f13646479150c6e25c59cde310730031cb431,f2ff0d0b660ba74aeb18b48b4e0897ab2605873a3fa339210cfa33ad21cd6e47,f6f66004b46d38ddf0140eb7a88b5cd359b7a63ec73fab8043a8f455dc3f6165,74250,163,162,GON-,GON+,6.38,6.39,275_1.jpg,tampered_275_1.jpg,94564f781367819528c9427df8bb6e7353ef05531184a1f93c2473ea0fe281b2,ac242e23efaee96234b52d097ce67e4392fb6450e8cfa48c94c58cf51ba30ccb,74ba64d4d71edd96a8ae204c52bb71355416cf47fb2dab78f06598e7aa58d8c0
721,275_2.jpg,275_2.provenance.json,d7e7e19f67fb4b1e55362ca7a9ba512f75a07bdf349f27465a4a52a50f904ade,3a9dd9bdc4795689a999c3ede0e4645f88158367ec1850c3d600f4573c23c83c,74fd63b1f6cd4f19d99d0c86089f1bb683c2567bb5e34fb7fda5ddc039f80f2e,65397,102,103,GON-,GON+,6.04,6.05,275_2.jpg,tampered_275_2.jpg,2d71e4ea2bc47d6eb2c127fa84ac7cdb26eaa52690933a7798db1e532ac64e91,45b380f0d6126e88b5ae1e666329b3250c96098683d73b4d918ce77f48c07006,e7cb74bacd527982dcc5c5631a2eb74df08d8d1378010c02ead40c81b0f1e90b
722,276_0.jpg,276_0.provenance.json,fbbb8ccf49d3b0b9af7131df3c854d52e3ead17f45a3c54f64cb18bcb8d4bd42,b3989da1593eec9f71bbc1afbd6dc8c7a6fb73962514bd58e00a0fc1ddda9ff9,4678f17eb9346314b64b91d631fa335ddcf12168886458f6d636d400beb2bf8e,70382,20,21,GON-,GON+,6.78,6.79,276_0.jpg,tampered_276_0.jpg,6c65075676895579593fd4bcb5bb2a3d7756a5755018676e69030e57e441c2d1,3e4108846d5a2862d2004c0d0d3e4b008a50356a1dcde1cdfeffdd0a3a65f4ea,a0c03b0027f1dd9f9678a06b488d5ead5715db24bcfc8025ff21f575cb2f4445
723,276_1.jpg,276_1.provenance.json,a7f91fa01b931c1349ab5fb9f417a58bc906c6f424986c88e11f76c3192b6d5a,e6dd8e9e29a763dfd4290f09395bf9f181701d89baa0cc52eba1c246db8378a0,172fbd3231f927760bdc6e7290ad3c3df38f6e1e02b1399582c95dc6ca6eb77a,73440,64,65,GON-,GON+,7.06,7.07,276_1.jpg,tampered_276_1.jpg,10ac628c6fabfca5d7af05bd896fe6679b5902594c0608c23ba4e96e374bf5a7,14b91dbab5bd4535457d4a945e499602dbd67cf08a4f70494b365768e9da4096,9391f47b2ce6c84a3f184cb0a879faefac79cd30c0aabd2b902856f5c7593ddf
724,276_2.jpg,276_2.provenance.json,bc458bc09255f574bd979e47ead2a8632c07b95d693d16ef0635bb55f9a2fe0e,b1e7c5b4c08ca370d85c99928f14ae51092ceb46b0a097fd49311b07f9615c0a,a8a63ca21c66de390ae43b9ee7e452bd463fa14018a7f7286bae84f1ee7a62b7,74271,224,225,GON-,GON+,7.03,7.04,276_2.jpg,tampered_276_2.jpg,63228bfe4ca6722d7747a05b9f75cae24e59c465fc18ebd3a2f1867f0d31458f,0299c738bc55fd850692934797e611efaf947b441234b4a41864a119ab913118,37bc97c9677f37d1d846c684f61f426a9095ebd5a42e82f96bd9feda6ac941db
725,277_0.jpg,277_0.provenance.json,5eac0ad33425c6bdb1eff5d8f4169ff8fa059e2a22dcb0a07938ff82773164b6,d345b13f0bcb7e667f8780c742010ebf9c9c884deb4780663cdbe808fa87a1a2,29e4d7903537778632f14dd6cd9bf24e0d2f648a56404fc60a45190f2458d366,77781,83,82,GON-,GON+,7.38,7.39,277_0.jpg,tampered_277_0.jpg,25ee54f90b2334c5c60f01d09e15e9d59ca3ddadc90c0a8bce28fc23d598f8e4,5892369724efd0d65f08a7c25ed9f4c677534afee08c59c758b3965d81dd9dfb,2e50e35fee4ab7ed398b3a0ee3868327e664bf915e9d17037d09b2757e3b6189
726,277_1.jpg,277_1.provenance.json,f2f2aaffe4f874cf9663c62485a393d57213a9d4708810993374a4d0dff3c966,2fc622a4f4da9c42109a83e9ce5bfe5e34e4dc217534c323bc98d821f2790501,9ffce1c3f67caffc9a0f45460c93a759e23d70d28d44e6864414f6d329867a15,66477,69,68,GON-,GON+,6.34,6.35,277_1.jpg,tampered_277_1.jpg,6deef3755d41e19fffe59116861b0bd92ac6be6d7439d1fd121bc9400106ab7a,45f03a376b55b8e427bd34369bc557035abb57441766a9f03e51082dfb6fcf06,ff67379780d13b94fcc73b4ae3ac7026f596e5764a1ae74379cffbef6755ce78
727,277_2.jpg,277_2.provenance.json,29bb457c5ca584f0abdc6a9dd4c5ff755c7ab2e46df4066f9b43f306c4299cfa,257aec02fcddddd108db3afeaf26f72771df09a2043a6defb4a5ae3adae13290,b117d8d955a1a258a8f13b2f75b7ba4d2918d2efb2a31c7db0cca0aa2a2cd631,66366,216,217,GON-,GON+,6.01,6.02,277_2.jpg,tampered_277_2.jpg,482f1c6ac8d33f5d3e8bba790cd8b074e60e25c1cb299556ccbc3f38c83dced0,348792f28a75d11e0ea67c900bebdd7d99e6a6cf92a65da21f515a70307532d2,1dcde6c80b32f666672dbde8476ce13adf49a5d152f6cbbf6e70c2b1be5cc2d1
728,278_0.jpg,278_0.provenance.json,368b7b906ad5ec0a136bf9c889119d2f2f368a0220bfc5f627897eed34006840,6afa5aeda782e93ebac0ffe941496477c627a80ff30dd327d17b70c7099d0808,772d9b10a36b226944d462ec3dda2bf1d6a0beec40f463e04206299362de70f5,1743972,204,205,GON-,GON+,6.14,6.15,278_0.jpg,tampered_278_0.jpg,0eb1d0d3a33b49dd0a6b792a5fe395634148966c8e4152592b783bb77e2ce814,78960c8530591a1123873dd649066c34cb99b74d85b96dc7620cd32f475f9e49,43bbb8d22a8daa713021ee2e4c0741e6ed7abee271f738ed3067ab933db23a74
729,278_1.jpg,278_1.provenance.json,84b923b93792935d406d5c3c8afdf94feea8c4fc275b72c9698513153faa9ddb,dd052982c3cc087522fea488a3a0a894ba6362143eb04c3849fbbb16f365c262,e03f28e10d6864e2b62599ef13d2b563e3bcc94fc0e0b7a2e4156f6be9e0e92b,1712917,128,129,GON-,GON+,6.10,6.11,278_1.jpg,tampered_278_1.jpg,c4bf7869ec37474166927817cc1fe50147d522cb39f97048788aa11a3aba206d,c7f23ad7de5d787ebd24a6685337d9fc332ec621f44eac726a5c741a08144289,770961a66980460e9d6ad577cbbd776517010b4461065464c5fd19062c44c302
730,279_0.jpg,279_0.provenance.json,92fe0d1073997eac67136e8d1b857f81c85f84a29fec8fddfaaa4c163ffadfa7,8522daf71692a7d293676dd79ff1f38c67d9ccb1a895f3db1b522b2fd4b77d79,20b112c7c388f34787f7f9cc17aa8ba9481f28bdb3f6ba2f32d2d670c4831299,79150,169,168,GON-,GON+,6.43,6.44,279_0.jpg,tampered_279_0.jpg,f539171418a59ee2ea77ee67caacd7f724929e5a4340bfa2eda9048761d7eb01,edab52fda5605c7bd8f71b3b18b91e2cf95c1ec2a745d2bbba1b870a64d1485b,67c987bfdbf5f9f2a4350e773473d3ead7eb38f80b906deb36ce91512419c373
731,279_1.jpg,279_1.provenance.json,64a4cbe3d612efb923f36c0da857352ea7349b3d6e12b9444ea325cb8ea3ccdc,78f95af928dd9f33639407730571132208a0b54a3ffeb60ad6a99030082941d9,7ad1f43fc2f5f3ea3549cfa04fa5df48c39877924886e447cab82b4dd1a81daf,68688,105,104,GON-,GON+,6.00,6.01,279_1.jpg,tampered_279_1.jpg,9254da566b95e34c8c2a4b6c7f7d87508e65cdd4f342a3eca1826b905d172e86,b1ba4d6ce71a4277974e4d6498c7c460b7373771089739906469c1f6711ec87d,0220a50b142b0aee7a9095615c60c53fc74ebf3de364e3b61abbfd57aa3587a9
732,280_0.jpg,280_0.provenance.json,180aec418d8b97e19c84d25228fbd83f0235c7fbe5b1bc959a9521619cee8fc8,19c702b392a508f5381893eb8cca161cc107583ae8b0a0e732ede33def32e154,5725b07fa0b85ab943c93a9342e2e017e14b78c8aecbe1eabfe29836538275b6,65711,14,15,GON-,GON+,6.72,6.73,280_0.jpg,tampered_280_0.jpg,971444a9347410f74ce2b57f12317a80f6a21404bbe835602e65d6796df969d4,0b83bd898ba55c39002765066c98e69830e781f9b6c756849d9497b66f17950a,6935225db7b8d92e7153676c930cfc238ada15af37c3eacae3c562d990313734
733,280_1.jpg,280_1.provenance.json,f38213913188e73571e09e88bbcdc6f2ee96752cadec0507c962e5f66bc4e4f1,db11a39a60873bb919cc44b97951ba82accf2250da7c91ea54d7d5bc838f7929,d21c1fb619076fc2b12658a5e6206e58cae53ed0f879bc98656c5bb736ff0c37,57525,70,71,GON-,GON+,6.35,6.36,280_1.jpg,tampered_280_1.jpg,bc66d84c2033e30d99af20b17f761409436ff568178001b980ace22c6e50ec1a,cfc3f1814b68cacca564334043a1365e1ed3b27f432748f0bcfd02389fb444fb,d7211c67125cc279a8caeb2b1004a350d20d785995cde256da84d643596e0db3
734,281_0.jpg,281_0.provenance.json,364548837e8165ac79f4c71ea280af7dbc49749f90534c6ff59ef304893dac9e,55393b0605133ba79d0b8a9c01b370ceae772758fc90e98dc34e972a78f67764,14d7d4089789256dee10fdaeefc9f3fba22dd9693a52957e9ee35adb87c4d093,60364,41,40,GON-,GON+,5.85,5.86,281_0.jpg,tampered_281_0.jpg,b1e76463948ea55a2dde5ecfc3222742e762c9452eb5ef75a701259719771f8d,bc0080086dbe27b0690b1fb6645b903e051779fe9c8cc9211f3535bf657bae67,1982d0849c8402d136f915f58053545038b28a6a5ad7ca9890bc55b016d2b65d
735,281_1.jpg,281_1.provenance.json,18006441b52a585376c7510238aa949e2a4d3a8e5634f1ce4bb84d0f2e875cd2,b82a45bc01877314edd4b8d0eac828f919fbbfc09c256113b4b404cf7e7acbff,41ac83094d336b3a157c7f5dbd0a82f068d73579d57309d340b831007c82a0d2,63201,254,255,GON-,GON+,6.70,6.71,281_1.jpg,tampered_281_1.jpg,b6267df4b496f09579347f848543a5ec042ff6fde23a6df4268cadea24aa02bf,03c0fc8dd1710860c4856cfc5666716b8f509a83cac094b2c6e94749fefeaa5e,9a7f37fa915a04ae146eac4ca3b5340a7fa969a1b81e0a88ca64bf1db6a17b9a
736,282_0.jpg,282_0.provenance.json,aa61ecc2435ed4b11128b68827d18929c2460cfd78c9a4a620413a5306a16adc,121d2aa9dfb09bf4507c70d175d278c67590486f8d408f6e90a5199652440fd5,737abc876ed149b4176e93ce0e693ca96f23c27785c94145c310b9c11126b357,60889,0,1,GON-,GON+,5.88,5.89,282_0.jpg,tampered_282_0.jpg,f6df234cdc3d0961bc5c6ddda599a2be7d0e4455fe24475b35325c19c8fcfb2f,b31b5abbdbecabc04f34f8a7e3436cc1b6a3bbb743657e655166064467d6af16,9ebcd12fff7c923487f3df5753be1ffcea002e5fd99f65d137be4d744dbb3169
737,282_1.jpg,282_1.provenance.json,92814d664134b55b289de2d5e81ff89c60f8de6237649fd14baf49987314324f,2ede9b14ab247d7710420abf28779d423f7879d22bca19c8fc3d016e3f1b8731,52723b36f59019d71445e1556c199c6c110237db85f0f735218563ee5cbfcbce,61671,70,71,GON-,GON+,6.68,6.69,282_1.jpg,tampered_282_1.jpg,edfc83c2cc0960e8d899af49c63c969120c615a9e661d2f74d3768cd0f4b8d68,eb279ab6f666e5c8daddf38b1f371fb3c108d04b2989639f5ee2c7e83773dd70,2b7395d527d9460985814cfcce57eccc79674fa7989cd34d4ee519fe825097d0
738,283_0.jpg,283_0.provenance.json,7b621c0d7fad84d11a64f4e79115d503923923b89438472b66ecf0ad24059bfd,6aa04e504ca53a77a6df0fe45782e47fa864287a34f88d733cdc5d1a1f1822bf,e987d1743665cd3b19f132884324a1cf2fa54c46891e479fae2ec0d1d890f196,62668,212,213,GON-,GON+,5.79,5.80,283_0.jpg,tampered_283_0.jpg,5eb9c0984a3691e188ae74b4c6e40808d3a744ff6c3034aa212f59589e93b934,2823f460e0c209805e8946fa6f1787ae305d631405250b3cd0e72da873495f52,e2202b07410f86d6c7fc91aaf3ce26c56bea865be761e9771065f56cb451c21b
739,283_1.jpg,283_1.provenance.json,47f2137a2117e095812fd9fa8979b084d98f31db6fb6f652923123ee531068c9,0ceeb9d039b1cdc6eb09e8cb1f11cced18dd8776223e6cfd5ce8fc7b328be5ee,b940c656037d2ff3f730701501619e07322278d4bb8f5b9684d52744246ea354,69797,158,159,GON-,GON+,6.74,6.75,283_1.jpg,tampered_283_1.jpg,fe6d0da8eceb4c6c0b40db97404de272bf7803baa3674153d9ba7abe8b3f6b2e,ef64cc35fe794f2f7aa287615dd65251c44533cbaed812833c8eb8eb350dcf95,a28c38285bfd98381164076dd0bc9fa2579517467c04d33aedd524221a5bdcde
740,284_0.jpg,284_0.provenance.json,931bf055ac1cc401e490ff9749db0921e70b454294f786600fdd018a09c6df0c,d542dae5e242aab43ae3cbdcdde41c8f2a88673e592f89980d30a7c4eba562fb,6e51915867040305a7aefc6d6d2c23c815cac7b23b2f61bf65d2d5e82b5d22f2,67326,118,119,GON-,GON+,6.53,6.54,284_0.jpg,tampered_284_0.jpg,de3186cc7b12e7798d7aa4278bff5e43d72b9d37f8ed3fd3e8453c5439e90fbe,5796b4ba1832eadb38a072923f80f190c29e3c583ef2df3cdcb91f164be54c98,8a4ab7fbb57d7d3bde33280c8d2d2e49aab5992414e26a8b8a5a6ec51a3ef84d
741,284_1.jpg,284_1.provenance.json,cfaba250bd1f289fedb08c1341f8864ce80d8d2372c7ca7aa5cfca6bca619317,65c7842d4f16b01be17fe61f360beb078b3587053a86d9ff7b7572e3266776d3,9d9519861784fef696675646cbcdb9bfe229f2a7d26772a9d22596681b79f486,71445,77,76,GON-,GON+,7.17,7.18,284_1.jpg,tampered_284_1.jpg,68564e29dcc66e9b63f53fc835c9112dfeb0d8b5a02ae80337fea66699a2dd75,bab1b070a38df9e30eb7b7c36ff33012168124e94212ea1c6a7fbd6fc115dea1,2cdb6b91906fd43ab352df553550f09ebf325b9359083491977d95c61b28445b
742,285_0.jpg,285_0.provenance.json,c2d9fb636aca5910a56225f7fcec79245863e765f68afd0f6d7fe2d51470bc2f,3e18563310c5bf5bc56edd599325371efb342f5cbf4c167e331810ce269a455b,06af8d2fb6e1504eccac226ce48fd7173a176c420a81ecb2b703bd3cc14f7d95,1703483,234,235,GON-,GON+,5.68,5.69,285_0.jpg,tampered_285_0.jpg,af9c3bafabee616112dbca7c4b4a97eb78cc65fd97a88d69451a8fb8232353ec,8adf467e1fc4c79446d1dcf85b9c8531eeaacb5f69d3b7459ca0e7b63c9c608d,731602b57656474a8fb5df40ba5d824b321597ae595cbaea0ecf653bbbdecc7e
743,286_0.jpg,286_0.provenance.json,d9f49664df4406100c4cacefb2b0097e321d725d4fad3dc1226296a2f00988b4,017c99df58b87e149f6999d023dc4516ce5ed6c1ee6534c6037b0bf6a9292406,63ef4f631c592fbe8223670f0af5fb7471ecd150229cd3da28fcf4e02517e8ec,66927,93,92,GON-,GON+,6.69,6.70,286_0.jpg,tampered_286_0.jpg,43673790dd05bb84dbed441c38c722a1e3be9b167c57f2d895023cbd53ec016c,002788fe7389280905408388eb0e5165f04b475fb50de9e6e2abb1a949602971,0c91ea616fae586ded21bed22869d5d8007308fea70df0b42679da9805468571
744,286_1.jpg,286_1.provenance.json,5ab04305aaca89448f6a25a1aa41ca1f28c1a26ca781b0af67d31db1b0be81fe,270b782ae824ca086b1bb077134d6881d941a9ab4a641dc61de323d91e929594,f5b5890ac51d7132439fff52f7732bef8c73cdde2955ac6969292369f15e1b0c,65806,148,149,GON-,GON+,6.01,6.02,286_1.jpg,tampered_286_1.jpg,ed36a56f9cdc3f06ea561bababe31158e5b42146a026731dcbe31a76ebe7b55a,9ada0ec656505ac5a8f7844faff8896f96a8631f787face95378f843aaf63801,e824e3fab2582085b41a7d661c276f2d795254fcf295b611c6f8d6e29f24bd79
745,287_0.jpg,287_0.provenance.json,1c8c60330214cb953eda0c3129098d527f0c3c7c0e540d59c1b9ca4e9baaf4aa,db9e15133991f414f8d8b63e0a06d9ae16652d08519e8b387f2ffd76b8fb00b7,a0071158ef1843ba34335c045f46a140029db4b45ad0d9e51f0c9653614a5b06,1762965,171,170,GON-,GON+,4.51,4.52,287_0.jpg,tampered_287_0.jpg,e5994357d9320235dd273f037f5da47e140e28f65d61822b46e299ad4627dc61,0f87a4d1ba62b9128e5e9af22831a1fda62a0916ce3607ddbd5e49fb97622b23,97bafab1d3f51c8be40994d11fa2e51156784d5c524af0386fb3bc819b50e105
746,287_1.jpg,287_1.provenance.json,0e4ed7ffa48c7853b48d85fe0ab9c93859cfdb00ef1f5d06858929c432150550,c82b68f902c62000fe222ca0284503ff3d0aa22ada272bdf7570229d4b2373e0,9191ece9b9b702b47675a39059b9001ea41808fcb1a88d3b11da26bc8bc333fc,1703930,73,72,GON-,GON+,5.31,5.32,287_1.jpg,tampered_287_1.jpg,d7b0c631affa39552a9b69cbfc302ce0ddad3c7ac21be975921baf625c67e991,9e7e8979267a339af05cece3b33de282fdb6e4dedeae8620eeadcedb93d9ce02,cc2f376fcd491bd26274c96cc8b5e57a863e049f45c5c477db78190d5945a386
747,288_0.jpg,288_0.provenance.json,c0e7d0887d1dff963716443333438ba6b6b2cac6ce58566a2601b16bc468984d,e1ca8e9422cb4dda3e382d31a86f59dbaeb4f31b43fe85536279b250d79b8ce2,07a4ff18ccf22c6fc79f2edbab8caa50c425ee70ed93d8f706618c771bfa1821,1667387,193,192,GON-,GON+,4.87,4.88,288_0.jpg,tampered_288_0.jpg,6ce7a4cc7531b3cf144a90d061a67f0512ff2f7e5ac9ec1ad522ba0e86132444,a1d388d16dd5301bf2f82e0b0a5817c5db27c193f952a0bcafcfd95dade6a896,09a72d5a84ce0ce264ea530fb2bf0a6f0c0dd532fe9e91ffe08d2011a90213f2
