record_index,image_name,signed_expected_sha256,original_actual_sha256,tampered_actual_sha256,original_binding_ok,tampering_detected,manifest_hashes_match,technical_error
1,0_0.jpg,c3820cfdc49b1e5286a9f111f5e10a0ab4d31393c65cf4e082a7e0d6301ff174,c3820cfdc49b1e5286a9f111f5e10a0ab4d31393c65cf4e082a7e0d6301ff174,949fe8616280ccd431c44f3fd3fff46fe39095fa6caf1c200d603b75fca9e122,1,1,1,0
2,1_0.jpg,988cbad756c66b972e3af7c506af46f7a63b6f1664e5127642e1000f6b6babb1,988cbad756c66b972e3af7c506af46f7a63b6f1664e5127642e1000f6b6babb1,694f428126e083057a7c21ce8146c402d149b464ed81c2765166dfd76f07c398,1,1,1,0
3,1_1.jpg,ad6bd5dee6bdd9e355288cbb99019f8f6b394267c788e80a10f95d4a35707246,ad6bd5dee6bdd9e355288cbb99019f8f6b394267c788e80a10f95d4a35707246,d73b6761957ad5be4ded7e5749c8c444d350c5b0e657e653614c7cb89d749271,1,1,1,0
4,2_0.jpg,27f0ae5fac7e10b98ea6bc706347d79bed7fc5c50054aa4c4ef170be2633714d,27f0ae5fac7e10b98ea6bc706347d79bed7fc5c50054aa4c4ef170be2633714d,de49f6528fa590c1f2b12e7426513ff7ca94c59fffb60bcbe51e725df3d67bfa,1,1,1,0
5,2_1.jpg,a95cc2f4337e2a9e0ec357be2733408a39c55a5a43f492c59a3424ffb8c83de4,a95cc2f4337e2a9e0ec357be2733408a39c55a5a43f492c59a3424ffb8c83de4,79a43923ff9a31872f8df535db67c06ec0a1498bd440c11cd3245762237a5bda,1,1,1,0
6,3_0.jpg,4012fe0fca39303df8828b843802586314d224ead92a82783c534cd9732f2866,4012fe0fca39303df8828b843802586314d224ead92a82783c534cd9732f2866,998e96e6d4b7f051004ad394e6d84160b22fdc4546e59e0b2252ad1271aaf694,1,1,1,0
7,3_1.jpg,c483e9508e025cadbccb8c5a4d71e69dab372c7305f680210a7a49caace554d2,c483e9508e025cadbccb8c5a4d71e69dab372c7305f680210a7a49caace554d2,10a02d595ae87170af4f6f3b37a496e47eebbee3a44144924e95245b48a92b18,1,1,1,0
8,4_0.jpg,c2522be90e860f1c4a0c92ada374ff11b9df7844fa40b0a10d6e39420c1e630d,c2522be90e860f1c4a0c92ada374ff11b9df7844fa40b0a10d6e39420c1e630d,bf244a945169424418a5dcc7b5d90dd9430a8c2b6dc3bc3d19325ff463cbb97c,1,1,1,0
9,5_0.jpg,bc5726f1cdaa1c4ed226b81dc3183f89ce8edecb9eaeab5628e79250589030ae,bc5726f1cdaa1c4ed226b81dc3183f89ce8edecb9eaeab5628e79250589030ae,442f7477e586be780c46d747feb9f78e0082610eeed25f2f329335dd70ef7ec4,1,1,1,0
10,5_1.jpg,7dcb29816657f6fe012dbe4366939eeb6d4633abc9234ff0bdbb507feb6ca507,7dcb29816657f6fe012dbe4366939eeb6d4633abc9234ff0bdbb507feb6ca507,4e138d64eef555300ab556fd79109e7d4e7d9eafd28a3fa1aaef399e1bab9180,1,1,1,0
11,6_0.jpg,ab07aa8ced9615715753197194a28e41e68d61bc34a6035fcd3f6f791b10e7ba,ab07aa8ced9615715753197194a28e41e68d61bc34a6035fcd3f6f791b10e7ba,34b272d71c3cb630157fa55e9d4de55e2916b065b18e988e694a3a28624ac0b2,1,1,1,0
12,6_1.jpg,dfb217c7717a5327d184db6b3da614540574a3a2c12000ed8930412892bf8f01,dfb217c7717a5327d184db6b3da614540574a3a2c12000ed8930412892bf8f01,b3fc40db408e10c55add661a844019d3b61439902e6655b2401f55b5a7414981,1,1,1,0
13,7_0.jpg,8ed3a60d69852badce5b3214e6521a3b5e0548fbe521161b00ccf412c48f69e5,8ed3a60d69852badce5b3214e6521a3b5e0548fbe521161b00ccf412c48f69e5,fa209748e7212f1d2770560b7dd100c782974f8996844db95da80619c777616f,1,1,1,0
14,8_0.jpg,4b5f05c79316c8268490d596c8d383d18e363f3b20d051e93a86b983fb53acf7,4b5f05c79316c8268490d596c8d383d18e363f3b20d051e93a86b983fb53acf7,e0039523c6ae1ef0bb0612f38fd452177318abcf629cc0af78918812ef1912e2,1,1,1,0
15,8_1.jpg,5aa27351539f274e74780f6e18742a2943edfbcd87ba806a23fd2c101a1708b3,5aa27351539f274e74780f6e18742a2943edfbcd87ba806a23fd2c101a1708b3,ed15f240d33a12ba3f6dc11edf2465f7363fe48e83c229cfeaf0f5985dae0277,1,1,1,0
16,8_2.jpg,09214e17283342290f377f778e8870c34318b48593a5551d0f9e33e7325bfa51,09214e17283342290f377f778e8870c34318b48593a5551d0f9e33e7325bfa51,d517dc3ddd8cdd35c70b62c75bfc9afbafc11dfc54887e71ce61b9341073abe3,1,1,1,0
17,8_3.jpg,efd19b37c78b07dd5771b427acf61a88a36a2f554e5cedc7feecae82a699a5a0,efd19b37c78b07dd5771b427acf61a88a36a2f554e5cedc7feecae82a699a5a0,86466282f07e811247786fa5cb0f9f1715d4a201169f5f557a395f03170a039f,1,1,1,0
18,9_0.jpg,2ebc5356cf81e6fd6cefb54a8088fa5d756ec70bd00a5caea86e8d405ed42375,2ebc5356cf81e6fd6cefb54a8088fa5d756ec70bd00a5caea86e8d405ed42375,aa38ee3bae2ba8eb606bc7fc11f495bb8bb7ca6d6d47df2132ad27f0ad9fe41c,1,1,1,0
19,9_1.jpg,cb1f0e5d454c25a758b05bdce05aaf1d5fd4cdeb4158dc1bd62eb936b70ba2f1,cb1f0e5d454c25a758b05bdce05aaf1d5fd4cdeb4158dc1bd62eb936b70ba2f1,734ece71e34f6ff10ec943f20df133b5824c2fc1cd34f16b877e991d61d38730,1,1,1,0
20,10_0.jpg,e3ae9336787cfb76ffd547930fc402fe6a3e658c2ea0896d390fe3174f24da35,e3ae9336787cfb76ffd547930fc402fe6a3e658c2ea0896d390fe3174f24da35,272678b4d42fba2f9a90679e6044b5c07c69efa31ecc27c7732dc696eadc78c8,1,1,1,0
21,10_1.jpg,f8efe2e027ac6b9e9d2cc6ffcec93347386938b06b3bfcd61ae0edd94438bafd,f8efe2e027ac6b9e9d2cc6ffcec93347386938b06b3bfcd61ae0edd94438bafd,7b1caf943d9f3811643c8d73b7fb28a7ed53750b7dabc1792eba14aa75c005a6,1,1,1,0
22,10_2.jpg,6eb87d2bf2bb8308517ce981d3860bf3d25451b14fbb7b184905709bba1f5666,6eb87d2bf2bb8308517ce981d3860bf3d25451b14fbb7b184905709bba1f5666,b17c90497b1578206294c8f46d9219bfe32f829de70d3162c986861906531e9d,1,1,1,0
23,11_0.jpg,57c8d85cf81b3ebf36800b230c5fa8982f5eecc29b86a66f07580355eab37748,57c8d85cf81b3ebf36800b230c5fa8982f5eecc29b86a66f07580355eab37748,042403c334a1205f5781f64e13a5c8405e77653e5e816a727108f9f122934aa5,1,1,1,0
24,12_0.jpg,4467f6b99c351d9def128eb95b1540ba1d1b7839f39242e0c5ed42a1c0c8f897,4467f6b99c351d9def128eb95b1540ba1d1b7839f39242e0c5ed42a1c0c8f897,77a9f792333853e94f9de6febd8b56e2f02f273a08dea7b3190a89ff2cac731c,1,1,1,0
25,12_1.jpg,dbef6341c58a76488d8d4ae86526c6a1b28ea2711bf3a6c018b7e0ba45c472ab,dbef6341c58a76488d8d4ae86526c6a1b28ea2711bf3a6c018b7e0ba45c472ab,bf728cf30cb7129805efd71be95daebce9be8d66179e8325dab41fce0c0a5e3b,1,1,1,0
26,12_2.jpg,0515214bce82237040affd0bf6e5b57fdc883605d8867d2dfce7c4c8342fa65a,0515214bce82237040affd0bf6e5b57fdc883605d8867d2dfce7c4c8342fa65a,7151afb175d79899b56fb0f8f8cb8835ea59f94066b79356c780c9aed2733160,1,1,1,0
27,12_3.jpg,cbc92be7395403fb1371e2cb4d3829ced46753204a0ecd634a3d5d6b89125a87,cbc92be7395403fb1371e2cb4d3829ced46753204a0ecd634a3d5d6b89125a87,9916fb302dcf20e0afaaa45d928973340c7f648194384a3bfb8a2bb7de4e7c3e,1,1,1,0
28,12_4.jpg,a5583245d1132b886a211a6d615c5b700572ce7d2ff8e282825bb14f5cf728a4,a5583245d1132b886a211a6d615c5b700572ce7d2ff8e282825bb14f5cf728a4,b1a44a351fb6f59537ea99d466a58a3a313e24e574a0108c4ea60f6bc0b5e221,1,1,1,0
29,13_0.jpg,dfd83e03966d3507ca2425d0fcd64788636e145cf948d417d53246694e3868d7,dfd83e03966d3507ca2425d0fcd64788636e145cf948d417d53246694e3868d7,a56f873dcaba6aa1665d0ac107c6d64ae31d17a6b874d9f2e3e55d11844e5ed8,1,1,1,0
30,13_1.jpg,19eaab4e0a7206989c83f79d261791a7adc1b226a146800deecd37f70bceb1c1,19eaab4e0a7206989c83f79d261791a7adc1b226a146800deecd37f70bceb1c1,a196068ff11e2860bae63ac66e80cfa354a6f9e495213eab69f6227ddbbff390,1,1,1,0
31,14_0.jpg,66b71265c37b91720ed8874e4d5fc337d7a5073fe5ae821ee544cc2ae77b034a,66b71265c37b91720ed8874e4d5fc337d7a5073fe5ae821ee544cc2ae77b034a,e6a77fb5ec8dca803abbb857cf65e9ff864c68fcc8ee8d9bf360ee2be291ed87,1,1,1,0
32,14_1.jpg,5a9f73434ad5ed608683d9962d93f8229121014e14e2ee7e373d31909502517f,5a9f73434ad5ed608683d9962d93f8229121014e14e2ee7e373d31909502517f,1e88e3104e6c39dc3543ec4cd710c41cbe13921cec6e6f7da2a914a86bc0a302,1,1,1,0
33,15_0.jpg,dc5078c969534ddc09fe4f69fd8d1793d1293ee09c3b10adb04599221132aac9,dc5078c969534ddc09fe4f69fd8d1793d1293ee09c3b10adb04599221132aac9,1167b3082f12d2b9d43f423c53d64d2e13b50335188646d9f2a215b58ea4d0a0,1,1,1,0
34,16_0.jpg,ee1e29c7d5969589079e20ddedc1b6d0a1157b1b2d0e4b7501a970606b0bbd23,ee1e29c7d5969589079e20ddedc1b6d0a1157b1b2d0e4b7501a970606b0bbd23,7a9dec9afe2870f14077a2fc07f0e7adacd97195a2edadd6bffaeeb18b59afc2,1,1,1,0
35,16_1.jpg,0cfdd11aacf7e987425959a4d2396cfebef92d697f95dcda424211d554ee517f,0cfdd11aacf7e987425959a4d2396cfebef92d697f95dcda424211d554ee517f,86725edff5a1f4ccb4d71169d24db71e00a73d41ed5d57f8ae2af4052ceef500,1,1,1,0
36,16_2.jpg,fbccda8f6602a762c71250a01cfe29be2af05d23e6c3e943b72aecdf8f12e65b,fbccda8f6602a762c71250a01cfe29be2af05d23e6c3e943b72aecdf8f12e65b,bb3438bcfba6f4fde9f682f479ae05feccb0102a423fbbc22014b75643048c81,1,1,1,0
37,16_3.jpg,692a4f3fd36beeb201babd371c994d8bd626e5900f7c3e1cab06bc5996de2740,692a4f3fd36beeb201babd371c994d8bd626e5900f7c3e1cab06bc5996de2740,4c5540b887442f346a96777c2648b71353afeb8ac967398227d170785d85f1fb,1,1,1,0
38,16_4.jpg,9b432fe686ff6ee7ebe8d4991d3f8cfc4484680aff2fb1528357a45952a0d122,9b432fe686ff6ee7ebe8d4991d3f8cfc4484680aff2fb1528357a45952a0d122,d96aefb34dc3beebcde7e93bdec228bb50f3816a05bbf467b5a62ef6408261c6,1,1,1,0
39,17_0.jpg,91086294a262a278d58ae36d826087552680893d5fbb6e3612c03ffd958676f3,91086294a262a278d58ae36d826087552680893d5fbb6e3612c03ffd958676f3,5ed6c400e85612518fc079e257b51af034fbb35b694d9910341e6db60f46941b,1,1,1,0
40,17_1.jpg,a17fa1d4c32bd54eaf94e4c48814f899abccb2ac0bde88706afdfeef63238110,a17fa1d4c32bd54eaf94e4c48814f899abccb2ac0bde88706afdfeef63238110,7012e8d0a6a3cc8f60d2ed42fbb0ca4597a7dc0fc9bd73e43fd8548af09f060a,1,1,1,0
41,17_2.jpg,212f0460c53bf4d03e7d206d66d294db297ef79faa9066175a66275ca07680e0,212f0460c53bf4d03e7d206d66d294db297ef79faa9066175a66275ca07680e0,f96d67b75e603e9c51187824c2a73bedcefad83fec866e096fcd999984889f15,1,1,1,0
42,17_3.jpg,367c854c6dd9143eda3952aca3048dfddf44e732dfc506d3ef87fe2d706879fa,367c854c6dd9143eda3952aca3048dfddf44e732dfc506d3ef87fe2d706879fa,9893327f8439e866f33056f1247fb340dd3e728a390cb5a8441209a349d8fcd0,1,1,1,0
43,17_4.jpg,e7e5a0002f8b62aaf9d3192d69b5003864f6bb158b33d5b60f86d1d6f489c537,e7e5a0002f8b62aaf9d3192d69b5003864f6bb158b33d5b60f86d1d6f489c537,a38a30e3c7eb6111cbee3037e2a50ba7a52afcd0306a38d81effb179f0055a29,1,1,1,0
44,17_5.jpg,9e9fccc421ed19215d7d60065f3dc59831578da62eae12de0d53c03246e40a54,9e9fccc421ed19215d7d60065f3dc59831578da62eae12de0d53c03246e40a54,1e4f1d031b588314855c5a9f6ba2f763133846100a31c8e3ac8168cacef486f3,1,1,1,0
45,18_0.jpg,1e05a49dba806e31d95066f045746e73f977ef35812f8e0627e8f5360918d673,1e05a49dba806e31d95066f045746e73f977ef35812f8e0627e8f5360918d673,77eaba080b485d06bea538774f5e8895b12c60e58434a3341297bb37dee2f970,1,1,1,0
46,18_1.jpg,f74c89f9e93069d8f8d06073ba350613ca9ec47fdb4526b332a4dd3c3401feda,f74c89f9e93069d8f8d06073ba350613ca9ec47fdb4526b332a4dd3c3401feda,1a4e6478b4e4a7ab89ae245c8d0f2eb900f1196fc71d89a399571443bc7ba151,1,1,1,0
47,18_2.jpg,f2b965c28bbc44299d51fc0dfc61d6297ae17f66e90a1395fcd86c312a552301,f2b965c28bbc44299d51fc0dfc61d6297ae17f66e90a1395fcd86c312a552301,2d64334d9d15ee532a1544dbdc1bacbb1994b01eff10027fb41167a0b014b322,1,1,1,0
48,18_3.jpg,4eaae9d45cfd3ad44f2ac28b3fd30069e98a7b842ec1d884d0c992797f24ff49,4eaae9d45cfd3ad44f2ac28b3fd30069e98a7b842ec1d884d0c992797f24ff49,2cecad18adcfc605810a34f07d12ae2694af72319853dd37a029b3b1f30d1f37,1,1,1,0
49,18_4.jpg,ca584839f155d08246f3d7e3e7dbd614049ac6465a91bb29f46871b233f632d4,ca584839f155d08246f3d7e3e7dbd614049ac6465a91bb29f46871b233f632d4,ad2c6f3ed471f0536bd24a25d2245cf422c2bd529b6cf23ad96b91b9ef4c3f36,1,1,1,0
50,19_0.jpg,4ace15faa85e2c02fc7b7596d38dda66e6f8182bfcb74e7a15f7522745e5e7d5,4ace15faa85e2c02fc7b7596d38dda66e6f8182bfcb74e7a15f7522745e5e7d5,131f31dd64b3f8f3183f2be8c99a824ad315b085e7b1217c4bb22612134e2186,1,1,1,0
51,20_0.jpg,b95e36b6260bade192f180f5fcaa84a28e933878df12865b2cf075e65d201f9c,b95e36b6260bade192f180f5fcaa84a28e933878df12865b2cf075e65d201f9c,f1eb88f3ddfa442550c9d1ff63962bb36df795534f5b0600f84e3ec137a31a5f,1,1,1,0
52,20_1.jpg,62038bc4e9a03ccefeba5704826dd8dc77607df602b7254312f49aeb660f659f,62038bc4e9a03ccefeba5704826dd8dc77607df602b7254312f49aeb660f659f,93b18bc314baca48aa8e33c447930cf87c442e0aabc981840af7e5212428c200,1,1,1,0
53,21_0.jpg,c9f6245d415535ec3c90e5a7ec01948eca514f79eaf54d46f39d2e898be009fd,c9f6245d415535ec3c90e5a7ec01948eca514f79eaf54d46f39d2e898be009fd,5275a7ce6d25186c2664a3c1c542643b5b3858581c220a836b67400ccf43e624,1,1,1,0
54,21_1.jpg,db6577bee982bb91aee5dc31be6ff8a89be7c2a1b401a7665ea784533f635bdc,db6577bee982bb91aee5dc31be6ff8a89be7c2a1b401a7665ea784533f635bdc,61590215ab3772722a56596454a276ac8ed0d623334412148bd394e3934d5f28,1,1,1,0
55,22_0.jpg,8a9b30cf45afd95d191073cbbbeaba2f2cf9c77abcc044764f49801490d1f374,8a9b30cf45afd95d191073cbbbeaba2f2cf9c77abcc044764f49801490d1f374,db1406802d9dfe7ca643239515c2ff95812e2cd50121a172dffa623cca4ef6aa,1,1,1,0
56,22_1.jpg,c823ea27ecaa9c5b82145c1ab366173af1cbd1e0640df2271c79c383670b6ac7,c823ea27ecaa9c5b82145c1ab366173af1cbd1e0640df2271c79c383670b6ac7,f4c82888eb7889a5787494a1d648bca5f83e37518ff763690c831e7f61186625,1,1,1,0
57,23_0.jpg,d16a428195192295c94b9654f268b1ad43d04b1e30cc4aa8564300a5b35ac726,d16a428195192295c94b9654f268b1ad43d04b1e30cc4aa8564300a5b35ac726,f52c6e03933fc8114a292ffd6dbeb309103335b256a8a17920c5e467ae9d063b,1,1,1,0
58,23_1.jpg,743a595044343d2924efec186745c0ef0fda6c38b4e3c5294992463c13eafa69,743a595044343d2924efec186745c0ef0fda6c38b4e3c5294992463c13eafa69,ecdac746c738bc83f7340abe8569251f6f2c73ba0558bca38e64f0ca1ee416c8,1,1,1,0
59,24_0.jpg,e8936a28c66e2b20cf9ca716dc90881a1178738a0dc73528e623b63cfd6b423b,e8936a28c66e2b20cf9ca716dc90881a1178738a0dc73528e623b63cfd6b423b,a4b69dc5a7c3550075df55a61defccd2b19840ae9f300912b804d5f31f796364,1,1,1,0
60,25_0.jpg,1b4242f72544a685e1ac5bf5200f5edf8645156625a85929a019c97d0ee40a60,1b4242f72544a685e1ac5bf5200f5edf8645156625a85929a019c97d0ee40a60,02be6d49fe4c4da4727a843b0466dcb33cb1e851e3e5694c2ffc72571f0da39f,1,1,1,0
61,25_1.jpg,e544afa144332d0628a64a4ef8117cf06a6a90193b8806e59581d3aac453eb25,e544afa144332d0628a64a4ef8117cf06a6a90193b8806e59581d3aac453eb25,e85e03cc28b72bb9d80f3c7a07738387a0d83f60b8d96462eecf5dce4c0ad266,1,1,1,0
62,26_0.jpg,573512225e1aa3b40b444e607df3f76cb14b504293324720765f56d932791af8,573512225e1aa3b40b444e607df3f76cb14b504293324720765f56d932791af8,df991d1b9ca241f0463ba3ceeb6278055b33e67abf746bd7a3e88dd456afafae,1,1,1,0
63,26_1.jpg,b0c8d788fed1efab03e2dcf04184d3e9b8863f3274e42a6139f38e4f7f8a6eb9,b0c8d788fed1efab03e2dcf04184d3e9b8863f3274e42a6139f38e4f7f8a6eb9,16928415ab6b546ecfebcd80ea6c15b94fc7b34554a7fb67e4d59deba465535b,1,1,1,0
64,27_0.jpg,3a61cd8a4bf1616a75927b567ee749bdb4f5e7d422a3c7e276cac4996e63ff77,3a61cd8a4bf1616a75927b567ee749bdb4f5e7d422a3c7e276cac4996e63ff77,6259703fbbac0ebf25b7217072813ebacbe9ebb7c3e697a75abd36db3d9987c8,1,1,1,0
65,27_1.jpg,c799432d594de5ef70c37c9a41ef3f9d96803d75b891b2a5be5f25fabc93108c,c799432d594de5ef70c37c9a41ef3f9d96803d75b891b2a5be5f25fabc93108c,2064127687c0e043f712466675b0e2ff2615ab86b7b6f44b2a30c3ad1ef5c745,1,1,1,0
66,28_0.jpg,ddf89739455e8989c24c0af65f7a6eceba5e2f9298fd0f4ed5091d344ce34e36,ddf89739455e8989c24c0af65f7a6eceba5e2f9298fd0f4ed5091d344ce34e36,0f1c18bdd4d4e9395ba77f4bb0dca9b142096495c5ee1e256b3f8478594c5460,1,1,1,0
67,28_1.jpg,305ad1b27ae7f8bc370899534866a8571de26daac551565dc6828c872ca76a26,305ad1b27ae7f8bc370899534866a8571de26daac551565dc6828c872ca76a26,61f67c22c69afeb2f54f186c5246869c089d5882c23e3e44a38ebc323b40a42b,1,1,1,0
68,28_2.jpg,b08d2201d017ea26baf9f20418042a5c7b65a2578938e5fd137885d3f1bea10a,b08d2201d017ea26baf9f20418042a5c7b65a2578938e5fd137885d3f1bea10a,0ada5498b96e657dcc055db814663a4856be1cfed6e686da1e53fa377f2c8aa8,1,1,1,0
69,28_3.jpg,7d8d500ffd14191048f77048341f1cffdc0518b2f834ec74831680418319b605,7d8d500ffd14191048f77048341f1cffdc0518b2f834ec74831680418319b605,61b5ed7f2305c8fcbe2d9cea3e4b453b2cc056cf97d963a16e2ff2880ab94bbc,1,1,1,0
70,29_0.jpg,3ab98cbf4c9ca181000d8fcbcf3462161289d8a90ae1092849cc5d9269eda665,3ab98cbf4c9ca181000d8fcbcf3462161289d8a90ae1092849cc5d9269eda665,b0a37017a6447f629b2ea5ddcd2c6d86b2e1441dd4e76b9db1b7a379ac86ee8e,1,1,1,0
71,29_1.jpg,eca7d3ed848859041d4e6f9ca41515c6440013aecc172db6a2074195d7e4c1c2,eca7d3ed848859041d4e6f9ca41515c6440013aecc172db6a2074195d7e4c1c2,9b6bdca340a36e302d1a9d14edea2be6a3a69935f17ac17aec10adf60ead188f,1,1,1,0
72,29_2.jpg,d64b145314f9239da1df87046637eb33a0e6539ff8823632dff4c9bcd8ca9de4,d64b145314f9239da1df87046637eb33a0e6539ff8823632dff4c9bcd8ca9de4,88f3e0a73e1647e3c0f43182eefba72f44fe7133713976190030a592616a8060,1,1,1,0
73,30_0.jpg,00461efc205d89ecaabb236a8e91f30e30fc4ed53a42f8f9011d70edaabda2c0,00461efc205d89ecaabb236a8e91f30e30fc4ed53a42f8f9011d70edaabda2c0,5edd703937f28f3cb35170370723bd7ed897cdb36b7e96faf9ff127b8246090f,1,1,1,0
74,31_0.jpg,4ce4e0faa98372523b8a039a86a2ccfabfb12545af354df5da7222170b11b840,4ce4e0faa98372523b8a039a86a2ccfabfb12545af354df5da7222170b11b840,e21e81b49820f9142ac44594150650be791154b0d99325bc1d52e8800b939978,1,1,1,0
75,31_1.jpg,0ed279d116b27b54b85b537090083e60ac8c68551b8886b882614f4b1d305ac9,0ed279d116b27b54b85b537090083e60ac8c68551b8886b882614f4b1d305ac9,9087f30c68aadbad410ff403ef233108ca14aa5d1c2b23ca97ee86927b4a6b19,1,1,1,0
76,31_2.jpg,52a614b1782b3db246309dd64ebefed25fdf53f29f31dc2998d017447e0ce497,52a614b1782b3db246309dd64ebefed25fdf53f29f31dc2998d017447e0ce497,c691a47e6fc28d19a59c1f6cdd90701ef9cf44f67817dd246cdc0eddd76a8c2e,1,1,1,0
77,31_3.jpg,4e912315fae99df95b3027145031cf321c89a537d87482aab7e2508f88307408,4e912315fae99df95b3027145031cf321c89a537d87482aab7e2508f88307408,71003bd5cfaf8ccddc5763a0f4bc08981c705962e5a00e6c54e557ea6b6cd53d,1,1,1,0
78,31_4.jpg,cd6b6724a4db542f634f91ee4c39459f66fac4488b66c992cf61ddee385e3880,cd6b6724a4db542f634f91ee4c39459f66fac4488b66c992cf61ddee385e3880,dd07076bbb92d7bb49ad7fca9ed838c0b9964c852064369223e301012d66064b,1,1,1,0
79,31_5.jpg,949db5208734a2e5f07209abec9875409346f10ded68ada8ed95e43eba462a02,949db5208734a2e5f07209abec9875409346f10ded68ada8ed95e43eba462a02,857dcd2b82b27d1bcade2913481724ac85ad0986ad8b7e39bcb5e9021397bb07,1,1,1,0
80,31_6.jpg,1b6847bd21318a0473573541df9e6f509835b92a0b131d03f6047d4d4e10a900,1b6847bd21318a0473573541df9e6f509835b92a0b131d03f6047d4d4e10a900,4d8e689fd76f0b8e79fe0d20d2a4da654f01210ecf00474b43edbcd166643421,1,1,1,0
81,32_0.jpg,c3c5d71684f996584a9d59c400f20e75edd0def99a8ae0ba92475e234eefcb0d,c3c5d71684f996584a9d59c400f20e75edd0def99a8ae0ba92475e234eefcb0d,fa2534ff7987afe9944f3a98ad56531483ba7eb5164e75e639ea90bf692125b0,1,1,1,0
82,32_1.jpg,5f28bc6bce13d152f75f1b98723cfb366bfcd010b2d46de8ddc52b996cc77abf,5f28bc6bce13d152f75f1b98723cfb366bfcd010b2d46de8ddc52b996cc77abf,a4c870ae2508c1624221b4fdaa057bc7ba7f39a3f9f3caad6660c99a6eb74c77,1,1,1,0
83,32_2.jpg,0ff264bf518e40e9733764dd021ed8f11caf228ba394c0830f55337484a961c0,0ff264bf518e40e9733764dd021ed8f11caf228ba394c0830f55337484a961c0,1fe7eecbfcd19f6e936629933e0bc1aa486369ff426001b71a278f39e22ea730,1,1,1,0
84,33_0.jpg,02f36eae3fa8a6541fb87e2c730f20277b562615caa08590a014c4ef366e066a,02f36eae3fa8a6541fb87e2c730f20277b562615caa08590a014c4ef366e066a,b218f1cce0b849be3a7687a2d21e352d9004a7268656b718e50a64a5a035ccb2,1,1,1,0
85,33_1.jpg,8d3958b6e87a8916648643bbbdc81136fd0d43ef1cd463ed2d733e4f8c87fcf5,8d3958b6e87a8916648643bbbdc81136fd0d43ef1cd463ed2d733e4f8c87fcf5,cd5e0273f92f3ea099059b654b8de4b5b3e91dd8d70aaaa38cd44ff360c6f10e,1,1,1,0
86,34_0.jpg,79c036f0829586e962634eea0b065a967a7442b4c4c2cf8455c7d6ea6e96f340,79c036f0829586e962634eea0b065a967a7442b4c4c2cf8455c7d6ea6e96f340,68843eb9900c724a98d98c95edb553a923d82a736d06029478d5c58683265c77,1,1,1,0
87,34_1.jpg,4dc7e0ab99e533a141c531a4be9786ab3ab601be353fa21e9c74f029845f6df4,4dc7e0ab99e533a141c531a4be9786ab3ab601be353fa21e9c74f029845f6df4,9e31a5ccbdd626a3d642567aabf5083882a820a018cd1d4cd831c1e52bafaa5f,1,1,1,0
88,34_2.jpg,b082bdeca12a93a3e958bd34ceeedf8fe728e9f6ecea82e940063cfe2b55c97c,b082bdeca12a93a3e958bd34ceeedf8fe728e9f6ecea82e940063cfe2b55c97c,b48940db88b58d880ab684863cab9e937fd7f01fef7479b83e35ffb8580002dc,1,1,1,0
89,34_3.jpg,e2e6cd7cf9a2c3858c543b59fe78f5c99cffce07ab82e325a92474914d408a79,e2e6cd7cf9a2c3858c543b59fe78f5c99cffce07ab82e325a92474914d408a79,7d1810a39e823143e3ad351ee3306cf28c0ce273f612a17196d96f3c8270742f,1,1,1,0
90,35_0.jpg,1da179f988e0d57736f81425867b3ff4d457ed1debfc496167daac14d8d1ca39,1da179f988e0d57736f81425867b3ff4d457ed1debfc496167daac14d8d1ca39,3253cc2528e3ff1861d30a2ee84c7c43f0ef7363aebefde9dcf3f5805043baa7,1,1,1,0
91,35_1.jpg,3a69a8fe463be496f68cab91dd09934a200d7d9c2931c15a875ef6eb09ac655f,3a69a8fe463be496f68cab91dd09934a200d7d9c2931c15a875ef6eb09ac655f,e707e5f97e436fd0a9002a41e80721f1fa8428b0b3190f8c2ddd24791a6bca96,1,1,1,0
92,36_0.jpg,9842ed5f53720d57070694761cfe71d02ebbaa38123a2c656a189e6d81229ed0,9842ed5f53720d57070694761cfe71d02ebbaa38123a2c656a189e6d81229ed0,2566bb81ab8c7a6e33b1e31885696c356ae2cecb78ccd9dadff1b66ffd01f56d,1,1,1,0
93,36_1.jpg,4bb1b52fda6c4f5203dc8441af682356e3c9fcde7836e10899739fdb0e15bcec,4bb1b52fda6c4f5203dc8441af682356e3c9fcde7836e10899739fdb0e15bcec,11e94fafe3de73e66afce25af7fd1372370f5521beb6efd7318293789966da6f,1,1,1,0
94,36_2.jpg,d6cde1bb3720754a07750909e3a39fb616510f9abb051d45ce6a2e6e57cdd694,d6cde1bb3720754a07750909e3a39fb616510f9abb051d45ce6a2e6e57cdd694,60f3966fc8834e753d28e44234472cd28e1bcc2da6d95e2a76a974d45393c0f2,1,1,1,0
95,36_3.jpg,380499839585f24fde9b39728608a916dc1074f1441feb3bbfae3d14019213a6,380499839585f24fde9b39728608a916dc1074f1441feb3bbfae3d14019213a6,03740626c5a5603be2016521e9c381c2a3a9757ceef8baf77d51c376305fc876,1,1,1,0
96,36_4.jpg,dcd872009108c5b6c3073455f0e2eabfc29638dc54c0fd382723289ae662b842,dcd872009108c5b6c3073455f0e2eabfc29638dc54c0fd382723289ae662b842,4d75957657cd101be83bd779684d2a2c8066c00582bb19e18cd3e5e6ab41ec01,1,1,1,0
97,36_5.jpg,19f569bfa344e11abc6ea15557690a231a2db8c73ab3b0595fccc2aeb04bf233,19f569bfa344e11abc6ea15557690a231a2db8c73ab3b0595fccc2aeb04bf233,7b25e083a2fe635dc1b02dfb868c8aff5691c62fd6526fd71e73ee18bf4419aa,1,1,1,0
98,36_6.jpg,3f3cbe2f1f9d19ec06e5e67de4e6b9ca599cff79fd53e4288dc6986fcf5a6cc7,3f3cbe2f1f9d19ec06e5e67de4e6b9ca599cff79fd53e4288dc6986fcf5a6cc7,216a175e3cb0278d5f0ac2f7497120c9c9ffc8fb3c9eb3891fab6d9215e342f2,1,1,1,0
99,36_7.jpg,9e7ff7fbebb575e73343b8ce8e425d43dbfe05acbc54af061eb57eca3c6e3f13,9e7ff7fbebb575e73343b8ce8e425d43dbfe05acbc54af061eb57eca3c6e3f13,2c02d4eb37f715afb2733f224c8144bc185105c312df47a32b880270059b760b,1,1,1,0
100,36_8.jpg,2bd9ed47f78f822b2feda51f7e7cf1d487d9f3d642168e72469427ed6f015e68,2bd9ed47f78f822b2feda51f7e7cf1d487d9f3d642168e72469427ed6f015e68,1118e5e825d566061621282e6d5d793dfe4c48c9162dd99cb6191f428ad27809,1,1,1,0
101,36_9.jpg,600f748ed705415c752dbfe58dca99dabd8e81463b78dc6344cd6e33aee073a5,600f748ed705415c752dbfe58dca99dabd8e81463b78dc6344cd6e33aee073a5,09e186a5542e383c466731cfa12f9618d0a84842b1c5767b7224c3458c26c88e,1,1,1,0
102,36_10.jpg,8872b40058415b024f097051aff8f19c40dd1dc7e6bc6940b708b5c05f3387be,8872b40058415b024f097051aff8f19c40dd1dc7e6bc6940b708b5c05f3387be,759ebdf0f8fd1de2505a4b698ef11a57dd9a728bbb63d704fd2d09456315604f,1,1,1,0
103,36_11.jpg,3a0e46dffc50a5ab9ab10137497509843522620b1c89477dbfdca7ee1acf80db,3a0e46dffc50a5ab9ab10137497509843522620b1c89477dbfdca7ee1acf80db,2c3596d4448c5b7088a9baee7c443edf331768c4ff0149a789398056d15d764e,1,1,1,0
104,37_0.jpg,cca86890c63608f768f4e76dd3d5df9cfccf3d05397aa511595d3c489f044355,cca86890c63608f768f4e76dd3d5df9cfccf3d05397aa511595d3c489f044355,cd17ff9f0e73076993388b9253c0ab5abedfdcbeaa86221a2c41d9fee0d341c2,1,1,1,0
105,38_0.jpg,e8b9abc83680a37029697b5ed26b4f97e625f57aacdc5dabdd42698bd27be1f4,e8b9abc83680a37029697b5ed26b4f97e625f57aacdc5dabdd42698bd27be1f4,d9ceab77f558a4a8602956f568c3bfeb70c35f86edd80c71c3d1c6bdf3f7ea5a,1,1,1,0
106,39_0.jpg,74c001426da36295c4425af25e13c1db6dcbb3970f45fca4216f22d663362f8c,74c001426da36295c4425af25e13c1db6dcbb3970f45fca4216f22d663362f8c,4bf29e65e32821b87ccfc294a99fb8b69fc5e538b7e72e6354c0685e30ee4eb1,1,1,1,0
107,39_1.jpg,055626e3e74d80ac41ec56c851e8e886865bfcafda8c859a7cf9b8d6be4883a6,055626e3e74d80ac41ec56c851e8e886865bfcafda8c859a7cf9b8d6be4883a6,a27829a5cc741ab3b64a5c5ddbd9b09160e213da766e4ac96ea42034ee104940,1,1,1,0
108,39_2.jpg,733f9c15b6a9272dba2f5247e935fa6499577e92799419faa076609c692fbb88,733f9c15b6a9272dba2f5247e935fa6499577e92799419faa076609c692fbb88,6b7bc81c0d28700fc3894f8b1e8eacb23af4029546b48d5f6ac5d747dc30f345,1,1,1,0
109,39_3.jpg,f49291a6e7cfa2c32355a8fdc50afe6fadd2d9b2d23ed2108bcd69b1542da001,f49291a6e7cfa2c32355a8fdc50afe6fadd2d9b2d23ed2108bcd69b1542da001,b9a3e85b7921b9ec58ff8a9f99d3ce1682949a93aa8dfeda05ad66d7c0e25b7e,1,1,1,0
110,40_0.jpg,239f79953e84e53f17b70c5437b9ebc4c805a46cd15a8d77486a79735dfb277d,239f79953e84e53f17b70c5437b9ebc4c805a46cd15a8d77486a79735dfb277d,7c855f6d818e51fcfc64300a62d802dc482d6184cc5ce0f2a71a958c61f248f8,1,1,1,0
111,40_1.jpg,5b17e4adf778c3bd22563e7d3a6f1a1dbe28012002868249c4e604ece8845e79,5b17e4adf778c3bd22563e7d3a6f1a1dbe28012002868249c4e604ece8845e79,a8202da803c200aaac655b6752d03811a010d23ff837c58427ee263af82acaf4,1,1,1,0
112,41_0.jpg,026b7906d0766e8cd0b7c1bb3838bdcd91c3ab8723fc06b78eb6f5b63cade972,026b7906d0766e8cd0b7c1bb3838bdcd91c3ab8723fc06b78eb6f5b63cade972,8aaa9bd06617194d79d2807822face955f327ba2da1aecf6068ad2bae8de8006,1,1,1,0
113,42_0.jpg,0f9e536b2fda940cc9386c4eb42701083af7e125fb3a05c4d27e1e32ab26202a,0f9e536b2fda940cc9386c4eb42701083af7e125fb3a05c4d27e1e32ab26202a,d6abd5402999d649a1a9206c6fe3e90bd4b36e9a7cb97ae4d4c8ea7c1a347919,1,1,1,0
114,42_1.jpg,139f16273be691b59354feb14addf87fa60aa83e4b056abfd51cbc310dac4444,139f16273be691b59354feb14addf87fa60aa83e4b056abfd51cbc310dac4444,8caefa77e647ac9f60b65b3336312c092b31a6600d4568cacf88eca0f047f8a2,1,1,1,0
115,42_2.jpg,78cc6beb24e63c25691fcaf201ee7dbd3d434a1d5bd97f3aae61e344fb0fa600,78cc6beb24e63c25691fcaf201ee7dbd3d434a1d5bd97f3aae61e344fb0fa600,ffc03a76191f47560d43e09291bb74b38978d646b9cc209a1c92b51c6d4b9f58,1,1,1,0
116,42_3.jpg,344c78b003ca2bcb930ebb4890b5fbe080127940e6c77fad96cc1f366e13b400,344c78b003ca2bcb930ebb4890b5fbe080127940e6c77fad96cc1f366e13b400,37269fd5041c5c6ec5ab37fd3dbd1d2f54fdfa4b4b1887302baec2920733c313,1,1,1,0
117,43_0.jpg,1002b63ad8d01b5fddc418e31b6d014a1aa3d2395cb4cfe06acc84fcd048fd83,1002b63ad8d01b5fddc418e31b6d014a1aa3d2395cb4cfe06acc84fcd048fd83,f98152accddb697366e63dd17607b5e31d8a368031d4cb9a424c1cf02ef6181c,1,1,1,0
118,43_1.jpg,5d724a6899ab4428f08608fef3593713d56249e94bdc7f502dc98740df6a9148,5d724a6899ab4428f08608fef3593713d56249e94bdc7f502dc98740df6a9148,946d6f1bfb5ca73adf5d92225dc4b542a267cb470dc80b79c7b6d16f5ad580a5,1,1,1,0
119,43_2.jpg,38e6eb0c4b962b426c67fb89a95679cd2986e7e0d91bc93e8c5242f0e18dc51f,38e6eb0c4b962b426c67fb89a95679cd2986e7e0d91bc93e8c5242f0e18dc51f,0d0bd84724e2bf4f6ffa65e81d133b71ce6a6c0bdf6024c8166e6a5d0e8291fc,1,1,1,0
120,43_3.jpg,e2f6e2458d0c0b8f4aa6de30426a6f808ac4cf48ba27ca72dd7c64730a342fef,e2f6e2458d0c0b8f4aa6de30426a6f808ac4cf48ba27ca72dd7c64730a342fef,3a0704c1f730dc89ba39d6564ef748a0dbf081485fac9d0a4fb17acf04bc372b,1,1,1,0
121,44_0.jpg,447435afa82e1942215c446a849b9cf47e5d06435cfc4e77a6831478e48c1354,447435afa82e1942215c446a849b9cf47e5d06435cfc4e77a6831478e48c1354,2eae09d10ef868d696b2937eeb95e74b8d74a1e159df00404607c92e0d63998b,1,1,1,0
122,44_1.jpg,a9870029c0a9d131c62211c2cca4f2269620450bcb323fe5397423961bc40d70,a9870029c0a9d131c62211c2cca4f2269620450bcb323fe5397423961bc40d70,79dd4f40f247ce1f097947b9b4cdb54c37da3cb443772d1b4c2e361808c316df,1,1,1,0
123,44_2.jpg,116c056ab4ebae299721a44f1085a1940816b05e800bf2a22019f964effa3f0c,116c056ab4ebae299721a44f1085a1940816b05e800bf2a22019f964effa3f0c,20bb2ca5ea74e6e4e16e20662e7c8a0e89d9f5b8da4b7029f6abda74bf0cb110,1,1,1,0
124,44_3.jpg,d611aad8b91205206011cdf00f23c2bfb7cf2006feb1935b028495c56a923671,d611aad8b91205206011cdf00f23c2bfb7cf2006feb1935b028495c56a923671,7d4b4ce28ee58c3366b860012237558d9d12837e5e4412ed3b55aa355289c5ea,1,1,1,0
125,44_4.jpg,d55eb27ce3c033d31998804e24223200eb9a8b1630d544364d9ca0671862a782,d55eb27ce3c033d31998804e24223200eb9a8b1630d544364d9ca0671862a782,1da315da8178a3500a9f9999cc34423cd4c4459d0d9b27f61e11edf17cd86eab,1,1,1,0
126,44_5.jpg,dcf34b1f233c8e251db4813759b1bc1cacca0779353d07669ced7550864df7ff,dcf34b1f233c8e251db4813759b1bc1cacca0779353d07669ced7550864df7ff,15077be63bf45e2c8f39c9d437188f52a7b5e222221236a2ae28ec9be1129f8b,1,1,1,0
127,44_6.jpg,289a2cc40385b6a3d467f0d250919afd9d1c74bb8d96c82811811808b4157f14,289a2cc40385b6a3d467f0d250919afd9d1c74bb8d96c82811811808b4157f14,365bc282d24605f42e1b66912796c08c475579ab2de755926692e0e3a5728925,1,1,1,0
128,45_0.jpg,b46bfcff629d4ef845b46fb8d013baab86f7e59a6dc178f4570d49e406ffa950,b46bfcff629d4ef845b46fb8d013baab86f7e59a6dc178f4570d49e406ffa950,a29017724d3c393506aa63c71a5ab492ccb22b22ee6cc85b31917349367b72a0,1,1,1,0
129,46_0.jpg,6f368070c55cf414f6175b9ab342b3db16a1ba9378e991ea0e0074b8631eea63,6f368070c55cf414f6175b9ab342b3db16a1ba9378e991ea0e0074b8631eea63,91276ad3ebeda00f405096b2e683188bebcd8d72eba7ab395465347f41ca99d8,1,1,1,0
130,46_1.jpg,86224d8c613736f69e7f633c2a2d92f7ed07b1c2512d2b1623fd445044aea4a2,86224d8c613736f69e7f633c2a2d92f7ed07b1c2512d2b1623fd445044aea4a2,f8a0406643c5a9212890b1e773460e129cb6cec78c5a86867c14befd5719ea3e,1,1,1,0
131,47_0.jpg,cae0949adae6423b16b2ef5bcc434a66c90869488817ee36ea1d23eedf9fe575,cae0949adae6423b16b2ef5bcc434a66c90869488817ee36ea1d23eedf9fe575,c2417d78a1fc1a371417a5ac98459dcc36d15eff8d228191c307400fe02827a4,1,1,1,0
132,47_1.jpg,104f7808e05f4744179c6f036d80efc850884c28a914ea2da03dbaf10996afad,104f7808e05f4744179c6f036d80efc850884c28a914ea2da03dbaf10996afad,aa6a18698d0a77db540fd549b192129bf12edfb954e0f748dd4125fab2046a89,1,1,1,0
133,47_2.jpg,d94eced7913dd0d73403740cc0c433efaa3680facbf4020a56987bd47dfd4598,d94eced7913dd0d73403740cc0c433efaa3680facbf4020a56987bd47dfd4598,76a1f03567c16959912b40b14b961749a7b2297992c098c29cfec90b336f1b82,1,1,1,0
134,47_3.jpg,c1d496cb1f2fe3989f999c29ab52f71f270e5cbbde63e8a21ac02a4f4d3ee8dc,c1d496cb1f2fe3989f999c29ab52f71f270e5cbbde63e8a21ac02a4f4d3ee8dc,3f70cce2025e48340697a285e67ef12b36ba3caea84a98f0a849339fcd9a9a06,1,1,1,0
135,47_4.jpg,c2b5e0bff9e1e7679265aae96ef10cb2d103f167ee34a4acd1a86871c3dc28ad,c2b5e0bff9e1e7679265aae96ef10cb2d103f167ee34a4acd1a86871c3dc28ad,ed5297b08bf65f9b2d779c6d9bba91b90971f067753175583195158f89d0d12a,1,1,1,0
136,47_5.jpg,7b8473c7e1c7df4c66a189a0c8468392d8995e5a6ba210e4ed18ad59d2dd4339,7b8473c7e1c7df4c66a189a0c8468392d8995e5a6ba210e4ed18ad59d2dd4339,a7f104bd80266603dc5d8bc5500a899b798febd344b27bf2cbf52117e4662cab,1,1,1,0
137,47_6.jpg,a6c5b3fe2d640dedad8eed97fd23f186ded3cd592853f7b7195652f2bf9eecb8,a6c5b3fe2d640dedad8eed97fd23f186ded3cd592853f7b7195652f2bf9eecb8,9771493d001ea5cbfcffe8913bdc47764112b9fa31e498624c2be99e4d385d4a,1,1,1,0
138,47_7.jpg,20e643d16b742ecf2b8236aec9344fb57be7049389698330fdd055639ffd3353,20e643d16b742ecf2b8236aec9344fb57be7049389698330fdd055639ffd3353,47f7fbab13dae9fffa6058a49a8aed9d00b3752afe446b1a8361805cc74e89c7,1,1,1,0
139,48_0.jpg,0ae77d46fe0395cd5d87286c434c898346a6eb19bdaf2ea22f98f77a39cc21c4,0ae77d46fe0395cd5d87286c434c898346a6eb19bdaf2ea22f98f77a39cc21c4,185e027b5a86db4fb77f7c3cc4b13b97c715b04bd248b8d1048ff60cbe6dbff0,1,1,1,0
140,49_0.jpg,38e356e8eb684d384feb2e81a7634e9c50dc304e9feaa35d86bf0dec733f1c2f,38e356e8eb684d384feb2e81a7634e9c50dc304e9feaa35d86bf0dec733f1c2f,cf06bfe7f2d01bbb0ac6c3cad6807b82a7e4d24db786f716e15162f66f99fa32,1,1,1,0
141,49_1.jpg,5a379eed0cbb72e9418a2b7e69bff1297278148c6e59a2729f064be8cdcc06ca,5a379eed0cbb72e9418a2b7e69bff1297278148c6e59a2729f064be8cdcc06ca,30b1874ea2292e2ed08e9cc1d17439e5f6da6af715f1b0d979a6d02759ce52d2,1,1,1,0
142,50_0.jpg,0d591333c7af83dede343ea70494e0b10055d75e04b35b25571c61875eb90fd5,0d591333c7af83dede343ea70494e0b10055d75e04b35b25571c61875eb90fd5,c5d33388fe850a1e1033f7bcaea237aa964bff6b592e49df008f3df7b817e1db,1,1,1,0
143,50_1.jpg,980b9fe41e49861cc11c6fca8a7b98d19820383f9a58938f749fa3259c732e34,980b9fe41e49861cc11c6fca8a7b98d19820383f9a58938f749fa3259c732e34,98a75a9266a7c93378bf22514be1671fa03961efc6d8948f08dfd4ffb4556a7c,1,1,1,0
144,50_2.jpg,ab6ad779eec1780690b52b4f3c8ff90ae316c11a2223c992ec6d2e9f798a4778,ab6ad779eec1780690b52b4f3c8ff90ae316c11a2223c992ec6d2e9f798a4778,d1183ad08af6d1deacf24b71ffb349de7c0e1537f5a743a43cd497c1bf9b9fb3,1,1,1,0
145,51_0.jpg,aa62eed530c50e5bb5cd79182b2ac1447bdfc79604afb9ea8412261f9a6885c5,aa62eed530c50e5bb5cd79182b2ac1447bdfc79604afb9ea8412261f9a6885c5,ca80113d2a7944ead43c6dcf18645e18f47650b39852e088abca15ce9be03fd9,1,1,1,0
146,52_0.jpg,20d367b524e1e874882435d52cc6c9d86edbe8046e9e76aa818458b656315495,20d367b524e1e874882435d52cc6c9d86edbe8046e9e76aa818458b656315495,d26a052afc40acd5711115fbb8b1f4fbbfa94a71df8f8113e96fa6b109064705,1,1,1,0
147,52_1.jpg,cec7ed0786f7d62c07a88d193e2fc581e86f4a742b79a1e87bb6fb9940974dc5,cec7ed0786f7d62c07a88d193e2fc581e86f4a742b79a1e87bb6fb9940974dc5,3f94ade59a5abc4ee03935b6a16c06b6d67b10a27b40b4062c612eb46e6942e6,1,1,1,0
148,53_0.jpg,890810451c381e99283ab47607c0e990c4926b3b237f7a542904ed635fe13042,890810451c381e99283ab47607c0e990c4926b3b237f7a542904ed635fe13042,9901e63d06baf473a5063f427802bc5dd1364e1308e3b142936e1016d56094de,1,1,1,0
149,53_1.jpg,c87e9f3f90a337da4d76010b6ddf2f9149821fb2bde22668884d2026e18af2e9,c87e9f3f90a337da4d76010b6ddf2f9149821fb2bde22668884d2026e18af2e9,28bcbce2a3f5910d1dd48b98dab64a85ae4216d4a58b7197305de08fcb83fdbc,1,1,1,0
150,53_2.jpg,42de47e4bdad072301db23373f57006e8c28c13440c3343e47e1fa8376842484,42de47e4bdad072301db23373f57006e8c28c13440c3343e47e1fa8376842484,9b03a413de3132c328f5a1460a2e421537f3818ac085fc271c04c98eba9f6f7c,1,1,1,0
151,53_3.jpg,3bf454c26a2b2357e3867436c7dca355a7c0e798819f1d7b49ef9cb0940cc9a0,3bf454c26a2b2357e3867436c7dca355a7c0e798819f1d7b49ef9cb0940cc9a0,70554b4e22194a61c53a2e6fa9d1ed18f9011a8f6a7a8e0d5ede42a0226437b6,1,1,1,0
152,53_4.jpg,e36947296baf89b2f67d4144b8b665a50fa3b25fe1bd7447c91015a3e7a4b45a,e36947296baf89b2f67d4144b8b665a50fa3b25fe1bd7447c91015a3e7a4b45a,e9b054c28b40bec828c126d691193113b33869591b8c406f94feec399a7e5792,1,1,1,0
153,54_0.jpg,0855a89060a7dcf4ea29a2673a5b7bb16288d0d732a6f65dff748b25b838bf55,0855a89060a7dcf4ea29a2673a5b7bb16288d0d732a6f65dff748b25b838bf55,5bb40c877db75caeecdc9f631498e1a361a8feea8298355755cf3441d6c50906,1,1,1,0
154,54_1.jpg,e6531946038f882d0322a59ab39a426bb3d61afea0fd38f2ddffbbaf76992880,e6531946038f882d0322a59ab39a426bb3d61afea0fd38f2ddffbbaf76992880,2d7de43d5043547a4d735618ea220626b37bd969480dd9db3043a0e193ed59f4,1,1,1,0
155,54_2.jpg,20cb63021aeed143f6a382b4bac70596c7b02082ce880ba849dfaf92544840bd,20cb63021aeed143f6a382b4bac70596c7b02082ce880ba849dfaf92544840bd,4ccb1f65ac861801b2bc9041ac64ff3416b03f2e4351b809f99939cae08dee18,1,1,1,0
156,54_3.jpg,380aaedb9ae835e4954aee75c7f7c2c9dd4a39ad967d2fe54bf0ae5871e2ad3b,380aaedb9ae835e4954aee75c7f7c2c9dd4a39ad967d2fe54bf0ae5871e2ad3b,1b8ad50e492543bbda1afbd1890ac914777acf15fd38b6b032e41f2d12b02317,1,1,1,0
157,55_0.jpg,41273ca154ca432730924dd9912deb1df140effe75c71f31f01ff429863e8977,41273ca154ca432730924dd9912deb1df140effe75c71f31f01ff429863e8977,493e6cbd5e6ec3e077768abdc2e4a1d3ac65c6e46eb1583fb0212714ebf1a5f5,1,1,1,0
158,55_1.jpg,33d4b77106cbc465438dc41dc0c771782a37c3cbbb3129421cc9734bad660d6e,33d4b77106cbc465438dc41dc0c771782a37c3cbbb3129421cc9734bad660d6e,cd04c6eab43dffd74a31787fa500a84a0ae7309d032954466e6919500231279c,1,1,1,0
159,55_2.jpg,165e7d62d9e554fdcb299fda17907780b3d96f95974310c4e3d557a9768644dd,165e7d62d9e554fdcb299fda17907780b3d96f95974310c4e3d557a9768644dd,9ed19fa2678fc86acc927f6db8c18a0fd01529ed7f6a96c65a1a6a47cee7f65b,1,1,1,0
160,55_3.jpg,aa00987f87a12eb2475639c87df3267f3ae939cfd3a597217cb12bf85ef6b901,aa00987f87a12eb2475639c87df3267f3ae939cfd3a597217cb12bf85ef6b901,98fab2416b3bd0c7ce4da545f229043c5d4ccc3fe0bde1110b8cf3be66fd5a6f,1,1,1,0
161,55_4.jpg,d2798654fa0b7644b58dc6a3b232518121ef30a7472ba070613e238e3a4b4adb,d2798654fa0b7644b58dc6a3b232518121ef30a7472ba070613e238e3a4b4adb,33a0185419ac71d402649807594e7cffe3c313ec413006a4fd1f012f950ad53c,1,1,1,0
162,56_0.jpg,d8266fc7e194cad29a50e60eb86fc133436a29d33921b2251b3e1dc24379e5c9,d8266fc7e194cad29a50e60eb86fc133436a29d33921b2251b3e1dc24379e5c9,e59b43eff3643b2db8c9eca1ae5d494fb868311dbae642b17f828a2363a4e0ec,1,1,1,0
163,56_1.jpg,d8266fc7e194cad29a50e60eb86fc133436a29d33921b2251b3e1dc24379e5c9,d8266fc7e194cad29a50e60eb86fc133436a29d33921b2251b3e1dc24379e5c9,e59b43eff3643b2db8c9eca1ae5d494fb868311dbae642b17f828a2363a4e0ec,1,1,1,0
164,56_2.jpg,a8707327a03e057601d7a599fe0524b775a5f9d00450cc80729b0a20fc34e8d4,a8707327a03e057601d7a599fe0524b775a5f9d00450cc80729b0a20fc34e8d4,a39c08da949b49421c9c5a8602b0490b2e9782931618d11c36d4d0fbd07b6ff6,1,1,1,0
165,56_3.jpg,73aa3373fe16dbaa3e11066aea19d427bc12daf42a0e44b7e48069f7383bfd58,73aa3373fe16dbaa3e11066aea19d427bc12daf42a0e44b7e48069f7383bfd58,80e7cb4002800eb726ab8a257d627200face7ff9b07c8712b06563ee3bc6280c,1,1,1,0
166,57_0.jpg,fd2dd89edb0230ed3d07ef10139f0f0ca34b4bad493fe89961d1a10acc41db1d,fd2dd89edb0230ed3d07ef10139f0f0ca34b4bad493fe89961d1a10acc41db1d,d73b658de7f5e048b19a4cfa09e82bbe52fa9e5d775cee8b3fc836b7406be9f6,1,1,1,0
167,57_1.jpg,61448f7c598a7a9b68700218017a4f286368c671af03860250358bd8e877b664,61448f7c598a7a9b68700218017a4f286368c671af03860250358bd8e877b664,e979296d8b23807f57c792a9484c28229ffad7174596bf4a1f7509cf477273a0,1,1,1,0
168,57_2.jpg,645cbdf6bd0ae495ff8eb4b96a0b4da69941c5e89e11ea065d87fe02c1b6b356,645cbdf6bd0ae495ff8eb4b96a0b4da69941c5e89e11ea065d87fe02c1b6b356,619dcc038f9147f6463fe7c8f152a460c577599b35b31b52fea04ab7033ac581,1,1,1,0
169,58_0.jpg,622af6e94e9201747fc2004d6e43e56c37b3e883249e336d09b20bc75755d7a1,622af6e94e9201747fc2004d6e43e56c37b3e883249e336d09b20bc75755d7a1,aa5e0f42a170969dc5294baad06c6c26d9af1a98beb991f8d1a1ee657bff364e,1,1,1,0
170,58_1.jpg,9aa32e560736d66881c08df65eee7edc4d097680d5a7c7d3171ded67b192af9b,9aa32e560736d66881c08df65eee7edc4d097680d5a7c7d3171ded67b192af9b,965f52220792b03fa3c5d78c456cbc01d7cd654084dcd939d664fe6e36364798,1,1,1,0
171,58_2.jpg,dc33af957b589ea6861a88261df7419416c18c5cdbd8da275e47ffd5fac2c31c,dc33af957b589ea6861a88261df7419416c18c5cdbd8da275e47ffd5fac2c31c,a7365a478467063211bd278202a9398a15dd7bebeeccbc3fe9d3dc6155e48803,1,1,1,0
172,59_0.jpg,bf37bfe197e4f06c6ce6312ae292837fd2f04de543c26cfa416eb35d819660df,bf37bfe197e4f06c6ce6312ae292837fd2f04de543c26cfa416eb35d819660df,6d7003a070f286fab62cd09a4e984e5d15e9036ed7d4e175a8ddb30a4269840c,1,1,1,0
173,59_1.jpg,80a3e5b4d58632fe39af8f0dc9d06a4c0088db2723ec2b3b16104ce3edd7e944,80a3e5b4d58632fe39af8f0dc9d06a4c0088db2723ec2b3b16104ce3edd7e944,56577cdaa41e4650e8d4f4245f6d23c6d3e57842f18b5b96b97643b403151803,1,1,1,0
174,60_0.jpg,5330725d343a7722e1b460d415339ae0c35aa72fcd3f56a56fb47331e0c09127,5330725d343a7722e1b460d415339ae0c35aa72fcd3f56a56fb47331e0c09127,a475c6d62aabea5769d56b314f1f1d83fe2e54f5d35fb5ee73b6f99adf8c92af,1,1,1,0
175,61_0.jpg,8fb881f5da3387420dd2b1ff61d913b864c757863f55b64720af8a23fcb0de1a,8fb881f5da3387420dd2b1ff61d913b864c757863f55b64720af8a23fcb0de1a,b40bbf4c361abfb01355ab37b6170f70b8f5c210583c52bbdef7036d7ecc8fa1,1,1,1,0
176,61_1.jpg,a9e7f5e4f65516912dc47500c462dd55e9720609c1a7f1d1993fbe684329f2cd,a9e7f5e4f65516912dc47500c462dd55e9720609c1a7f1d1993fbe684329f2cd,6d6cbab91165677841c9ab5fc9ce60a252af644dbf2461f4ba155193dbf51382,1,1,1,0
177,61_2.jpg,6d01b8365d3ad7e7b98f654a922de62978c210b5a86f70af7e7b4c0ab59e79d4,6d01b8365d3ad7e7b98f654a922de62978c210b5a86f70af7e7b4c0ab59e79d4,2718899c71375b711477efbd6f66e4ed2ce9cf076e059d3235491cb0e9ca9e90,1,1,1,0
178,61_3.jpg,077d795460a896e0fbd34f2357066e474d5222a4c59549d10672dfd6df4e4989,077d795460a896e0fbd34f2357066e474d5222a4c59549d10672dfd6df4e4989,45e035c8e2e7985d1b823032a9c25dc494fa81c2a678fdc40516a46adaf565f2,1,1,1,0
179,61_4.jpg,eb737bcfe2af927206cd0251200d00dc06641fe197f2e05bfefd9869f4d0dd32,eb737bcfe2af927206cd0251200d00dc06641fe197f2e05bfefd9869f4d0dd32,9b95e53075e303eda18cc09dce0c9295b06ab8b78518a7a5901de9da1102a2a8,1,1,1,0
180,62_0.jpg,7cfa0bd7fb2e7ac0d9e39b32ea4ccc17c1a61f11d08027d5c40aabc6acbbb75c,7cfa0bd7fb2e7ac0d9e39b32ea4ccc17c1a61f11d08027d5c40aabc6acbbb75c,42c1be2d8d06dc8a426272cdc21632225f8b49f3b9743fb94ac7ed4daeb1d0a6,1,1,1,0
181,62_1.jpg,b98ad538594893422d677d8adbf2a78cd7b8f7958daa1362c29368bc9674df0d,b98ad538594893422d677d8adbf2a78cd7b8f7958daa1362c29368bc9674df0d,cf69bf2bdf38a03403d4821c2330b1630a712ae6067f274348a90b0c395bc2a9,1,1,1,0
182,62_2.jpg,800c849f5cab26d58f3f15434485620262fa5130ee2d86cd3ae93b2dddbb7726,800c849f5cab26d58f3f15434485620262fa5130ee2d86cd3ae93b2dddbb7726,33969b49a94357f7336b34819117027c0c567274616c5512d521cfbbc9e92c93,1,1,1,0
183,62_3.jpg,931cc7dff52fb367e2294a2f25456e777e2c910d7df2e61a5817d1ac96b47d5d,931cc7dff52fb367e2294a2f25456e777e2c910d7df2e61a5817d1ac96b47d5d,fce2748e7bb5264b2ae128f89d7ba30767f7a11b595e0563abc2b21393f8d697,1,1,1,0
184,62_4.jpg,733a688eacea921561b83da172140258dfdad8073171c3abf278030c9aa3e9a0,733a688eacea921561b83da172140258dfdad8073171c3abf278030c9aa3e9a0,db98ce212ad14478cc42436f28f6ba79193abf8159b38b8fff383c05a81ae8ce,1,1,1,0
185,62_5.jpg,e5cb63cea3f70f24425abbc33dab717eb5c7fb726ef2bcbe9753412d62065518,e5cb63cea3f70f24425abbc33dab717eb5c7fb726ef2bcbe9753412d62065518,b010988dfb065c68567f8112a846748ed6431e0362009e32be70a16d9f4e98f9,1,1,1,0
186,63_0.jpg,c137110d05718dbf2613da2a7bd2f6a17b36fbc736b255c5c2092056b831c35b,c137110d05718dbf2613da2a7bd2f6a17b36fbc736b255c5c2092056b831c35b,0e93ed196c33eff8931aaab5effd1c578292fa879ae6f7f214d426c8a995cdff,1,1,1,0
187,63_1.jpg,50ef1d4ffb4264847411d208ecc341b191adc7c985915499c30483437c5304a8,50ef1d4ffb4264847411d208ecc341b191adc7c985915499c30483437c5304a8,fc5742571dde0048bea7965fbce9d35138c7017c8f4e432f5e1d18b92706fd31,1,1,1,0
188,63_2.jpg,07f4639874a0a2231ae918cc9b2477834d7d0541ad02a24101fcec906858564e,07f4639874a0a2231ae918cc9b2477834d7d0541ad02a24101fcec906858564e,d6cf7249987e268130578e885bcd59a9ec3c0ec57ffa90432ad1e832eee36fe3,1,1,1,0
189,63_3.jpg,282ef327a585955f239f5303d8ca919bee2deb6ba2c09de800be8cbe13ccadbf,282ef327a585955f239f5303d8ca919bee2deb6ba2c09de800be8cbe13ccadbf,8e0947a7e6e68aa0239b6d59258f36e576161e62e9f4c113ae95f9504f0c7198,1,1,1,0
190,63_4.jpg,25f16bb08b145716e965ab3373b363f59b0b85d25147e55fabeb074de1050962,25f16bb08b145716e965ab3373b363f59b0b85d25147e55fabeb074de1050962,f712116bfc31d6a0ae2d459466b4a75a387abb04b1034ef7d2e8987a8c453eba,1,1,1,0
191,63_5.jpg,26be419646a35d03edd2c857ae9fb29eb0327d0ae381ef6a5e8b74136e74bb5d,26be419646a35d03edd2c857ae9fb29eb0327d0ae381ef6a5e8b74136e74bb5d,33e99f391314401606bd55f23c6c6a9f67e818045a4e7122548004585d12f754,1,1,1,0
192,63_6.jpg,cdf96eabd5a03afcacd337e2ccb8e73b2737dae225391054bbc7964a734d4620,cdf96eabd5a03afcacd337e2ccb8e73b2737dae225391054bbc7964a734d4620,20fbfa77be0ffc147b131789659fcab6e160027930a41009e35250c1595d9dc2,1,1,1,0
193,64_0.jpg,772a7a3f4dab621639abdaceb3ed0d423f86994e74b7b407ee9c9e5fbce4cc18,772a7a3f4dab621639abdaceb3ed0d423f86994e74b7b407ee9c9e5fbce4cc18,803a04f0cd2494ce90021b431bf55ea67a4f9b1674020eec2c1876612230a81a,1,1,1,0
194,64_1.jpg,ced7260009dd20c85c69c69764a4e7655df74fa39321c827f6b7540342e0d6fb,ced7260009dd20c85c69c69764a4e7655df74fa39321c827f6b7540342e0d6fb,4e4ca0219e58d59941ec4c8b688632af9c47132c565ec13ba1ef3575308d87c6,1,1,1,0
195,64_2.jpg,1446e1a9535c03a8293145b6f74e77b236b7caae913159f8b759e15de172709e,1446e1a9535c03a8293145b6f74e77b236b7caae913159f8b759e15de172709e,27489c37699db1ec2c97310c2df2d73575d129f9fc9ce0831405b01f64702f90,1,1,1,0
196,64_3.jpg,60c30c8d89f0d89088db14feff5ac7a899501d9bc460addcb1e30ce0f271fc47,60c30c8d89f0d89088db14feff5ac7a899501d9bc460addcb1e30ce0f271fc47,1597ba47fb2bc19c3bccc1a8f837b52239e803c8a7bfb516ef36dda9afdcc43e,1,1,1,0
197,64_4.jpg,e7b785baee3e204640d0dcd7fbb3470f4647861e1d94ba2ca6a33bd45d054361,e7b785baee3e204640d0dcd7fbb3470f4647861e1d94ba2ca6a33bd45d054361,55a7f34677dc1d98d7520d4d30b96a5fb56de3c78d411657a4a0eaa68c95db45,1,1,1,0
198,65_0.jpg,b8be49ecbf301df096d08b3cdd7d69c2eb39966b5a6cbc84616d1cdb01e9801f,b8be49ecbf301df096d08b3cdd7d69c2eb39966b5a6cbc84616d1cdb01e9801f,171857ae1e6de681c144371b980dc2d785c1bfd735ca7953a1bd5c4bdaf7e1a7,1,1,1,0
199,65_1.jpg,fa59d27960c62ae1a2bdab8e6972b56ffea7ec77273d69a84f5246cedbb89d0c,fa59d27960c62ae1a2bdab8e6972b56ffea7ec77273d69a84f5246cedbb89d0c,d985363c7d88541ee9af3d1a64a8e730990f25f75f142b186597bf695e0726a5,1,1,1,0
200,65_2.jpg,41002591793ba148fe48c8f47807a29c44c2c60b42f2d56559c62b96e4ca23be,41002591793ba148fe48c8f47807a29c44c2c60b42f2d56559c62b96e4ca23be,43c692fdfb0ff984d9529f1a6c3937b29a39480e1ab3503e99aae19f85771823,1,1,1,0
201,65_3.jpg,4f19c082f1fe094fa98287362a9285ce8f64e666580df41fb9b03394f466731c,4f19c082f1fe094fa98287362a9285ce8f64e666580df41fb9b03394f466731c,9443e08f0018a09cd8d368895fc01f209a77d5fbb28c60944ddd53ccf8d9d2d3,1,1,1,0
202,65_4.jpg,61877496735644f27eaeec282e2f9973b3db91fcc12acbb7344ecb180675022f,61877496735644f27eaeec282e2f9973b3db91fcc12acbb7344ecb180675022f,2a2e56cc3e9788138a1bf6a7e883c28e544f564831a8aaf6515f957df4416f0d,1,1,1,0
203,65_5.jpg,255f5edfcb938651da7907d4697685608259dac9628d9574eb8f806ebebd2892,255f5edfcb938651da7907d4697685608259dac9628d9574eb8f806ebebd2892,fdc5a8b7e2ba7615a4ad97d5c42a77ac98d088ed4e7944c94e4030d3f2d154b4,1,1,1,0
204,65_6.jpg,afd74b4d05a08a5e1d40896ae0f2096c22162fccb0f66b24ba285a4e03e78838,afd74b4d05a08a5e1d40896ae0f2096c22162fccb0f66b24ba285a4e03e78838,d430150ae9045e6b602b5e810349e53ca4118d48b1fca14f387ded5845ad7dc0,1,1,1,0
205,65_7.jpg,4d46379cc19c82a79ec3c1b801aabbd6f67bef83d7baa0634a8f956c4e9b9155,4d46379cc19c82a79ec3c1b801aabbd6f67bef83d7baa0634a8f956c4e9b9155,0897e16f3fd8f13e486db676bbc36a6745045ef53bf8df5d9b633ea2b88ed12f,1,1,1,0
206,66_0.jpg,0e63021908cb544418516afa51c8f092343241c0b77a1f26d8a1748cd1061197,0e63021908cb544418516afa51c8f092343241c0b77a1f26d8a1748cd1061197,65a881bb0a545ed16a8ea7b8e9addf240b4f207c6ceb8a3af4c20c919dfff534,1,1,1,0
207,66_1.jpg,f62438e5f053a6a323b4e0f54a8a96d303ebd6ce6dd65431785982b2f6407aff,f62438e5f053a6a323b4e0f54a8a96d303ebd6ce6dd65431785982b2f6407aff,29446c897ec8a771b98738116d53a10f0fd570d41c1e8947c51565d38d039261,1,1,1,0
208,66_2.jpg,c15bfe7573bb9cbece7c7fa72a9ac2b109eedb44eb2b667af3e102a269cbd29b,c15bfe7573bb9cbece7c7fa72a9ac2b109eedb44eb2b667af3e102a269cbd29b,c83ee3ae2719a334f974c09c77cc015c5ad2328efe3974a2a612ff8c2c7ec975,1,1,1,0
209,66_3.jpg,21d8999520cf5898aab179bc2b9c4c08c62b5a637cce60fbe01ef774e19bab4f,21d8999520cf5898aab179bc2b9c4c08c62b5a637cce60fbe01ef774e19bab4f,ffbf2ef4a31c363c2589ee973699b8d47e8b1fd66dac9f0613d2c00ef67b295c,1,1,1,0
210,66_4.jpg,d04aa7c4a42eddb28e04f127c091a8dc134292beeaae1237d58c1dd07504fc3a,d04aa7c4a42eddb28e04f127c091a8dc134292beeaae1237d58c1dd07504fc3a,d2181b693e15b5643eaad8c75d11aa26761b74aa33b4f77dc30a083e70418dee,1,1,1,0
211,66_5.jpg,013b8b9611639b4e305dadd14af7976207ab1152851a02cfeef218203f63fb20,013b8b9611639b4e305dadd14af7976207ab1152851a02cfeef218203f63fb20,055c067a338cf902e7485adb31daf131f86f56b0a861f7ac2bdc2de8990c5350,1,1,1,0
212,67_0.jpg,d8bec343c506b040b392059c5ae81fb71b6c3868af2244429ef59dcef156bab8,d8bec343c506b040b392059c5ae81fb71b6c3868af2244429ef59dcef156bab8,d74f53753a149e2842f936da3a4b881a0c01c07519c97c2db3c3297ffedcef88,1,1,1,0
213,68_0.jpg,95b507bc43afe31e04617307c57bcaa13f1346f2c2765f2498e4b086d211e6f3,95b507bc43afe31e04617307c57bcaa13f1346f2c2765f2498e4b086d211e6f3,7cfc2bc9fbede8a452045257cf3c8107231b6604e7ad65c991c3e557c320489c,1,1,1,0
214,68_1.jpg,b050e3cb494314633be3671a0f5cb3cbc98f145ac73cbc85f2240b724e651a69,b050e3cb494314633be3671a0f5cb3cbc98f145ac73cbc85f2240b724e651a69,e2346aeeb1440408c6afafbb09db03d2d6372dd52c2b8f49a05e61ae7f785ade,1,1,1,0
215,69_0.jpg,30d179e6da7317afe3358fc628d505774e7ab565ebae3860d311689163399d9b,30d179e6da7317afe3358fc628d505774e7ab565ebae3860d311689163399d9b,972c0f43e010af97f2565431de389c5f97859a8947a6680e6e19fed95b38df2c,1,1,1,0
216,69_1.jpg,bf3273fb79ff0ba35671676765c6733de8728ea22fc2d131506e73e90b8c4225,bf3273fb79ff0ba35671676765c6733de8728ea22fc2d131506e73e90b8c4225,6ad8bd0592eb8e7b490ef877d206f8cc94f6343cc81630009eb25563db56b388,1,1,1,0
217,70_0.jpg,eee4774ae10098dde4e333cfef3dceca8154b6824d06e353cde2885c03574bb5,eee4774ae10098dde4e333cfef3dceca8154b6824d06e353cde2885c03574bb5,fbac814a2c92b0b78b4b319c7e459ebfba4bafa2cf9554d8e6271be61608405d,1,1,1,0
218,70_1.jpg,fb533f2eb49805af648fbcbdbed89fa1e7a24be8dc1839733a97013bd66d0f71,fb533f2eb49805af648fbcbdbed89fa1e7a24be8dc1839733a97013bd66d0f71,59390c0314379ea5431dccd17fe825712c2dd3f7ad44c0223bc967b8c37da036,1,1,1,0
219,70_2.jpg,ef3eace6f2a2c89b984b9204fbc1d2592fd6001f9ab9bea6c7233ed9dc491c28,ef3eace6f2a2c89b984b9204fbc1d2592fd6001f9ab9bea6c7233ed9dc491c28,f13ed877eeac2f085420c796a9d3d917c2ef52d48427475133f7842e10b773a8,1,1,1,0
220,71_0.jpg,90e1931939ece21166494010823e106d47c60f950504e1997370aba67c02898d,90e1931939ece21166494010823e106d47c60f950504e1997370aba67c02898d,d6eb932a2f5ecf881cb33cfa4d50d07667cf75367ff846d54b3eedf2997fbe84,1,1,1,0
221,71_1.jpg,9be9e6b61d6f245f1adcd1449b45ac4f36c8d8a98dfee3385e40b6bcfb9ad4d6,9be9e6b61d6f245f1adcd1449b45ac4f36c8d8a98dfee3385e40b6bcfb9ad4d6,1ede427ab4bdab67dbae13309596fd26f7cf132b8f81c8738694d1fdb2b1c8bb,1,1,1,0
222,72_0.jpg,9aa7664fcc898f67307e2a3c143caf1a2e0deab2d84c89100c3821481b7fa760,9aa7664fcc898f67307e2a3c143caf1a2e0deab2d84c89100c3821481b7fa760,88c7b6faee934cf65e953cd546fc38366bc929db2f73acca3ee1839ce10ff7ee,1,1,1,0
223,72_1.jpg,e5ab0a7407840a17d11a0b1a8251507ba6a49d1ad4d70c9056f924e08c036355,e5ab0a7407840a17d11a0b1a8251507ba6a49d1ad4d70c9056f924e08c036355,79ef2efc897c138d4b859173807bd5e8f65f66656b5d2196c4095c64f333799e,1,1,1,0
224,72_2.jpg,00dcbe789f851e74e8b09c867d72c93ae0da5fa9902047523f783a7cd0cf2a7f,00dcbe789f851e74e8b09c867d72c93ae0da5fa9902047523f783a7cd0cf2a7f,d884637b0efc252a6c997bd057e0c18cb31dacf09a89bfb4c02c5c5f2736cb35,1,1,1,0
225,72_3.jpg,10dc4d5393378d4071983c53984254dc5e9230777b55aefde60cf2a55e90ae8d,10dc4d5393378d4071983c53984254dc5e9230777b55aefde60cf2a55e90ae8d,b78e98a1ed53dd8bd8fabbb4c39f0b9b786846b2cf678a4ff8401d717892332a,1,1,1,0
226,73_0.jpg,f717ac14120eab81676f97a00069f5b20df1ecd7cc984a9a1fa678281a2a5e52,f717ac14120eab81676f97a00069f5b20df1ecd7cc984a9a1fa678281a2a5e52,7ff4d9716d0c50b8ccd0a8d8397085cbda698f2eb11cfd44149c5a6b3006dabb,1,1,1,0
227,73_1.jpg,9dc027b59571099ac85ee7bb6528f02bea229fc3e4c592d4cd24a8b9149d6d6a,9dc027b59571099ac85ee7bb6528f02bea229fc3e4c592d4cd24a8b9149d6d6a,b9122e04095c08acbbef4127e98e5b12da793743b6f6ce469689dfcdaa5258f6,1,1,1,0
228,73_2.jpg,a5121579dd85b14359bc2940e87dbadec3002c518d0d180c344b8a7474743b7c,a5121579dd85b14359bc2940e87dbadec3002c518d0d180c344b8a7474743b7c,83d2cf1acd1df94709665c1c3ab97a502526580577d98933534ed13440eb311e,1,1,1,0
229,73_3.jpg,f4206e38fa1913c86a07700de4e46f5e4bce34d674df94ef30a5d44979744897,f4206e38fa1913c86a07700de4e46f5e4bce34d674df94ef30a5d44979744897,4acb85108ab40415f80956dd3d9e71fbe6b6b9cea7c0e65e8de2c3c8204cf9b0,1,1,1,0
230,74_0.jpg,b98dd252d85c9028562b78a444b8bb9348824d0cd6e8319f258158fe741d8c32,b98dd252d85c9028562b78a444b8bb9348824d0cd6e8319f258158fe741d8c32,5f82d27b64d2a79c69fd0af834b93d8b812b492f2e22991d45c832ec3a32efe1,1,1,1,0
231,74_1.jpg,f26072fd2141da4ec7d317b5efbb2cace7b5ba88ab31d7ecdcdc8cc86ae97b1b,f26072fd2141da4ec7d317b5efbb2cace7b5ba88ab31d7ecdcdc8cc86ae97b1b,58f62a2e1de456d0ee64ffe65ec4fd8eb96bcd72dc2ccd15d5d839aa15700749,1,1,1,0
232,75_0.jpg,3bd24fe453348c75d37a5a6aae659846c365dd674fd4dd18fad676db6bb2d29e,3bd24fe453348c75d37a5a6aae659846c365dd674fd4dd18fad676db6bb2d29e,f2e0f95dc22283bf2817662c871cf8f104e689765a536766271ba48ede93ebb7,1,1,1,0
233,75_1.jpg,cdf2e66b7b37633699b59fba821396ac38c282a8a96c839ad579cfb21b61b0d6,cdf2e66b7b37633699b59fba821396ac38c282a8a96c839ad579cfb21b61b0d6,f748a48c163ae0f126075e65c8c8e84dc948195e61cb184b0e7e4c3517c059e3,1,1,1,0
234,75_2.jpg,5b3399df8d2b5e56c3a86b0f98e97f9e0411512b657c77ffc19533573363784b,5b3399df8d2b5e56c3a86b0f98e97f9e0411512b657c77ffc19533573363784b,438a70478b4ee70024d24c1f3320ca78fecd181efd3c466af04a81ba3983f8e0,1,1,1,0
235,76_0.jpg,99264d3f68cdf4542a5633b01643b5e22ef4951bbbe1e5d867b1405cab0ff57e,99264d3f68cdf4542a5633b01643b5e22ef4951bbbe1e5d867b1405cab0ff57e,3f6d4a19180ef83beb7302c2c45f5bf8547eca68df93f0b7afcead2aa5d598fb,1,1,1,0
236,76_1.jpg,cb4c0592bb54597cc6a27d5984232ba376bf5a2f75f4e2f4855510491518523d,cb4c0592bb54597cc6a27d5984232ba376bf5a2f75f4e2f4855510491518523d,0cad118c81b0f9186988af0f002d890fe0fade3179afff96e72699abbfff5a18,1,1,1,0
237,77_0.jpg,1110726d59d1dc303296f07555161b4db63dd2d70bc5b432eabc754491ed1f5f,1110726d59d1dc303296f07555161b4db63dd2d70bc5b432eabc754491ed1f5f,7bd7dabfeb75eed0969308cbaaaf8b4ca05e7ff41b6c64db923731cf0823fe76,1,1,1,0
238,77_1.jpg,7909a5c01424da293018416fec6960c42831d524f33734790b7bd6c58212003e,7909a5c01424da293018416fec6960c42831d524f33734790b7bd6c58212003e,0ef1f0aae2019f27435aa69b71384e343f43fa4fcf938b3c786afba0e108b50d,1,1,1,0
239,77_2.jpg,e8339b7365a6e3fb9c9f47c6e4b2dbe88057faacc1cec3e3956f91f8088daf5a,e8339b7365a6e3fb9c9f47c6e4b2dbe88057faacc1cec3e3956f91f8088daf5a,6a676a44908ec2fac5fb94d90d21e99f93a47a0068055fb0946ce9185de0d005,1,1,1,0
240,77_3.jpg,a53dcd47f7af67fb44feddeeb5879d2a08ee4529ad349f5ece12d010bf0eded3,a53dcd47f7af67fb44feddeeb5879d2a08ee4529ad349f5ece12d010bf0eded3,97110a6eeb0cc3c1baf0a4fe0a2146ed1dff3df936c3831e577b1c1734bb764b,1,1,1,0
241,78_0.jpg,18b51038b31d2fc52f033dc803b57b98860fe5e4a268bd7cc4f8ec6a6d1b4999,18b51038b31d2fc52f033dc803b57b98860fe5e4a268bd7cc4f8ec6a6d1b4999,99ddbd9ae7a4458c179f25eb6497a3cf24192936f393bbda198914e068709b4b,1,1,1,0
242,78_1.jpg,ef6d480905a0741956ed1f0e34469aff59f6a864a5009ad1bf0fba4ff6a26f8d,ef6d480905a0741956ed1f0e34469aff59f6a864a5009ad1bf0fba4ff6a26f8d,cce271345b315411b3bfddd7ccccd7f5eee167020e2b465306e85b32f28eade0,1,1,1,0
243,79_0.jpg,feb4421baa344a3e59a771c3cbadb479a95e72ac2bbda7f164ec8360072f6413,feb4421baa344a3e59a771c3cbadb479a95e72ac2bbda7f164ec8360072f6413,c6e3c49cff9403c034b84095e16cec5856fda5ab84c18a343231d6f5d7725aa1,1,1,1,0
244,79_1.jpg,2775c0d5d29d12e41cb6a6ab6198716562d3c688bf6cd72f2a91bb3e6c2de24b,2775c0d5d29d12e41cb6a6ab6198716562d3c688bf6cd72f2a91bb3e6c2de24b,d48a9dda958028ac6c22ca3f31068e37b57ba0d5ad101f3253fb00c8de70bc02,1,1,1,0
245,80_0.jpg,7f9f1abb066123eebcb77b057014a9ce7fcd5e885231151004d6e505276880b3,7f9f1abb066123eebcb77b057014a9ce7fcd5e885231151004d6e505276880b3,b381e7f7220d6b60b142b939df78038403fdd6b3bc58a3383e964a172c224798,1,1,1,0
246,80_1.jpg,ba76cd8c601a22c9b0de3b88532fd2841823c037803a4c054a4f7e50906c03a4,ba76cd8c601a22c9b0de3b88532fd2841823c037803a4c054a4f7e50906c03a4,d3d6baa70b8ff7976aebbe2375cf9d5edd901e7187dd58517493baa75ce5bca5,1,1,1,0
247,80_2.jpg,a17cfa4a89f6c44d7b22d91084a266cef15f4e8a8bad1e156ed4321e2be4b117,a17cfa4a89f6c44d7b22d91084a266cef15f4e8a8bad1e156ed4321e2be4b117,c266bfbc077fb14a57c8f8fda6b8214f5e8982e00035605b9dbe207ac8585d93,1,1,1,0
248,81_0.jpg,27db6cc0651c28efe720ed242b8d74a9e3bdabb578d708d66cf9b9a88c653dad,27db6cc0651c28efe720ed242b8d74a9e3bdabb578d708d66cf9b9a88c653dad,89d7c93bc6443e38d78b3734ee43d32a667b05d9f76b117c02f49ab98d0ec1f3,1,1,1,0
249,81_1.jpg,0d5692ed6740ae09854ec55f90df0a7afae0f89b0bcca15279a3c635f6f9f2e2,0d5692ed6740ae09854ec55f90df0a7afae0f89b0bcca15279a3c635f6f9f2e2,fb940bc77a5e7d81790d3ec904cae58ac0b7cb079c1bb4bfebab6f66c76dbe97,1,1,1,0
250,81_2.jpg,319e35b9344ad22c7e639c180c74b58c1270f3749fbb2ba51d9df941c2b729eb,319e35b9344ad22c7e639c180c74b58c1270f3749fbb2ba51d9df941c2b729eb,383cb3b222cc45480f23d2de677e7837418d344d62839265c40dc25ca8f0072a,1,1,1,0
251,82_0.jpg,d3cf82f78d9170c14588f8fb6d3885dc56e2044a7970b5ff106a577be9709400,d3cf82f78d9170c14588f8fb6d3885dc56e2044a7970b5ff106a577be9709400,f0e602750faf02d5082ccabe0730e095f1904f78bc807b4b03a43cd4f7cbded6,1,1,1,0
252,82_1.jpg,938c9224e8ee5e0f4beffdf5210165ac468347871848fb714562d0ce33cd764e,938c9224e8ee5e0f4beffdf5210165ac468347871848fb714562d0ce33cd764e,4d05a44bf32fc2cf3659ab3df164e97e3269787a70a036c13cf0e94e15097443,1,1,1,0
253,83_0.jpg,6d81e97b7018775bb8bf0a40f1ea4afa2aebd51926b8c1cc5644dbcd3d897383,6d81e97b7018775bb8bf0a40f1ea4afa2aebd51926b8c1cc5644dbcd3d897383,4b6668031deb87f34646f80e92b17e018d5b6ae8cb3f995aa7623a5fb839bb12,1,1,1,0
254,83_1.jpg,994b433afc91441bd78234fc4a7b8d01eee3ff05e00793e08989178f31a5e5d0,994b433afc91441bd78234fc4a7b8d01eee3ff05e00793e08989178f31a5e5d0,c7284bc92f57bc3fad7af810518b89a2b13d4d31f0a242ffe396ad8068b686dd,1,1,1,0
255,84_0.jpg,82d322152532c48566ebc7eb8b08eac1861e76c2343014d6e7aa017c559bdcf3,82d322152532c48566ebc7eb8b08eac1861e76c2343014d6e7aa017c559bdcf3,9784615b393e580d527c4ed9b0a95d9d80584eadad6fbc6a61f092f8328cf6bc,1,1,1,0
256,84_1.jpg,c7e60c2884edc616c28c7c5e7f667fea2528e837e3f7afd8cbc89161c7bf5b16,c7e60c2884edc616c28c7c5e7f667fea2528e837e3f7afd8cbc89161c7bf5b16,39f7c4fa91fd1f5e01ac0cee2eef2b265408ac42f1787cfaddfe449ad6335344,1,1,1,0
257,85_0.jpg,d8402ec810b1c60c5640680d21d90265bac4c5c6b84e0b06483750aa45dddd43,d8402ec810b1c60c5640680d21d90265bac4c5c6b84e0b06483750aa45dddd43,a3b01ebeaf0d3dad0f18bbe236affe6a6694cd6a23ad3e4087d30f12fd9ea9a6,1,1,1,0
258,86_0.jpg,ecd59a719dd8c4608d4b2cc3b276d9d42dd9bda4b951abae908153d1911d480a,ecd59a719dd8c4608d4b2cc3b276d9d42dd9bda4b951abae908153d1911d480a,068b1dba5d1fac2a67c9d8a4d21c6d7e6672c01812afc393bb9d71050b1d0c89,1,1,1,0
259,86_1.jpg,ecd59a719dd8c4608d4b2cc3b276d9d42dd9bda4b951abae908153d1911d480a,ecd59a719dd8c4608d4b2cc3b276d9d42dd9bda4b951abae908153d1911d480a,068b1dba5d1fac2a67c9d8a4d21c6d7e6672c01812afc393bb9d71050b1d0c89,1,1,1,0
260,87_0.jpg,22582d9a81b1633284f70f271630a7e0ae76a405d513f33c7ab202fb70e63812,22582d9a81b1633284f70f271630a7e0ae76a405d513f33c7ab202fb70e63812,81256add1c4a51f8b125febbaec517df89b7fadab4912905d3a2e0cf9a40376b,1,1,1,0
261,87_1.jpg,459affc8823e4ecef9e6d3a007dffd403d4913d82b68503c456e179c5dd9351a,459affc8823e4ecef9e6d3a007dffd403d4913d82b68503c456e179c5dd9351a,2414af642a997b19b9b406abddf919acc30b17ba47f671baf841ccc22363b487,1,1,1,0
262,87_2.jpg,0c2e161f8507534bff2f7291afdded273bcb11e0c03f086471fb40762d4879f9,0c2e161f8507534bff2f7291afdded273bcb11e0c03f086471fb40762d4879f9,529511034b53202fcf1067a76b15f8750fdf2aaa7f0ed4b0d6b9a14e7978681b,1,1,1,0
263,87_3.jpg,dbc0f9f11e6f2ea105641b1a8279d5b470715e1bbf6f7e52c41ea46d0004579e,dbc0f9f11e6f2ea105641b1a8279d5b470715e1bbf6f7e52c41ea46d0004579e,7bbbe0d212a3f7ed4961c0d02f39f8b3e5fc905b0e8009a29cd1b527e370f63a,1,1,1,0
264,87_4.jpg,58f24b7edd2ddc311ee8a23b17d061903c007fef57c054a1b97bc48d45c9b07a,58f24b7edd2ddc311ee8a23b17d061903c007fef57c054a1b97bc48d45c9b07a,a83df956379a9a4f4f72599271da8c6863bd97bd358ddcc9b9a164f9d4915b6f,1,1,1,0
265,87_5.jpg,afaaf5aba681706602dfac2085ddf8e7ab0600ae10566fbeddd88e3c1622eb00,afaaf5aba681706602dfac2085ddf8e7ab0600ae10566fbeddd88e3c1622eb00,d1727f132eb6bbfb70eaed82cb0de4ce2414a027cddd4648a22ad942da4856ae,1,1,1,0
266,87_6.jpg,e39b2debe725f6097589221f61281dd2ebd048cc14961b11d4e0dd824a66da58,e39b2debe725f6097589221f61281dd2ebd048cc14961b11d4e0dd824a66da58,83bdc2121c154da561a562abc9d87fa7cd192011fc6adbf17fd02605bbbf87d7,1,1,1,0
267,88_0.jpg,301048de904e485ccde2d098ae0666d1c01cae8acd719f3bd7a03b783b3e544c,301048de904e485ccde2d098ae0666d1c01cae8acd719f3bd7a03b783b3e544c,b4c12a97e7015538c969ad1acbf7b1326178fc9bd7c64f67abdc04f80208c217,1,1,1,0
268,89_0.jpg,c60ee3f2fe17b04aefef9a6926e5190ae4d43ddba89d4080a207f3dad0d1032f,c60ee3f2fe17b04aefef9a6926e5190ae4d43ddba89d4080a207f3dad0d1032f,78a51478bae321e9c008841cc72424cce95cef3600669d5f4bed3a0012874877,1,1,1,0
269,90_0.jpg,b2d443bc61e284ca6732e189e3a82c82be30058cbf74cbeea7f797a641891724,b2d443bc61e284ca6732e189e3a82c82be30058cbf74cbeea7f797a641891724,778073a033015de1b0555c76e79d4a0d6e5cd88c0203d14cfa37bbe28c65e117,1,1,1,0
270,91_0.jpg,030d27c07977ab2ad2f459325fd8e5dbedb19857072bdd1d31bb42be2e19c344,030d27c07977ab2ad2f459325fd8e5dbedb19857072bdd1d31bb42be2e19c344,4a2c31e1eca4a5234dcb558ae831e996ed2375a34e44ee6ec00251ebfd7be141,1,1,1,0
271,91_1.jpg,aee21f59a7386656f86eb41b554d25397133ec7fb5670461cde8f3b209beb958,aee21f59a7386656f86eb41b554d25397133ec7fb5670461cde8f3b209beb958,d693ef246a498e762e3f6fda38fc611ef3320ca3f76ddb3906a11f3e228fa2ec,1,1,1,0
272,91_2.jpg,f0b8840af94fc2906ffb54f3e6ff44e1e5deb2d5c75c4d20ee10805c876669b4,f0b8840af94fc2906ffb54f3e6ff44e1e5deb2d5c75c4d20ee10805c876669b4,b24d1c0dfd6a6922a335e4a1615fdc5b44b3af7c6e59aa2052c58783448fed1b,1,1,1,0
273,91_3.jpg,d87479c65f5545313b72338e743041a72e562a2e9ed32eb59f2f00888e188c98,d87479c65f5545313b72338e743041a72e562a2e9ed32eb59f2f00888e188c98,ecaf2656e2cce6e6a8145557ae4516be22e32cb3342f836909b0ae2568d39598,1,1,1,0
274,91_4.jpg,a7d5887fdc8db7732856ef48580cb49d8f6d1d9278e67035ef9501826c114395,a7d5887fdc8db7732856ef48580cb49d8f6d1d9278e67035ef9501826c114395,1db4263b171276d2f8acaaae8d35eff71292518c1abb394014e91421992fb998,1,1,1,0
275,91_5.jpg,752a627897722d8e752b867c16c4b026230c14b597f345b5c62c579ef00c6f0e,752a627897722d8e752b867c16c4b026230c14b597f345b5c62c579ef00c6f0e,8e2403f7c472331f7ec02d56b8eabe0e5453e3aa02f600537d2b4645c91cea41,1,1,1,0
276,91_6.jpg,57db335529ee1fc5d24e907040549cd792359e2619485907af038888d5e103d6,57db335529ee1fc5d24e907040549cd792359e2619485907af038888d5e103d6,25e644414bfe1b19d895b672e051cde10cd47b5575257b1005e0a191f6e85344,1,1,1,0
277,91_7.jpg,07b0e2cd268c40db1e98ce95ec9bad2a42a37e40bde56d6f45113c9b776b484a,07b0e2cd268c40db1e98ce95ec9bad2a42a37e40bde56d6f45113c9b776b484a,e186ddf59747e470ef8654a79b9fa10f66ba20209d754c68e2b9a454c0056fca,1,1,1,0
278,92_0.jpg,b92aeff58858d05a7d4b0353e497a59bf5a6a8b0d74982590e60522283f1bfef,b92aeff58858d05a7d4b0353e497a59bf5a6a8b0d74982590e60522283f1bfef,7f8a2dda7aec326547afa670ef9361b15a6772315a55d62e9f0d35865ead94bd,1,1,1,0
279,92_1.jpg,6b3a6fcde3c93449ed4a898555360e6cef5edf9fd6e7d44513d8d9f96775c148,6b3a6fcde3c93449ed4a898555360e6cef5edf9fd6e7d44513d8d9f96775c148,66da9275d4254df10090633b4e19d14373d6606f56a3ee1cc409799948130608,1,1,1,0
280,93_0.jpg,4a860d3cfff6708f598307f38f8411131d7d74a2911f4dddc4eb4554a6394cb1,4a860d3cfff6708f598307f38f8411131d7d74a2911f4dddc4eb4554a6394cb1,a8f2535fcd82064e0e1dee4950285096cb19f5ce83701fc7473fd78a0b7cd4e7,1,1,1,0
281,93_1.jpg,a2987f4c53d907688eb5ef095418da3b791cf86fbe049dcbe0170258f059a7fe,a2987f4c53d907688eb5ef095418da3b791cf86fbe049dcbe0170258f059a7fe,1cbc82f4a5a6dcd865d958543e4657b13319a4d3bd38a4b0434e31d194add009,1,1,1,0
282,94_0.jpg,783081bd7c2893f93698e43ac27dfcfbf9580b9ded09a0e8998f3e2947093730,783081bd7c2893f93698e43ac27dfcfbf9580b9ded09a0e8998f3e2947093730,423b98dc842cf3842817474f118ae31caf59f13e184b63180df879a2a110a96e,1,1,1,0
283,94_1.jpg,783081bd7c2893f93698e43ac27dfcfbf9580b9ded09a0e8998f3e2947093730,783081bd7c2893f93698e43ac27dfcfbf9580b9ded09a0e8998f3e2947093730,423b98dc842cf3842817474f118ae31caf59f13e184b63180df879a2a110a96e,1,1,1,0
284,94_2.jpg,05b7050a916ff44cbf17a8e205dbb03c2fb31080f9ebd84cf0158d5a2acacbc0,05b7050a916ff44cbf17a8e205dbb03c2fb31080f9ebd84cf0158d5a2acacbc0,e1c4987e336edd1c05bfc7ba17b0dfe170c0df2d30abe8df05b20d1d121e6be0,1,1,1,0
285,94_3.jpg,2b6f29fdacc53fcec97524c0fb7b6ae7fde9e6ce7bf4da7355fe5f6376bb7184,2b6f29fdacc53fcec97524c0fb7b6ae7fde9e6ce7bf4da7355fe5f6376bb7184,0ea7f0296f4f72dd1034c99e50ef9face3e938fd36be948aa1218a59e55ef27a,1,1,1,0
286,95_0.jpg,826f871197e13fbc64e28064006933c4020fbf4edaf9091e0f53478fd8deeb3a,826f871197e13fbc64e28064006933c4020fbf4edaf9091e0f53478fd8deeb3a,7ec80b6b2b0477da6ec179db7669e1f9b48d9a037f69f356bdb224563e20b233,1,1,1,0
287,95_1.jpg,3e49124fc40049b81109024ea41da5044dbef17db15e3e739275ad122d94721e,3e49124fc40049b81109024ea41da5044dbef17db15e3e739275ad122d94721e,6a536a88f88dd07f55f3d07da21bae04fe7b228f55585e78fab820af76887920,1,1,1,0
288,96_0.jpg,b8eab6a006219aafde8f266be5c0fb181aca4b482d7b5ad34662835a5702bf95,b8eab6a006219aafde8f266be5c0fb181aca4b482d7b5ad34662835a5702bf95,21dc78727761b9f286f2f0fa592524ca5066a8cf95ec85358b1510248af9ed25,1,1,1,0
289,96_1.jpg,fe8f8678134ee722f1f81416aaa259dcf83971abce9d3dbd22d7210d904f43db,fe8f8678134ee722f1f81416aaa259dcf83971abce9d3dbd22d7210d904f43db,a8b9aefdb5697ad9608b2fc73edcedffa1de2d709f7e0d8ef9474a4222abb36c,1,1,1,0
290,96_2.jpg,01fe60cb0e81fc0dccc1d89eec0c47a5dcbc3131a18e144e65b5d1b4ea958003,01fe60cb0e81fc0dccc1d89eec0c47a5dcbc3131a18e144e65b5d1b4ea958003,51f20c1cdce4e5bf679cf3b1f3577d77af0ab7da8828cab0210a87a312b39077,1,1,1,0
291,97_0.jpg,4e883b1d2a79cc1370d128ea394f76bd9ef923b86ea42a289d193be2d7f8b189,4e883b1d2a79cc1370d128ea394f76bd9ef923b86ea42a289d193be2d7f8b189,d24acaa0afc7e6b547055548fdcc7e292ea1121979ddb8b593bee00e0fbd12b3,1,1,1,0
292,98_0.jpg,b9ff43e95d079d53db0710d8778fc31b80ec4de1f42975d0166845307347c2ac,b9ff43e95d079d53db0710d8778fc31b80ec4de1f42975d0166845307347c2ac,226503c580796039c2b90662f7abae65978a233ee1a495748e60602525ed854f,1,1,1,0
293,99_0.jpg,d337de438bebc68bed07a3979259fcdf535a60330c2b60c1f54c8fe7a130f7de,d337de438bebc68bed07a3979259fcdf535a60330c2b60c1f54c8fe7a130f7de,b7a929daaaa3becae62fac89cf63dfe212fe71ae074a5cb32c64af97b2fee33a,1,1,1,0
294,99_1.jpg,032ad065355b2db1b35143e2da2d2c95049cad133e325ea3269b16160031907d,032ad065355b2db1b35143e2da2d2c95049cad133e325ea3269b16160031907d,9fd7cf23ee7d1ffe506d13ae185a049a4072d0f2c2edae0ad706257cde623431,1,1,1,0
295,99_2.jpg,71c06daaacdc17e08a3c35f3b510ca0dbe02a4c3ee0009b498c1bf1e41cdb01a,71c06daaacdc17e08a3c35f3b510ca0dbe02a4c3ee0009b498c1bf1e41cdb01a,7f102bebea744e61c5e22e66467db617ce855b491b279624fa9a1fc147d4ae6d,1,1,1,0
296,99_3.jpg,623b4cec23dfada059f390f816c698327dd8c6639c06766ec64b4739dc5b4b3c,623b4cec23dfada059f390f816c698327dd8c6639c06766ec64b4739dc5b4b3c,5ff4c6522895d74919006da53c14da47804ffc42e61241827a5162fb0ec2fc93,1,1,1,0
297,99_4.jpg,b5be12230b4169cc81c7fb50283f79586e90beae587533f8c441a2312be82787,b5be12230b4169cc81c7fb50283f79586e90beae587533f8c441a2312be82787,11014bde5d5176a0746f31900a41e979d23b97c924631a111491ebc8be1bec12,1,1,1,0
298,99_5.jpg,6607e668dc3e29780c1935ebcaf7dcb666cb1ee7c54a9cbaf162b0f12b7b48e0,6607e668dc3e29780c1935ebcaf7dcb666cb1ee7c54a9cbaf162b0f12b7b48e0,ee27e55b7b61e5db3f85b8887533a7983d93bc920a2ba245f7ae05eb4ec854d6,1,1,1,0
299,100_0.jpg,1264f6696dbb7a16db253c810cf035e0c5e01afd50e4518297c9f1c56e4168ff,1264f6696dbb7a16db253c810cf035e0c5e01afd50e4518297c9f1c56e4168ff,764108fb926cbe510095573f774d4d94509f0f2e488081a29cc69cbde76bac4b,1,1,1,0
300,100_1.jpg,3d00aa43687215ebbcbbadf51a2be293801fc57e44d86469d29dc0f43a62b29f,3d00aa43687215ebbcbbadf51a2be293801fc57e44d86469d29dc0f43a62b29f,26fb45ef1bb03c1d6abbaa6e478eb0e2cea95062fecce25de3e85854d0faa1f9,1,1,1,0
301,100_2.jpg,85a63a7d68c68fa68e27bb1bacbcc01cb4d52b993cfad17a56f6bb9ce400ba23,85a63a7d68c68fa68e27bb1bacbcc01cb4d52b993cfad17a56f6bb9ce400ba23,7617b0e1656e95bf29840429d19cfa76ec09d18dae62967ccd0cff1afec5348b,1,1,1,0
302,100_3.jpg,d5d0db26580eeadddad6fa1b0a551a8f08483328f3c4408f7cc5fbdf0a0d5d47,d5d0db26580eeadddad6fa1b0a551a8f08483328f3c4408f7cc5fbdf0a0d5d47,477744b7be115cc0cc815da002ff799cbc58f4106f39477c9d7ff068f10192d0,1,1,1,0
303,100_4.jpg,321ce2a5a10ee5fc21e61344629028bf3ddee622283ec027a102718463a9e0ad,321ce2a5a10ee5fc21e61344629028bf3ddee622283ec027a102718463a9e0ad,439a2d1dee73aaaf9626f17f9154c95382fc981d3d29d323fdf950eeaad0f281,1,1,1,0
304,100_5.jpg,078b6c4d9f83beb775cfcfc81009fceaa1836a5b0b2a14156f9c864280fb538e,078b6c4d9f83beb775cfcfc81009fceaa1836a5b0b2a14156f9c864280fb538e,da5610016fe8c56291c4a0e3e91cd46b1675b55002b020e5d5a77bd6b53d1535,1,1,1,0
305,100_6.jpg,432fbd34a62917c91122a8a8ca59bb5e034fd974dabf927cb261fd33ea210aa1,432fbd34a62917c91122a8a8ca59bb5e034fd974dabf927cb261fd33ea210aa1,93b09f0409867384daba6d1361b8bd6db08911c7d7256180ec0ea02792f2329d,1,1,1,0
306,100_7.jpg,b627477214211f9f3479683c43d1acec199f7980e018cb109dac8d56949b0b00,b627477214211f9f3479683c43d1acec199f7980e018cb109dac8d56949b0b00,4383a90e215ab9acb3221490629de81d70e047ea4e067fca2a078814c4df94b1,1,1,1,0
307,100_8.jpg,b7384f41258857f80caebc88e30f431e4d79704c186386cc8711c6b10426eae0,b7384f41258857f80caebc88e30f431e4d79704c186386cc8711c6b10426eae0,63548379559243c00a7df3a9f44d0ecaad9682715790d184b15a2919733a63f0,1,1,1,0
308,100_9.jpg,e59aa8e6e89cb5cba5f0e614f2db49bab6ef0464f866c8ae22dac5fa2180f31b,e59aa8e6e89cb5cba5f0e614f2db49bab6ef0464f866c8ae22dac5fa2180f31b,d1b8830371169cc074acff1b881c368e4e2071f48cd1733a278d93fb431b3966,1,1,1,0
309,101_0.jpg,de80817337c57da16e57728866c00b32564059b1e7ff055f28d90c8e8ffc1df0,de80817337c57da16e57728866c00b32564059b1e7ff055f28d90c8e8ffc1df0,66f63f7439bcbfc435746f4d98ffd0f87bb23a95cdacaede0042ce76b83d868c,1,1,1,0
310,102_0.jpg,ce934d84a70f0b85b24e0dc6be88b76d285d5b431fb1c2c8f67cca2940be1a89,ce934d84a70f0b85b24e0dc6be88b76d285d5b431fb1c2c8f67cca2940be1a89,e6abeea931eef694ed7848cc39f780c1476c836ce07a19608009ebe087cb71fa,1,1,1,0
311,102_1.jpg,94869f34768d328bd2322eb51e8f7110dfe7cacefa4b454012b385b81d52d003,94869f34768d328bd2322eb51e8f7110dfe7cacefa4b454012b385b81d52d003,2a7098ed8ca595793b74fbaef81537b9eca6add9666cc6d11ddc54dff6b25097,1,1,1,0
312,103_0.jpg,d0eb4e03a466888349fb26f51407b8ae070182e36c1f4f71e7f5f9e319bb5f55,d0eb4e03a466888349fb26f51407b8ae070182e36c1f4f71e7f5f9e319bb5f55,ea778d52ceec708a007ce5908a2e140e2f0f3559a7ec94b6721fbc3ef765320a,1,1,1,0
313,103_1.jpg,45fcb56f13485f2b6a2e6452a7c75bac1edf88228a13035664d026534ddd783f,45fcb56f13485f2b6a2e6452a7c75bac1edf88228a13035664d026534ddd783f,9b5ba5b2c8eab14c2bd3a56097a8491c859483e7e85cd6d2c0c829c655e5ff30,1,1,1,0
314,104_0.jpg,7c9751b4bf0a1a9410f9f8a87a33391e516ea4d5b984771756afa4fedf7be2a5,7c9751b4bf0a1a9410f9f8a87a33391e516ea4d5b984771756afa4fedf7be2a5,c57363abc17389bdc87fc84fab0a40d8153677c8805644cb4065d5167af6f7bb,1,1,1,0
315,104_1.jpg,ae3af95060ae10dcb87500c8f960f757568b93c180a8f63300115ae4b05f5f08,ae3af95060ae10dcb87500c8f960f757568b93c180a8f63300115ae4b05f5f08,7360aa6c8d5b98c9b2be62c2312c367d15b93ee6c46151d166fcb82211d0ffb8,1,1,1,0
316,104_2.jpg,ac488e78c434f363a28f8d3182a379877dc8ba5ca380a92891828a897c5c8359,ac488e78c434f363a28f8d3182a379877dc8ba5ca380a92891828a897c5c8359,21515bb878e51612ad6bc19c886b523980b8e661388f2344da6cfc0707bd4d22,1,1,1,0
317,104_3.jpg,116af7e2ba5085e360e5b4b214b7bfc96ed799d5a5bc9e6672fba06a8b2a20bd,116af7e2ba5085e360e5b4b214b7bfc96ed799d5a5bc9e6672fba06a8b2a20bd,bab34049f773fbda32d186fd462709e7d9470dc33162e698d4614a98480fc055,1,1,1,0
318,104_4.jpg,79d1e5b9d870670d1f6690d584683965899162fa81cca4592560a9e073489d7d,79d1e5b9d870670d1f6690d584683965899162fa81cca4592560a9e073489d7d,7aec8116fed574f12c7d9fae4e77f8a0026473081d532c2222c5cd8172739025,1,1,1,0
319,104_5.jpg,e28ff2cb9f6546c7fd0aca01ab67ca83f2fdedeb3c1ae53fc7247b47bab27bd9,e28ff2cb9f6546c7fd0aca01ab67ca83f2fdedeb3c1ae53fc7247b47bab27bd9,31f0384d7d76ecee03d63af687ea7269c4969b19f3629b6e677c84faa5042822,1,1,1,0
320,104_6.jpg,6539ded538e0f5ba5fbec6210c5b5d8410c1fe479452ef6b449a60ae84e232f8,6539ded538e0f5ba5fbec6210c5b5d8410c1fe479452ef6b449a60ae84e232f8,7a46c5be8f6f49075818e8fad25a9be0baa7b79d822c02514efa92f20f5fda85,1,1,1,0
321,105_0.jpg,bb71a0537e8424383c7c1e853633ffeb2cb40c8196d1bebdc74e6f572a7032e0,bb71a0537e8424383c7c1e853633ffeb2cb40c8196d1bebdc74e6f572a7032e0,95f876f4924673f9bcac4285d76b32e64ec588bd4711ce9b5635c8c1faa6a886,1,1,1,0
322,105_1.jpg,c6501c09ffbd84b6dfbcc31ba029077fa25332db0309b198a38850acd2a7e279,c6501c09ffbd84b6dfbcc31ba029077fa25332db0309b198a38850acd2a7e279,3e1655511a71abca29b0cadf9b21e929594b0a9ed4d16b46b6d2a4b04698f4b2,1,1,1,0
323,106_0.jpg,46ca55ce554b6096f1d665a6441be3272e1fb6938ac71fe1e66624dc49a47c72,46ca55ce554b6096f1d665a6441be3272e1fb6938ac71fe1e66624dc49a47c72,fdc38c291c843c4c3a969f80e41ee8e1c1f841b6b98103b5ed6daa9fa9dcda6c,1,1,1,0
324,107_0.jpg,244e60c225061e9bad09ad49eca4f2adc86186b6fde45e6ab9d3645a47f0964f,244e60c225061e9bad09ad49eca4f2adc86186b6fde45e6ab9d3645a47f0964f,31d85ee04d10e9d11c86635fdb1df596042bcdaf0a474de2721cee94f81881aa,1,1,1,0
325,107_1.jpg,e5a12bdaf520203ab5c9bf01fa6068d0f48ead67fe9585220c5116ae13544c83,e5a12bdaf520203ab5c9bf01fa6068d0f48ead67fe9585220c5116ae13544c83,2c09400ae22f98338f812b2346c126d2954f417e998555cfdbacbec8aba2f4b3,1,1,1,0
326,107_2.jpg,86ca35fa14420c2250c68dd34f4dd65315e406ebd5f41dba3b97638fdb061a2b,86ca35fa14420c2250c68dd34f4dd65315e406ebd5f41dba3b97638fdb061a2b,acebab404fdd4a54c30af450f89ae9a4cd6414659ffd601053cc53c33ccba7e6,1,1,1,0
327,108_0.jpg,43e6334374fba7408ade8ba7bfc024ef21112d79c0da11a49af009c6087cc9c3,43e6334374fba7408ade8ba7bfc024ef21112d79c0da11a49af009c6087cc9c3,e3b107016007895c05acca23c2559f743e5b3b765061102d8ada7014398d2b11,1,1,1,0
328,108_1.jpg,ad8c4f6146eb00661fa911830e58af80816e87c7159fadb795f9e8f5a0bedcc3,ad8c4f6146eb00661fa911830e58af80816e87c7159fadb795f9e8f5a0bedcc3,4e8e0b2b594a072bf96ce694fdf470279f05776fda10f0fed4fad257cfcbe5ed,1,1,1,0
329,108_2.jpg,6a1d47b3cefc8652491ceab40c1196c5e0e10e575c1e158e03578cfcb03ec73e,6a1d47b3cefc8652491ceab40c1196c5e0e10e575c1e158e03578cfcb03ec73e,532ec75560cfd4cb9cf69ea77a2b807f8c035ec2502de23b554543ce930ba95f,1,1,1,0
330,108_3.jpg,d93a352c5e0f044a407857fa2ee2ab6facb0718f9b855b97af6852cf8ef4cc4c,d93a352c5e0f044a407857fa2ee2ab6facb0718f9b855b97af6852cf8ef4cc4c,3551f4829a78ce9fce6a5f8144102da424e04a33e9ac8f7083432d55f07dd6cd,1,1,1,0
331,108_4.jpg,3f51d19c2e3fea27ca233c0a6e25b657ea869be0c4bb96148a6a17cb25c80346,3f51d19c2e3fea27ca233c0a6e25b657ea869be0c4bb96148a6a17cb25c80346,d5ae3e99ad3ababcd84e93379eeca2a4d6e7f9e442bdfce064868327e36691b1,1,1,1,0
332,109_0.jpg,f04155a1ccf92793daa7d46c464fc8f72156b272d39abb989fe9b053e93c321a,f04155a1ccf92793daa7d46c464fc8f72156b272d39abb989fe9b053e93c321a,efd946a1d2ab27bb947ee9350c9ae8c56779df71c31bc4a38c5878dfc0eeedbf,1,1,1,0
333,109_1.jpg,db70e8d7567aa48caaec79a20ef22a98eb6f1d2cf8b441be4dff5ff16c022590,db70e8d7567aa48caaec79a20ef22a98eb6f1d2cf8b441be4dff5ff16c022590,6d8730f828b2a9d168484e57143b026d9c8717521f3ace5e78b0651c8d86f91d,1,1,1,0
334,109_2.jpg,84b7b5d23d91205818cf06e43bd0421b9e76a8e61c91b5fd9aa31d76d46942f3,84b7b5d23d91205818cf06e43bd0421b9e76a8e61c91b5fd9aa31d76d46942f3,ee48e4522f108bcf6bbf5862738d54ea3ad755ca2359ca0def52da19d276b294,1,1,1,0
335,109_3.jpg,4387e4467571d38b69f93912c5c1a58d227f5e73aebeb78524e3ec0c66428725,4387e4467571d38b69f93912c5c1a58d227f5e73aebeb78524e3ec0c66428725,51a379b4a985156ec37d435df7eb758404430e3bbf6e36e0610eef50f8e37f3c,1,1,1,0
336,109_4.jpg,4d12259265e80893fa1ee184a1c857f08921ad4b9742ee763873f1db47f6461c,4d12259265e80893fa1ee184a1c857f08921ad4b9742ee763873f1db47f6461c,df4a24e36a04277be696915121f67aea33659cd6c54f05f02661bd4e1bd1acb7,1,1,1,0
337,110_0.jpg,255f5edfcb938651da7907d4697685608259dac9628d9574eb8f806ebebd2892,255f5edfcb938651da7907d4697685608259dac9628d9574eb8f806ebebd2892,fdc5a8b7e2ba7615a4ad97d5c42a77ac98d088ed4e7944c94e4030d3f2d154b4,1,1,1,0
338,110_1.jpg,0d5692ed6740ae09854ec55f90df0a7afae0f89b0bcca15279a3c635f6f9f2e2,0d5692ed6740ae09854ec55f90df0a7afae0f89b0bcca15279a3c635f6f9f2e2,fb940bc77a5e7d81790d3ec904cae58ac0b7cb079c1bb4bfebab6f66c76dbe97,1,1,1,0
339,110_2.jpg,27db6cc0651c28efe720ed242b8d74a9e3bdabb578d708d66cf9b9a88c653dad,27db6cc0651c28efe720ed242b8d74a9e3bdabb578d708d66cf9b9a88c653dad,89d7c93bc6443e38d78b3734ee43d32a667b05d9f76b117c02f49ab98d0ec1f3,1,1,1,0
340,111_0.jpg,09df0104c68237f37ce3ce46f8029db3c6e2da8342c12a4cd562951ab882896d,09df0104c68237f37ce3ce46f8029db3c6e2da8342c12a4cd562951ab882896d,cca8e574c028f4c35a365010e0794a26914f64c39be1e1c7d9981674dc0816da,1,1,1,0
341,112_0.jpg,b5c42385c59857b4fd2ab6e5ce932cf73f5f4df6654392eeac7015938a9f7577,b5c42385c59857b4fd2ab6e5ce932cf73f5f4df6654392eeac7015938a9f7577,b175d422a613dcb9b7a902fb9138cccc89050e667f492516167e086b7e5bed60,1,1,1,0
342,112_1.jpg,2bbef52cf4cef1caa367512460b22ebae7c62542375d68063bd2988bf126a7a4,2bbef52cf4cef1caa367512460b22ebae7c62542375d68063bd2988bf126a7a4,c9f2cfcda48af86e6bad99a540765f1d4ee964f221975dc9b3940551c499e43a,1,1,1,0
343,112_2.jpg,d1c5f7217726ca10b6ec675d13abc8fa701222e5889c6c25312b8b4bb04a7fc6,d1c5f7217726ca10b6ec675d13abc8fa701222e5889c6c25312b8b4bb04a7fc6,5e3482f4944df6b799480362f9670778206f09e9965e2907857b5fd83b2d38c6,1,1,1,0
344,113_0.jpg,0d3792466086f9607c16508368661f50c0a7552001c9b6c7a7d769a774abfc98,0d3792466086f9607c16508368661f50c0a7552001c9b6c7a7d769a774abfc98,fd3ac95e3a556e36260f1cb69788250090e7796e06e504fea3b97cbfd24a7745,1,1,1,0
345,114_0.jpg,d68923d447f0205a3f81172a64495c5c8a33893817e0ff6ec49f3f699cfd4048,d68923d447f0205a3f81172a64495c5c8a33893817e0ff6ec49f3f699cfd4048,15e692244d5e1f3c2279374602dc5489aa4e5605717db6be844eb36da0b76ac5,1,1,1,0
346,114_1.jpg,9403361c2d1cb39a975a75379826ade4d14254cdfbb57a8efa644e88ed24daee,9403361c2d1cb39a975a75379826ade4d14254cdfbb57a8efa644e88ed24daee,7d825aad16965f260c8c9f8f8eff183c5ebc26ec7cc68cd252fd26ffc8fecf2c,1,1,1,0
347,114_2.jpg,55051f53c0d799465cf850e7c7bf70913d6232919142c3d62791065dc19ca1c5,55051f53c0d799465cf850e7c7bf70913d6232919142c3d62791065dc19ca1c5,d19e4dfb528b8e940b7ede36dcbc2859532b8ed95b8d4d57dadec33c035eeded,1,1,1,0
348,115_0.jpg,ec042476bc937b0ae894a474f6de17761f5b2d497f8e429f3f2ad980e03d176b,ec042476bc937b0ae894a474f6de17761f5b2d497f8e429f3f2ad980e03d176b,b120110637963af7bff838df312d9a74b193011bd06a6fbfa0355c152ff3f0f8,1,1,1,0
349,115_1.jpg,3b350b8f1dad7f5eacfcc73855000c4afe1e43688fb3308781afcf34a957946f,3b350b8f1dad7f5eacfcc73855000c4afe1e43688fb3308781afcf34a957946f,baf49511cb160f44f7f5cfc4984509d7ef11d8bfa4a5faa963936afff97d71e8,1,1,1,0
350,116_0.jpg,d0b0e8bf21983921feaa380719c5783e64ac3d09f430af3f6ba1fee3dd02e579,d0b0e8bf21983921feaa380719c5783e64ac3d09f430af3f6ba1fee3dd02e579,6c363c75a15222b0ab86c6c246a3e9c666909f60af4a394ebafa8cfaf9a6d060,1,1,1,0
351,116_1.jpg,6f1f7ecd939ef2e5ee80b92ff77fa747acb0f2380940ff7d4fa6eadc9592cbcf,6f1f7ecd939ef2e5ee80b92ff77fa747acb0f2380940ff7d4fa6eadc9592cbcf,1b30acec71be31f34e2bdb591ab1bcaed2c9094eb2f52020797b0c624ada59ee,1,1,1,0
352,117_0.jpg,0b3ca7726c04b00619b8472726585f435d2dfbe89c1b059b92cf1fdc7af4d980,0b3ca7726c04b00619b8472726585f435d2dfbe89c1b059b92cf1fdc7af4d980,1dd1828fee63fc16e9d5e97eee004465d9c833299279d8e15038aba20a63d32d,1,1,1,0
353,118_0.jpg,5d8f8186b624fa55bbb7fdf2060dd302c4ab3916801e96d86344dbebc5a1e905,5d8f8186b624fa55bbb7fdf2060dd302c4ab3916801e96d86344dbebc5a1e905,9e277a25c0f6a792f54396c10b85677fdccfb954020ec24de1549ad7d858f8b7,1,1,1,0
354,118_1.jpg,0dd55bb3f801a3530d662a65fb53bc8fb5091b0009304c675c58f0d9abc3b1a6,0dd55bb3f801a3530d662a65fb53bc8fb5091b0009304c675c58f0d9abc3b1a6,50dd69d860f8aa5338e308d109e54035ef3bd83fec8568a47cc03c31ae250013,1,1,1,0
355,119_0.jpg,cfc9696b9f76650a4ac65d6d5e99d127de7d9dcc58d607edc80c124365d2b426,cfc9696b9f76650a4ac65d6d5e99d127de7d9dcc58d607edc80c124365d2b426,4d21b08789c7a9250f074d4299bafb08a31e02c2f9b179f94f38ba70103cbdc9,1,1,1,0
356,119_1.jpg,eded82ba78443066189339eef7f8cba6c3fe4871839655fd72404672b734de28,eded82ba78443066189339eef7f8cba6c3fe4871839655fd72404672b734de28,f12d54895fa865d3eb7c429172a34d45f04070ad692f0e8cde13abfbcebd717a,1,1,1,0
357,120_0.jpg,5de2b81b4bd715d8d8d9a11b5ef94c56ea5de5d124ebe19b8c1d31239e84fa75,5de2b81b4bd715d8d8d9a11b5ef94c56ea5de5d124ebe19b8c1d31239e84fa75,f6fddfacc3c16824be0972402a487bc3f240b376263d42efe03f79a5b7308501,1,1,1,0
358,120_1.jpg,869ae054db47b18998bdaa3f3776f9575ee42456ed4eefcdffafe5dc74b57a4c,869ae054db47b18998bdaa3f3776f9575ee42456ed4eefcdffafe5dc74b57a4c,cecb136123c02154eec2d1c3d412f597f7b42cc6fd7999fbf405d6234140ca97,1,1,1,0
359,121_0.jpg,068a2b89688224c2f5b6206f0e74b484bf46dfcc485f6249e74173d78c433daf,068a2b89688224c2f5b6206f0e74b484bf46dfcc485f6249e74173d78c433daf,ca03d16709aa87984af1291730e8d78c5e4dbc739ab69574bd6d08465f46cbb5,1,1,1,0
360,121_1.jpg,ac0a87b5f95d2915516bbb2f4d771e1d03938dce2b55b7c3a08ae2a86b995a1c,ac0a87b5f95d2915516bbb2f4d771e1d03938dce2b55b7c3a08ae2a86b995a1c,f4078e9e6dc8c2ddaca4cd47fcd6f79500627bc93359b529d25e36d646d0e1f6,1,1,1,0
361,121_2.jpg,0b11cc1a35847f5260239fc36da2f56fa95e4626839d016d927a25e10d567292,0b11cc1a35847f5260239fc36da2f56fa95e4626839d016d927a25e10d567292,c64a82319cacf40db507281a6d80eb87c19f3ac4fd21508b1aed0030df81f096,1,1,1,0
362,122_0.jpg,b5918194554b95e5e47516fdcd6d6eb860efa55af7bb656d50e49bc042b58797,b5918194554b95e5e47516fdcd6d6eb860efa55af7bb656d50e49bc042b58797,6105a9613dbfded6a1fb3602da4a890d9f1b6fa53bbcc1edaed927e6ef76b646,1,1,1,0
363,122_1.jpg,44fa38412305b5244dfa3c8a8df1142137474e21aec52426cb7e4d51534c582f,44fa38412305b5244dfa3c8a8df1142137474e21aec52426cb7e4d51534c582f,3c2d9c1fd8c33c3b6496a723782c7386a825fa7205f0a3d5e1943ffbe4f8d57e,1,1,1,0
364,123_0.jpg,b071ac804d836dc2208e374c4bb477f4205fbef068121c951215b7854835846e,b071ac804d836dc2208e374c4bb477f4205fbef068121c951215b7854835846e,32bb948533ae81cdb391c93ff96add71d126ebcdb07209d2f6c96b478990d85e,1,1,1,0
365,123_1.jpg,e1b67af1d98d895a78a1d5c8fc3c654a9c54264da97b1dba53e7454da0833b10,e1b67af1d98d895a78a1d5c8fc3c654a9c54264da97b1dba53e7454da0833b10,e728e4fdc403e65d4ee11d03aeb1b929e4ea84ddfb1040f731c44f3c7f281c9f,1,1,1,0
366,123_2.jpg,33be1c766744c47f89261e5502f7a6c1a2f7e27aaf0207e63ef095536602b227,33be1c766744c47f89261e5502f7a6c1a2f7e27aaf0207e63ef095536602b227,280e0d218337d542fe21b56400341e88a1080a6331748e4934f04963232e8404,1,1,1,0
367,124_0.jpg,fd957e5edeab369199cc5e3acd42354d4ce586a5ee5f53e6d94e736e2f39c6f9,fd957e5edeab369199cc5e3acd42354d4ce586a5ee5f53e6d94e736e2f39c6f9,581a10d987544a4a57cce5c55f47d41f6065129865819b6ce761a6661540367d,1,1,1,0
368,125_0.jpg,715f294765865ceee4e663326cc6ee37045c53cdaabdf310c925d622739c20fc,715f294765865ceee4e663326cc6ee37045c53cdaabdf310c925d622739c20fc,1f2a810d02e94c79a0188b3ff2bfa0e77a1a922abc8372970f66fddd7838809e,1,1,1,0
369,126_0.jpg,ea72aeaafd27c77088df5b0c60e4261eb262b32d790349113e742c1aa1f21bf9,ea72aeaafd27c77088df5b0c60e4261eb262b32d790349113e742c1aa1f21bf9,253a831edbda9910f6b847eeeffa5435eb4822131058949d71624799f5028809,1,1,1,0
370,126_1.jpg,80833ce6a0d6fc6537d5a03f32bd2236213e6077899930482c4e6850ccead367,80833ce6a0d6fc6537d5a03f32bd2236213e6077899930482c4e6850ccead367,c8b86226ab4cf9ad5d31a379385f291b97b3cc286b4f31a0a5eca4eb78d5d7d7,1,1,1,0
371,127_0.jpg,ab053159a341aacb9713d8d502905a98b216e89a970b93f2ae4ca1553bd347e2,ab053159a341aacb9713d8d502905a98b216e89a970b93f2ae4ca1553bd347e2,22f0a33c70fca313202260279d6788b75a37a429ac398ee2b00f5baa9820520a,1,1,1,0
372,128_0.jpg,b65ea28cfea0e47b36d11c54c2a5cbd8c1ba7aadd9f99060538d91d34114adb3,b65ea28cfea0e47b36d11c54c2a5cbd8c1ba7aadd9f99060538d91d34114adb3,b99dc77359b9cc502b4305ba54619be4c260253f0a595fc1a951ee7504f64927,1,1,1,0
373,129_0.jpg,1f198f77627dd16b11c835bf740c4761cfc00fd4dcc422ee388352261612dac6,1f198f77627dd16b11c835bf740c4761cfc00fd4dcc422ee388352261612dac6,6902382be91f78528011d32845e58761ff20048d0bbf70c3c39f7655d28eb2ad,1,1,1,0
374,129_1.jpg,83a3b9e2942cb0ddc87db19cddb95328c7ffb29c38168b70cf9a27db1f503cde,83a3b9e2942cb0ddc87db19cddb95328c7ffb29c38168b70cf9a27db1f503cde,d01e7e936f7c633a0c9cb86ac235302d41a98d526acb23393aacbff933e4bdfe,1,1,1,0
375,129_2.jpg,b08066fe1ac622d6bbd77672c2eb13999283bb3db8b9ba1b4eacd3d2cc44d63b,b08066fe1ac622d6bbd77672c2eb13999283bb3db8b9ba1b4eacd3d2cc44d63b,3792598bf9c559eeba416609860edf9bb25976f609718f956f2162d336e3c29b,1,1,1,0
376,130_0.jpg,4f0923c970ccda19f977c704f2ba7ce29121b9d00a66716b15d6321884818a14,4f0923c970ccda19f977c704f2ba7ce29121b9d00a66716b15d6321884818a14,c1a5b3c5dc44d0c131e81dad8a9395770a811e1031865974709be640b285e773,1,1,1,0
377,131_0.jpg,d1c09976133bbbffb7bea421f35f52ec06abb4bcf24ea1485a4af342b1805bdf,d1c09976133bbbffb7bea421f35f52ec06abb4bcf24ea1485a4af342b1805bdf,ea69983214b2d665e49a09ac674692d0c10f6952946c7bb3503a88640fae85f0,1,1,1,0
378,132_0.jpg,bf41fe539a2902642558f8114f14408809cf3bac9df07da56db85836c5d5fbf2,bf41fe539a2902642558f8114f14408809cf3bac9df07da56db85836c5d5fbf2,dc1c2c838997c4ca8e2f206a13ef55d9d29a76e3ab97e24f6766555694823d86,1,1,1,0
379,132_1.jpg,02a5d2031303db8faa0a1c2f8fc0091bf8b50192c1a2f031905880ccda20a66f,02a5d2031303db8faa0a1c2f8fc0091bf8b50192c1a2f031905880ccda20a66f,4588c741604b0658c83b52047a72b852e5c0f986fe8a21f36d6e575aa8a63a94,1,1,1,0
380,133_0.jpg,cd064bcce233b1d0051492e4d804d9e3d39075b825a79866de7baf8a405863d0,cd064bcce233b1d0051492e4d804d9e3d39075b825a79866de7baf8a405863d0,c23f963a78fe338543755b9251215bb6430053de0223ad67b26026af0de68eed,1,1,1,0
381,134_0.jpg,e8cd68c17f50487d17e7b6eca500fccd29096b80db4bb85b177910afadcba054,e8cd68c17f50487d17e7b6eca500fccd29096b80db4bb85b177910afadcba054,f4a8a32d59bf90ace266e791904e1b8c9df7ca6f040844fa2f0f8a6670225a93,1,1,1,0
382,134_1.jpg,da5d5c5740c81cadababc52ca25dad528f16c7ade4f9226c35b2ee1b0926393b,da5d5c5740c81cadababc52ca25dad528f16c7ade4f9226c35b2ee1b0926393b,7adb2b81f1dc43fe790237e16224f776de2eba41f009dd2fb9ba864882b30ec6,1,1,1,0
383,135_0.jpg,526b008daf94e2072e343c42595e1b5d5f30ab8d206e91295eb9b2f881dbaed6,526b008daf94e2072e343c42595e1b5d5f30ab8d206e91295eb9b2f881dbaed6,9b7074681df3c26f0b78970456bf1fd1fd44565718605e196d5726cbf285f68f,1,1,1,0
384,135_1.jpg,db09510042bd2041a78a61b39f29288fd2dfd0e718c454664e933232ec6a56bf,db09510042bd2041a78a61b39f29288fd2dfd0e718c454664e933232ec6a56bf,038fbb2dafdf5d1b64d7a1dc9fac90dfe63e5ddd1ab712a152394b0bb562f2ca,1,1,1,0
385,135_2.jpg,ef199440f04213c0eb37ba5020196e1e12a905ec96c395d0d6ca31bd4c61572a,ef199440f04213c0eb37ba5020196e1e12a905ec96c395d0d6ca31bd4c61572a,bdffa1082ec9d1d2a022839951af0170d53c2033cbc7ebd273011aac4ce23444,1,1,1,0
386,135_3.jpg,81a109336da08a9022d82706e404ee14c3110a6b8ec7456bb2ac3a37314b9adf,81a109336da08a9022d82706e404ee14c3110a6b8ec7456bb2ac3a37314b9adf,9a6fe9c5556d3ac28d02d72c669d86c684301d65141919a6f3c73125a898d59d,1,1,1,0
387,135_4.jpg,bb10d869d68e68afb5cfd422a497ada75f1d28f5715a4227fc0850eacf236b3f,bb10d869d68e68afb5cfd422a497ada75f1d28f5715a4227fc0850eacf236b3f,b184a1ab7d92850c350850854ce9cd013f7affa9304f757c6a53de37bd172cc5,1,1,1,0
388,136_0.jpg,e095ae3ba323c1af29fb03a253bc319167e44c8ab64f744465bfc54b7b4c09f5,e095ae3ba323c1af29fb03a253bc319167e44c8ab64f744465bfc54b7b4c09f5,ac96cb4134ba11ab017a21ba174329f7d9711c61af9adac189205580fe48f9ee,1,1,1,0
389,136_1.jpg,8effd830ae9813df6bc62ef89a2c99a9832405e7af24ce7270ad924d92936523,8effd830ae9813df6bc62ef89a2c99a9832405e7af24ce7270ad924d92936523,f00c993646162567ce334cef8d2df000e4de1c79660b8c9f96b78ae0a8a3122d,1,1,1,0
390,137_0.jpg,10d2e1160973b8b576bcbd8636dbb68a272e1edeb7ef14f002fb275c71a0085b,10d2e1160973b8b576bcbd8636dbb68a272e1edeb7ef14f002fb275c71a0085b,2a7beace91450009a0f36771fa328793c1605bb95655c6daf9583ce4dac5643f,1,1,1,0
391,138_0.jpg,3ef3a08606247ceea8a96d6df927cb85bf8a560a2f0de6d973e551409f174989,3ef3a08606247ceea8a96d6df927cb85bf8a560a2f0de6d973e551409f174989,206aa2244d2638d9b9e93b29263c4072f3337cd693c942c209d34215447caf7f,1,1,1,0
392,138_1.jpg,bd360030da35e7ee4658244cdc23ccd11e68e4e88618c21b3e64160370cde0b0,bd360030da35e7ee4658244cdc23ccd11e68e4e88618c21b3e64160370cde0b0,67cb3458a99243074e4349a6e760bd742311ea38eee5416c27ad197f50844d51,1,1,1,0
393,138_2.jpg,7178275b264c35f6388a8ce47405680b5b0d4313d5dbeb71faacb48231739d71,7178275b264c35f6388a8ce47405680b5b0d4313d5dbeb71faacb48231739d71,539fcf789d85405a79f6f84a915471819467d6f44afeff26c2cbd77561f95867,1,1,1,0
394,139_0.jpg,6fb686e87f6d2807517489ad2a995a011ec11f81cd85209c90dcd120de8645c9,6fb686e87f6d2807517489ad2a995a011ec11f81cd85209c90dcd120de8645c9,63b27ac04a8e3994577c4309fe12825913c70485f06932f9f45e56ab1482d957,1,1,1,0
395,139_1.jpg,703533d5e6a78f410e7a34c65d6c5fc0e84e5dabee33b066f137878bafc7164e,703533d5e6a78f410e7a34c65d6c5fc0e84e5dabee33b066f137878bafc7164e,0718c0eb772a77bef7ea2f87529bc02270f7fd4fd5ccbba64f9f4f49f5a9a5fe,1,1,1,0
396,139_2.jpg,8c81d4564c2be5bf7309b9a7e4102b05ee21e8cf7bccfd402fd018ade33d4efd,8c81d4564c2be5bf7309b9a7e4102b05ee21e8cf7bccfd402fd018ade33d4efd,d468febd04aa18a51a3dabcd662e537a6cc09f8959bed42dba5f5ae25743d1c6,1,1,1,0
397,140_0.jpg,1cd904cfd4ccfebead8b92b5bbc01c6b401b5309f1a439cf086547de9f669f24,1cd904cfd4ccfebead8b92b5bbc01c6b401b5309f1a439cf086547de9f669f24,d8a0824e55ab9cd5f474ba2f2bda0fbc079a7f90658fc4a207b90d798c88df5f,1,1,1,0
398,140_1.jpg,d6b56b578acf7f1145a1a5abac8cbe3b3092914209d2d97fc2a04ad41c6cf0b2,d6b56b578acf7f1145a1a5abac8cbe3b3092914209d2d97fc2a04ad41c6cf0b2,c3346806df12d086855562c300db9d2ff93c02a642018d02ed303071f76b7886,1,1,1,0
399,140_2.jpg,75639c7d03a58124c04df73b68465eb771bd7c2db7f4bb03896ae51aacae59c1,75639c7d03a58124c04df73b68465eb771bd7c2db7f4bb03896ae51aacae59c1,67aa0f854c8bbb3d73ec35f47a9c8720b64d9e335cdda319ac7b57fce9ff56f1,1,1,1,0
400,141_0.jpg,107c7ebddd200409e20e71548b6cb07f1bd701450a735ba90123aa3a3b34e56b,107c7ebddd200409e20e71548b6cb07f1bd701450a735ba90123aa3a3b34e56b,db2ae2122bd8a99bc7aa97ec77fb5566b264eccf4a7422052ebc0283faad4fa3,1,1,1,0
401,141_1.jpg,19783f9fe575c1180b7acd083ac6381296c2664313d68487c7c9b13d291a8729,19783f9fe575c1180b7acd083ac6381296c2664313d68487c7c9b13d291a8729,282e59f1d047e66fa7e124a22eba94f68f651d8f241d10866a13a918030c2bc9,1,1,1,0
402,141_2.jpg,d5c41edcfe7d29dc06f22a46ea23b6adb4d572d5e804f9509d26f5fafb57e4f5,d5c41edcfe7d29dc06f22a46ea23b6adb4d572d5e804f9509d26f5fafb57e4f5,d70121a360a967a5f20a8b1b08c68e42242b976e7c66370203949da4038a40d6,1,1,1,0
403,141_3.jpg,be280dab9b70f539cde840e697d7d4122c0777515ea3731b00106c913bc18c61,be280dab9b70f539cde840e697d7d4122c0777515ea3731b00106c913bc18c61,e6d4b85c4dcb7f8a2876f69d0d07b6d2786bc936fc18f723deec6dbde2af235e,1,1,1,0
404,141_4.jpg,f7714d33b96bd512fca2c656366cfcf84795d013a5488fc861d141470c762bb9,f7714d33b96bd512fca2c656366cfcf84795d013a5488fc861d141470c762bb9,114270dc43b58a40918e53249ba851869d232fd586907f6c87227030f9273ba9,1,1,1,0
405,141_5.jpg,35442f97a4ba0d484e1025f394bdcacb2bf3060a20d8b2544d94472a65545d4c,35442f97a4ba0d484e1025f394bdcacb2bf3060a20d8b2544d94472a65545d4c,cf3cab4e8004cd5fc25b7cee011c8f97db77cf634758ba75aea11d0ebe7cdf58,1,1,1,0
406,141_6.jpg,d9aeda6a3cc577c059371b92da8a590da1cd42f7110fb26b78d0103cb54cc3d3,d9aeda6a3cc577c059371b92da8a590da1cd42f7110fb26b78d0103cb54cc3d3,2330fee80c41e3b4027ae0cb3a1a973219557ce6993d3319f590b24ebd012fca,1,1,1,0
407,142_0.jpg,826935f1ef69d8d1f90e7416e864711ba0e50324b94a684aff17205256e559a8,826935f1ef69d8d1f90e7416e864711ba0e50324b94a684aff17205256e559a8,079eb85a956864350ca184a4541b7e51653c8cf9763944f6a263951daf2a5a32,1,1,1,0
408,143_0.jpg,3dcfda082b5028d959012e028bdd366d88d1a17354d0064bd03d239b324e7134,3dcfda082b5028d959012e028bdd366d88d1a17354d0064bd03d239b324e7134,442e23b4b17553ae6afd9d5ebfc1fb0675632c6348478b576b0b96ffdd401d62,1,1,1,0
409,143_1.jpg,15dcdcf9bceb948758dfbd99196c34caf5a3f70859a25fc686a15f54bad50f45,15dcdcf9bceb948758dfbd99196c34caf5a3f70859a25fc686a15f54bad50f45,81baada5e0b1712f12d6c35b7f38cea5af3655fb90746421854ccd4ed8ce92f3,1,1,1,0
410,143_2.jpg,1ff61ad27418cb0280a29b69b776e1c5d41a276dac8547086edf830f81e6e033,1ff61ad27418cb0280a29b69b776e1c5d41a276dac8547086edf830f81e6e033,bf66838995a46d153f1cd77428a595aa9f4e4f66558384154e40f3fb3abfd6db,1,1,1,0
411,143_3.jpg,98382b9a5d51a01909934d805c15e64a63e85b937d83e1deb29e954e0c5496f1,98382b9a5d51a01909934d805c15e64a63e85b937d83e1deb29e954e0c5496f1,e3349487271a975ea0aa887d2653f06f0c127796caffa3ee602541f81d5c0c3f,1,1,1,0
412,143_4.jpg,3ba52c9f2e603614213fbf25e843db4cb66b489ca5590c47641f84462b33fe69,3ba52c9f2e603614213fbf25e843db4cb66b489ca5590c47641f84462b33fe69,408d5c6394a0779190d0845bf48597bf70b9171091cbdbb50c2eec9fff5f7be1,1,1,1,0
413,144_0.jpg,7f608287d6d31bf1407af1311cdc389fac0e8c39f0be6aaad4d2e22d66218315,7f608287d6d31bf1407af1311cdc389fac0e8c39f0be6aaad4d2e22d66218315,eaeb9e5ac1265ac68315ca0b60e9d2bd17d201651dc4eb3c7b5a556e93431069,1,1,1,0
414,144_1.jpg,3f7b2013ced94d0a8097ddb0113ef24bf8e95afb9ab09d6f451b5ac35e26de3f,3f7b2013ced94d0a8097ddb0113ef24bf8e95afb9ab09d6f451b5ac35e26de3f,b2be85a175f39946dce958da597b2f43f79243a3671a2b37a5abdda07709b9d8,1,1,1,0
415,144_2.jpg,d90e77ada41d5891c414cb4608dd1acde0ae77e17465a7e410f601c85de25272,d90e77ada41d5891c414cb4608dd1acde0ae77e17465a7e410f601c85de25272,9116582d523510cb42ce4c2b8dd9fc72b8a25f92f14cbd8109b5afb79966d719,1,1,1,0
416,144_3.jpg,8d87b28a5c4c24decdd53999c32bf8e543c8b26879a7c350d5a53015895ae5eb,8d87b28a5c4c24decdd53999c32bf8e543c8b26879a7c350d5a53015895ae5eb,0df740eab4fceaa6cf41971294bb9612a57087ad66d149aac42ab1027e4fde3e,1,1,1,0
417,145_0.jpg,5553f1004958320641ea7e8a6e14808a44aae03d19947e972f66c4b14a9c8e8f,5553f1004958320641ea7e8a6e14808a44aae03d19947e972f66c4b14a9c8e8f,7d7fda225d044b90467beda7d202251e0442701c73e4b51baacbbd59bc1f0fb1,1,1,1,0
418,145_1.jpg,c0302e25aebe81bc4c8b0e6ff8a3f6815619637dbd88c3a53c27c3692f4805dd,c0302e25aebe81bc4c8b0e6ff8a3f6815619637dbd88c3a53c27c3692f4805dd,a9bbaa0382aea0fcf493af2d13c8289ddc30c794bb82e57db63afcab0972b6ad,1,1,1,0
419,145_2.jpg,2763e9798c4911c262a95a80c94f9c9d4d2d39737aadc94489e727f3dbbad38d,2763e9798c4911c262a95a80c94f9c9d4d2d39737aadc94489e727f3dbbad38d,685f1942d2427e45d535df2a26f25206143a9335461a0166d15a8d08b89cc980,1,1,1,0
420,146_0.jpg,2d282db285882e6ad0dd5bf93f3a9187b94cae45e142438d751ef9308687d350,2d282db285882e6ad0dd5bf93f3a9187b94cae45e142438d751ef9308687d350,278d8161970996d57f3a43bd3f3df40eba95836221dadb615808b5a80d50e285,1,1,1,0
421,147_0.jpg,2fb8ee0cb5e108a01d4d4b3bd40ae5671210991f38c2e5d3cb66f435726dcb76,2fb8ee0cb5e108a01d4d4b3bd40ae5671210991f38c2e5d3cb66f435726dcb76,5ce757fd6929d4bfe98da4f40dfdb591253ec2dc1238e95ffdd6dbeb57940a11,1,1,1,0
422,147_1.jpg,244853e97836f9174e695f1edad489267ac8ff1f2879b5a6784898a200bf5670,244853e97836f9174e695f1edad489267ac8ff1f2879b5a6784898a200bf5670,bb0545ae0266858927d93220e54491c89b94d3f6721013aad6561f6c49708c73,1,1,1,0
423,148_0.jpg,b9e7c71ed1e4d76470696041d5cdb5f4e0cd429267aa27566bbbca3a4152dcc8,b9e7c71ed1e4d76470696041d5cdb5f4e0cd429267aa27566bbbca3a4152dcc8,9b223baaa088f7a821fb97d4a35ce77ca78344560f64009971a55c0a63265925,1,1,1,0
424,148_1.jpg,b9e7c71ed1e4d76470696041d5cdb5f4e0cd429267aa27566bbbca3a4152dcc8,b9e7c71ed1e4d76470696041d5cdb5f4e0cd429267aa27566bbbca3a4152dcc8,9b223baaa088f7a821fb97d4a35ce77ca78344560f64009971a55c0a63265925,1,1,1,0
425,148_2.jpg,78ca86d9d9ce64c3d94d5ef3da187658b88733cb86726c3ae3895a8e2252326c,78ca86d9d9ce64c3d94d5ef3da187658b88733cb86726c3ae3895a8e2252326c,931b2bfb65c53160dc314b025551002b2079d773a7bd059782790f492c608d33,1,1,1,0
426,148_3.jpg,b4564ae83d81360df8e941f479a602a7fda4570d492f78a225b3c758ef239023,b4564ae83d81360df8e941f479a602a7fda4570d492f78a225b3c758ef239023,51e6ccfa9cd8b26a710cb5c8b1a55ab63daa4d633bed8ba8fe01875a7583ec6d,1,1,1,0
427,149_0.jpg,d326e59fafe08e054e733c01a160310da03debe251c598e40051129a0c9d8275,d326e59fafe08e054e733c01a160310da03debe251c598e40051129a0c9d8275,31c3e2216a853d2d94bd5fbb71f871d44c0558d0c942ba7d5de454cf4059a7a8,1,1,1,0
428,150_0.jpg,dd4c2af77cb77adae96f88d8a180b5069df1e8fe05c5daa28bd08874af00e2fc,dd4c2af77cb77adae96f88d8a180b5069df1e8fe05c5daa28bd08874af00e2fc,3e1a5c4ff9fe84e04a65cb666bcec981a4d30e277f9ffcf56e6bf4553417c8b2,1,1,1,0
429,150_1.jpg,51632445c5a95a50695ea8f3055fb65fde330b0f8ac46b4e444fc5166c22db3e,51632445c5a95a50695ea8f3055fb65fde330b0f8ac46b4e444fc5166c22db3e,d20495ed15e35d258f3de21f38fdaaa0205b964f94c22c8fb98b178bff566b1a,1,1,1,0
430,150_2.jpg,8708c0bf45ec43e9ad2718c39ec5dfc19986db18297fcd99603f4f703093cc97,8708c0bf45ec43e9ad2718c39ec5dfc19986db18297fcd99603f4f703093cc97,60332f5bbc55e40a47f554758e215a33f8e5f9af619ab43e58573e12b2346305,1,1,1,0
431,150_3.jpg,6c59da6f2e6ec00bb24d853ddcee08f095a237cdb537e86905325f4ccb2798b1,6c59da6f2e6ec00bb24d853ddcee08f095a237cdb537e86905325f4ccb2798b1,dcf2280e9ba5c0aed6f88492fd3af94bd97d7419967b5851830172b82f26551d,1,1,1,0
432,150_4.jpg,9c46ff12c9b9dfed7c8ed7f605de364326afe98f441518bc2072913df4ae4429,9c46ff12c9b9dfed7c8ed7f605de364326afe98f441518bc2072913df4ae4429,921378627eb5359239cce5e3bc0cf601f2405e3b61fdb1d514a9f2858aea242b,1,1,1,0
433,150_5.jpg,744ae58673775ad02969dbd6a28aa435f1ba7eef825633826fff8fa4620aa477,744ae58673775ad02969dbd6a28aa435f1ba7eef825633826fff8fa4620aa477,d6c7fbb6548b19331dbcf2f2c178fb3202f8590116f2bcf101d0149543d1c3d2,1,1,1,0
434,150_6.jpg,8dce0db7ceb9332f851af36da2ba03cb05f83f1a956890ad053b28cdbcbaa271,8dce0db7ceb9332f851af36da2ba03cb05f83f1a956890ad053b28cdbcbaa271,cb6fd97cd066e9d6a0273d8b8dd02f7315e34a546c0023c8182e5480617f28cd,1,1,1,0
435,150_7.jpg,801dbb39665fde13511b135ae218f3d031c26d4875ce826a150e5a9496d0e8ab,801dbb39665fde13511b135ae218f3d031c26d4875ce826a150e5a9496d0e8ab,3f6a24ba6891569549dd44060949648cf657e37aaa9cb1e3806337907c4fd9be,1,1,1,0
436,150_8.jpg,0cae05d3326b22f1e3e6c75b70d474effca25d053edb0bcf2cd585965199693a,0cae05d3326b22f1e3e6c75b70d474effca25d053edb0bcf2cd585965199693a,977b23830faf9f2dcde18879bd89acf4d6e8e2f0165bb7d062f3b4dd2bee7c08,1,1,1,0
437,150_9.jpg,e2ceaaae97569316ebf7d0475dc9397259d3c021215276a409b9a5b1c3bffc46,e2ceaaae97569316ebf7d0475dc9397259d3c021215276a409b9a5b1c3bffc46,6eb7451c263816d4e5475d2e7e83676a704b4c2e6c72dbebd01edc07326493b6,1,1,1,0
438,150_10.jpg,7f407a6c5be290c3fefd2bb6e2306a0e9a18ca8d2acbde718d063f8d180be8c9,7f407a6c5be290c3fefd2bb6e2306a0e9a18ca8d2acbde718d063f8d180be8c9,dbf31bc082304d2ebf52d529927f1dec6406082ab8bf4c24c18a6b8b037269c1,1,1,1,0
439,150_11.jpg,0fa73ad846a38d739cb0bafacd1716b81f39fca7f33244b161d0e58e1eb57fea,0fa73ad846a38d739cb0bafacd1716b81f39fca7f33244b161d0e58e1eb57fea,13c648e47ffcef835443c3f63cfaf922792ffdfa482e2d625a58c4d8389f7f84,1,1,1,0
440,150_12.jpg,4b3005c4e8182fbd039207c9d35d6c13d742d9fed40fcfdb5c3b2408db09182c,4b3005c4e8182fbd039207c9d35d6c13d742d9fed40fcfdb5c3b2408db09182c,58aa16550626447b3a0d59c7009e48aac58df282ab1585c2eb519d63be76ea82,1,1,1,0
441,150_13.jpg,10ef498bd3f882318397370489d989af7cb06c02f46d51a76a213f3b55f4a8ca,10ef498bd3f882318397370489d989af7cb06c02f46d51a76a213f3b55f4a8ca,1e4993fa3a09d45b2645960f6683090ad074d262d99667da7c80eca33951c02a,1,1,1,0
442,151_0.jpg,18dcd52b25b870ebe0c96d25e1049f98455e391d304fdc44198ea11213300968,18dcd52b25b870ebe0c96d25e1049f98455e391d304fdc44198ea11213300968,a4869298a5bc1bcd2095f97a8c2f3c459c958a9a5bacd410f844cd874f4e671b,1,1,1,0
443,151_1.jpg,ee5e1b1e65f4fcc4cfef8c69fa056f41711bbf8374b63a28676a8aae449be1c4,ee5e1b1e65f4fcc4cfef8c69fa056f41711bbf8374b63a28676a8aae449be1c4,59f6d7b4c2d9b582bfdd958b597136cd0b3e07cd0027f258ab2229a521398055,1,1,1,0
444,151_2.jpg,ad0bb42ae1e023c644d7466a0b089f5c7ca0782c8cb72805520d28940a7410bb,ad0bb42ae1e023c644d7466a0b089f5c7ca0782c8cb72805520d28940a7410bb,4c17fceca0a296d9fdefc7c4f2717ac58ae3e64d791a39e8de68b90e5fad6744,1,1,1,0
445,151_3.jpg,1c7428ffb7c3ee94682b22f60e8fa828d9a0e4a4a7ac7a94a884d1a89ada5351,1c7428ffb7c3ee94682b22f60e8fa828d9a0e4a4a7ac7a94a884d1a89ada5351,1b01c11b14c5143bdb04dedfe89021d77bcd1b8982e672ca2d6356c3d6dd3a64,1,1,1,0
446,151_4.jpg,b04123f3b623df8daf4260a117fece20f018ddf87da71e7ecdaffa31395929fc,b04123f3b623df8daf4260a117fece20f018ddf87da71e7ecdaffa31395929fc,f146c85f6a3e19bf4f713938efd75b505e6cf5ed0de25b15e3e7e4d15d1cbc4f,1,1,1,0
447,152_0.jpg,930eef0c5e65b4df1f4f20f790da5cc83c8255d42378869b55d7451037acfa07,930eef0c5e65b4df1f4f20f790da5cc83c8255d42378869b55d7451037acfa07,3f61de39178b0f354a1e27b2602671f7e602ab9ecece901fc26954ac8a7b1bad,1,1,1,0
448,153_0.jpg,be29116cb6df3b6b26d1cda1116769fcd8a4510bf5969e86eb9cf96cbf1d2151,be29116cb6df3b6b26d1cda1116769fcd8a4510bf5969e86eb9cf96cbf1d2151,42a69575c974e700f8565b56167b5066f37a60f174d61153762f10e73cdbbf40,1,1,1,0
449,153_1.jpg,b61b2fb9de6e7f041b955c8359b82347cfe92063c75b3a0234c90686980996b2,b61b2fb9de6e7f041b955c8359b82347cfe92063c75b3a0234c90686980996b2,ff8e8b714bd268a7cc7488951e1627c04fa59a5afcbf518e78022acfaf15086e,1,1,1,0
450,153_2.jpg,4da22405ec7956efc3479969a5fb4065e8d593534aae1ecd8fc36b5bd4e55bee,4da22405ec7956efc3479969a5fb4065e8d593534aae1ecd8fc36b5bd4e55bee,b9eb70fee19ff413a2fe9f051db995f86ef019b7ba3cdc15e7fb083fa7c095c4,1,1,1,0
451,153_3.jpg,5a545d74b126aba061edeba541f150730ef1fb48f6769cd9f6d43d98ad65ffd0,5a545d74b126aba061edeba541f150730ef1fb48f6769cd9f6d43d98ad65ffd0,e8338bbabaea75222e4c0ba10dc284b181f33bda0a4a49c36eec3d5b1020e6a3,1,1,1,0
452,154_0.jpg,570d61ac0855afe3c0de8fcef15f803e4153ae08f10a703d095e5680eb327d02,570d61ac0855afe3c0de8fcef15f803e4153ae08f10a703d095e5680eb327d02,329f51d5edd13b8f19adb2f6df51a01695260e41d82b40ef5f1086b3928beaec,1,1,1,0
453,154_1.jpg,9aaf6b455c578da9768f2058aed3e3a5e3fc9aa6297a249df1073ddefb341402,9aaf6b455c578da9768f2058aed3e3a5e3fc9aa6297a249df1073ddefb341402,95e2a7aea6420b63242c4bc65a8272232bdbf0579b5fb11bc1bf6bfdea30cb8f,1,1,1,0
454,154_2.jpg,ac447e738eee9da81f3a18d095b9e318fda6594181bdaf501aa7763537d43c6b,ac447e738eee9da81f3a18d095b9e318fda6594181bdaf501aa7763537d43c6b,c0e2535e30c1af740778731bb316d034ec03132fdf5688151dcc49e0cbdc9db6,1,1,1,0
455,154_3.jpg,11cb526eeb12624a089f40fd9de815ddb52a46f95fc8e3abe5139eeacf04def9,11cb526eeb12624a089f40fd9de815ddb52a46f95fc8e3abe5139eeacf04def9,6d94f4838b52cce2a64219a0b2ec10b09d0e56a3687127938d30e7df6b08e195,1,1,1,0
456,154_4.jpg,e846d2a3f84bdc3d0eee573d408d90fccdf920ac0115dca0b849413e1d84fc92,e846d2a3f84bdc3d0eee573d408d90fccdf920ac0115dca0b849413e1d84fc92,e6f1feb97f51aaa6fa625b60f5a8d9aa9a79f5e215cd81bf80690b206e5e58c6,1,1,1,0
457,154_5.jpg,88c05f71ac07c5f8a9e11a2d2ac5113f8fd6e30dc4a8333b431f14c3b61a5afa,88c05f71ac07c5f8a9e11a2d2ac5113f8fd6e30dc4a8333b431f14c3b61a5afa,b0f3254422f8ac37eb03a6d292140a70176c9647e73c44b467e66afdb7dd0cd3,1,1,1,0
458,155_0.jpg,ac8564954abe6a3e83f054625d490379efb4f0493f479b8548c88eb2b8f1311f,ac8564954abe6a3e83f054625d490379efb4f0493f479b8548c88eb2b8f1311f,fdb78bee922bf6c0be9d7fbb1005a0641660d5f77cfcfed38aaeac961837002f,1,1,1,0
459,155_1.jpg,6f0f030188f59a97d4e8e6c128a724f59b576abadf1f78a939ccd9295b78a91a,6f0f030188f59a97d4e8e6c128a724f59b576abadf1f78a939ccd9295b78a91a,48011032325c678dfdf0428afdf030b04ea1f3ea00ad4a1f400a96f786aa8428,1,1,1,0
460,155_2.jpg,c4fc03ef24c3b36afdd3fb87df86c7d0f031aee40b20c64ea0a2d261af44e80a,c4fc03ef24c3b36afdd3fb87df86c7d0f031aee40b20c64ea0a2d261af44e80a,d52aa401e7bea8247133c0a9d2e4befe4c3ad37c8448d6f69cb94dbb739b1306,1,1,1,0
461,155_3.jpg,c9b20dcf3162f139ad93b8e3df37a091ed649e2ca31f1134c9d9a8be6f131dc9,c9b20dcf3162f139ad93b8e3df37a091ed649e2ca31f1134c9d9a8be6f131dc9,25154b66fd82477af498ee4a9642518dec1cb92181c2ff34c3ca6452c2b20bd6,1,1,1,0
462,156_0.jpg,24f09a64323479f222925afcba328778f096a061ddfe023d26bce502c04d059b,24f09a64323479f222925afcba328778f096a061ddfe023d26bce502c04d059b,950a3ce164b09987bbf5fe681ad7d9a31846382db2fb4ba777ec23359862a563,1,1,1,0
463,157_0.jpg,73b1009b647f57ef4e7095fb8439d2c229867cd92f71ccfaa647288b3317f47f,73b1009b647f57ef4e7095fb8439d2c229867cd92f71ccfaa647288b3317f47f,b9c0c1f2f9612d701fca86249804bfda467dd0ebc508516f067de66fa0be2822,1,1,1,0
464,157_1.jpg,6212538954298b0ef76471cadfda6c944e1ae451e0acb66505042028c9a0fb83,6212538954298b0ef76471cadfda6c944e1ae451e0acb66505042028c9a0fb83,3d6e2891b58dd05db4359bd743651a1774ff13a0ac469a43f6289e6536121c79,1,1,1,0
465,157_2.jpg,b762b3dba1bb857ce5c4860af9eb3bd8278a2d8f60edb8c5c7c51e02c622312a,b762b3dba1bb857ce5c4860af9eb3bd8278a2d8f60edb8c5c7c51e02c622312a,cea513b84a6bb64e648ef221965086db67ac647d7db73141fefa91e8456f0f67,1,1,1,0
466,157_3.jpg,9b0ac974f949c6bf6611a4e8b87a91740be2d44b78e2e89054d8f6ce9b433fde,9b0ac974f949c6bf6611a4e8b87a91740be2d44b78e2e89054d8f6ce9b433fde,982aa41428e24bedb93c5f8d6beeac39baec5684318e74dd8b3db2df34c8f545,1,1,1,0
467,158_0.jpg,ff1681fe7784d76178a24466befbb9db6ecd4475430495e2f50aaf53b241237c,ff1681fe7784d76178a24466befbb9db6ecd4475430495e2f50aaf53b241237c,f6d5b2254eb5d84c3042fc1f5c1160a202456a0242f5e54e0e6a6f8d43699ba6,1,1,1,0
468,158_1.jpg,747d611ec46f08ee509183229f8f4f2d8ff88895043f959b8e47b6c42d5608c0,747d611ec46f08ee509183229f8f4f2d8ff88895043f959b8e47b6c42d5608c0,9272093b41ed41f9c303cec55e30571e459621432aed1dcf62e3cfb795739b12,1,1,1,0
469,159_0.jpg,163778e9d48b8dbd4bc3147908bd8506cbf9559662a1a17c7a3b85567f677473,163778e9d48b8dbd4bc3147908bd8506cbf9559662a1a17c7a3b85567f677473,1769dc84d52f6663e75a3aec8e9c69537b099df40d0bcd47dde6930036cd6ff3,1,1,1,0
470,159_1.jpg,461283b31e464dd4b8595b1650117acf259468e64a0af5dffb2e110c4b36fbac,461283b31e464dd4b8595b1650117acf259468e64a0af5dffb2e110c4b36fbac,1fdf6da7c3d8015715876abbcd13bf60ccf7512d2be9020c7c9a0be10831fe0b,1,1,1,0
471,160_0.jpg,659b76880729a6b5ed648c10adfb39c0c0d8dcb955f72649e39bb257aa07b9e3,659b76880729a6b5ed648c10adfb39c0c0d8dcb955f72649e39bb257aa07b9e3,38a54715466220a3efda427595fe3690872556d9c4c40c311295f94908770335,1,1,1,0
472,160_1.jpg,b61e98b750271a0f6d87d9c98d82e6dd95af91cff30786ffcb3f651edceb5820,b61e98b750271a0f6d87d9c98d82e6dd95af91cff30786ffcb3f651edceb5820,4f83cb214e684834276d97ae69c4ab85a2e7c42bd5b9fd8a0453a4e635976c37,1,1,1,0
473,161_0.jpg,dbc6681e3c42331b660e5935f4378dc90bf57ce1165f30d9a7f04bfb8707b115,dbc6681e3c42331b660e5935f4378dc90bf57ce1165f30d9a7f04bfb8707b115,77697c668a584f6a51ca8b4d961cf3556b1569c8468bf66d35ed305f216ca42b,1,1,1,0
474,162_0.jpg,9d010b2640df44061a723e293ad4c5bd6195e4386c08d209df08a3085dd8901e,9d010b2640df44061a723e293ad4c5bd6195e4386c08d209df08a3085dd8901e,def9c73bf58e901ae84d9ad00bac7e9241c4ae0a540703060478ee2b830c9097,1,1,1,0
475,162_1.jpg,b05a014b8e35667a5ac2dc30ff0f68c723ebe038810beb758e0bd8a25f6136e1,b05a014b8e35667a5ac2dc30ff0f68c723ebe038810beb758e0bd8a25f6136e1,29d3f8303a002d392f81fa4f66b229e4df2f7582411a8e29ed3f324de7b6b57b,1,1,1,0
476,163_0.jpg,52ca7d12e6df576bccf3ec8fd94273cbe1d8983fca5ce1bbb2da676716f5ac36,52ca7d12e6df576bccf3ec8fd94273cbe1d8983fca5ce1bbb2da676716f5ac36,e4a5dde5bb7dd07bcafbe355b21c14160b025fc9a42b71eb4248c2beb6188b64,1,1,1,0
477,163_1.jpg,df92b503c7edf5731535afc32d81271e786390fd71a30ae4c1c74527fdc61491,df92b503c7edf5731535afc32d81271e786390fd71a30ae4c1c74527fdc61491,4937d3c9dbb59054fb56927c99d50bd79a143503de5cfeca109edf6a63b9c4e0,1,1,1,0
478,163_2.jpg,d5072d51b923452652808a460f795024ee9c89ddfa32d7990a9b677831f5a068,d5072d51b923452652808a460f795024ee9c89ddfa32d7990a9b677831f5a068,d265f6b1fd871294e848d7bcc2c7490a55cbe42bf4d14e53b2d13486b6491dfd,1,1,1,0
479,163_3.jpg,4041d6111d41cfb309ffe2ffe67e3ebdb8a8899c8b4feb2c2a6c967971dbc239,4041d6111d41cfb309ffe2ffe67e3ebdb8a8899c8b4feb2c2a6c967971dbc239,f7bd49eabf303003a26930cf6950a9ad24b8433500f5558a7a3958ca8b9c8b76,1,1,1,0
480,163_4.jpg,18852e83fee1077f76b3bddeb6510b8de7e4cddbb797e5cc1822b934f55313c8,18852e83fee1077f76b3bddeb6510b8de7e4cddbb797e5cc1822b934f55313c8,8f7bf64e5eeb6d47c33005ddeac4af3be887d01f0a2c948efd2e6646a99765fc,1,1,1,0
481,164_0.jpg,3591478d8828d6a976543991c271a2389d2221358a90de16dea342d14075424a,3591478d8828d6a976543991c271a2389d2221358a90de16dea342d14075424a,f3983e008259088708269c4fe77091c43a4f4bd44a0090c5ed8ef6170899088a,1,1,1,0
482,164_1.jpg,894678c1097c8d3abe10dfdc9b02916c49d7dad669a4ca8372a32e930602103d,894678c1097c8d3abe10dfdc9b02916c49d7dad669a4ca8372a32e930602103d,70353bd9036422b212528c8f5a372058e877f38354bd23a999cca2f4c816741a,1,1,1,0
483,164_2.jpg,c9f9ab01e3c5ffdf30d52c7d293fedc2d30071cd1fa9acc6ebebae2cbf858c3e,c9f9ab01e3c5ffdf30d52c7d293fedc2d30071cd1fa9acc6ebebae2cbf858c3e,c9cb44e6e51648b0e610666c78807d1597b9d8d8001cd5184cbcdf426ef4138d,1,1,1,0
484,164_3.jpg,b383c106aacbeae1c87f34b064ec1305fa98b3db38b668f1eeab778e9ed48dfb,b383c106aacbeae1c87f34b064ec1305fa98b3db38b668f1eeab778e9ed48dfb,848aea98d06ece7a249e1f73d68c959d99954cbdd4cdc6100e072e4c81f70061,1,1,1,0
485,165_0.jpg,b047bb28c87113be95cddfe5a60d3bbf92c98f408a6e5683966956ffca5b80fb,b047bb28c87113be95cddfe5a60d3bbf92c98f408a6e5683966956ffca5b80fb,350875adcaad418d6a682c401756e96d8675dabb8a7e66191186d2c1c14af6d8,1,1,1,0
486,165_1.jpg,f104b0662e8060e8a134ca01d68f146d52f1f9374279754ded09018d90d2f52f,f104b0662e8060e8a134ca01d68f146d52f1f9374279754ded09018d90d2f52f,849070dcfd7f1ff73c5eabc1efb62fdff8224eb41a49fd8c9a9e799acd431077,1,1,1,0
487,165_2.jpg,ea64dfae99e52d787960cec939f5d2bc7bf32d65c0dffdaed07fc1626b7ef7a7,ea64dfae99e52d787960cec939f5d2bc7bf32d65c0dffdaed07fc1626b7ef7a7,d420a998d018c945706e15254e26dcdfacbcf98bcb658a974c2ce672256d7865,1,1,1,0
488,166_0.jpg,5f65d80035a9b424561727475c644b24cef4b7193bd758594abbcad30f8744fe,5f65d80035a9b424561727475c644b24cef4b7193bd758594abbcad30f8744fe,db25811d649991cea085b686180887749adfa816811bf8fa1d320c0b4f4695a4,1,1,1,0
489,166_1.jpg,edac87641bfa168543a10b14fb4184062b1e4aaf6a9da8431b9e8f6814371509,edac87641bfa168543a10b14fb4184062b1e4aaf6a9da8431b9e8f6814371509,92cf2d2a34ebc6cb17a36ba2bbc4984f043aabc83eba49c650142953267edd96,1,1,1,0
490,166_2.jpg,325e7f85fa459fbdd9f0bd7a8495aa5abbe56e53b652953799a51574937191fa,325e7f85fa459fbdd9f0bd7a8495aa5abbe56e53b652953799a51574937191fa,0f9227a621de06669033bfaa8263a8200aff8e9dd3cc298424c4c1bef354c541,1,1,1,0
491,167_0.jpg,7ce6b23d570d8e6b0357681279f7c9c7ed10db9d8976f423bea20892dc5304f6,7ce6b23d570d8e6b0357681279f7c9c7ed10db9d8976f423bea20892dc5304f6,d5b023cd48111e5f4799c155afd45dca062db4827e8f2cb18666578b31010e1c,1,1,1,0
492,167_1.jpg,91fc66a628aad7f282421708f36f47fc49d709e7134ebb21bf0e62021327ccaa,91fc66a628aad7f282421708f36f47fc49d709e7134ebb21bf0e62021327ccaa,f1ee691479c78c741bb8f5c5d35591fc169e9c808bbb8e8692d547431a737362,1,1,1,0
493,168_0.jpg,3d2753747f89586140ef831e8cfa71e542c2c90adec5f0423268e8b9d411b594,3d2753747f89586140ef831e8cfa71e542c2c90adec5f0423268e8b9d411b594,323948d1a6e2945cdf6525456c43896dcdbc26c37a77ae16b4bd3c97da4805ff,1,1,1,0
494,168_1.jpg,aabff6f18f6533c027d8c0d24426f0761a5a8c55f74a2c4ab2776f5330775602,aabff6f18f6533c027d8c0d24426f0761a5a8c55f74a2c4ab2776f5330775602,55b888351661d3bfd0ee74cd2b0a1fd0dfb39f86727dd926fe247f8c11b1e951,1,1,1,0
495,168_2.jpg,fb0e9c85cad4c7cef0cfff43e75ad6882502e761fa3fe45894e51ff0d9b49163,fb0e9c85cad4c7cef0cfff43e75ad6882502e761fa3fe45894e51ff0d9b49163,f81721b871c380f3794c0bd2ff045d9b5a2d2230c2be4236aca1c8b84e339cf5,1,1,1,0
496,169_0.jpg,fe89fab54622f7977fea4812728a1a65cb9d8fcc74dabc1594b42a224c1f2c1f,fe89fab54622f7977fea4812728a1a65cb9d8fcc74dabc1594b42a224c1f2c1f,99cbfbda25bb9968a95008b17d3bba2effadec45dbce5a73220b8e47f7c76a6c,1,1,1,0
497,169_1.jpg,4f1c7a63858c3da93d421979db155e98d8b765221a1a8a0594afccefb2154719,4f1c7a63858c3da93d421979db155e98d8b765221a1a8a0594afccefb2154719,c93dc79bbec973f173c8c447b4a844aaaac3a9d466e6d310c0b7c6f0c33f0408,1,1,1,0
498,169_2.jpg,07890fd1e7af9bfe8c7373bea7d888d03c675b8eec3dba8815426ad0d0d72a3d,07890fd1e7af9bfe8c7373bea7d888d03c675b8eec3dba8815426ad0d0d72a3d,e751db13991315c7e643c34889a2739b1a7be0fd143bcb9873afec61b655c01f,1,1,1,0
499,169_3.jpg,d4106e21e262a7cba4d44975792bb0aae6e8f2041e9b3a660743f96a26bcfd6a,d4106e21e262a7cba4d44975792bb0aae6e8f2041e9b3a660743f96a26bcfd6a,3ec296cd84b10e5c0dace01ceb7d1278f5959b78a1b66dcf9de9671d5ec597a5,1,1,1,0
500,170_0.jpg,9a1ae569b051d38b318f7003faccfce530a247fdfe9537257d48deadd9fcd8fe,9a1ae569b051d38b318f7003faccfce530a247fdfe9537257d48deadd9fcd8fe,985571938b2df227203df411c0c0162ae085de1a7f7278407c44354a39cf9847,1,1,1,0
501,170_1.jpg,47e86e25a51f4446efd5c3813acc2b934cfa71be474b300e7efc0df99537abfe,47e86e25a51f4446efd5c3813acc2b934cfa71be474b300e7efc0df99537abfe,cce4e336d6585a807c304b4b89130a17c62ac0ed8af5cf2e5bc65e323acac4a9,1,1,1,0
502,170_2.jpg,c6e4f5bbc5d2fce1cf1dd8dfeaf4032f7af54ec0d8ba6b250f3dd1132c0c2bf3,c6e4f5bbc5d2fce1cf1dd8dfeaf4032f7af54ec0d8ba6b250f3dd1132c0c2bf3,6d9df15c622e8d1d67c0b4b540f4116e80b3b075c7d68eb83fbd26482881eaa6,1,1,1,0
503,170_3.jpg,7ca20b8a54ff872172cda3ba03f19e2ee0e2d447cc593eb2541567b9938518ff,7ca20b8a54ff872172cda3ba03f19e2ee0e2d447cc593eb2541567b9938518ff,00522e44ef88032728c947e78ae85615f92ed062432d839d2250d55c7861b3e8,1,1,1,0
504,170_4.jpg,274a2b87631b61ffc80d109fd30222279e18e6d90b5946182117cc0c2b39a150,274a2b87631b61ffc80d109fd30222279e18e6d90b5946182117cc0c2b39a150,acdfd5c8933c4f9c6ac2dc9c06f1c04d5241f403b7ff39c56d34d6194a699b5f,1,1,1,0
505,170_5.jpg,ef7133e5751a23130693a180aefcd5621ba8c961d10be71bb9a28a78293748b3,ef7133e5751a23130693a180aefcd5621ba8c961d10be71bb9a28a78293748b3,71a5942a8d6db2bb9512a0a056d63797a17f81885a7ec64b184046eece31b28e,1,1,1,0
506,171_0.jpg,d2638f26c9efd3ceab3ced350e75606aa3b699c813f200df393796984d1df6d6,d2638f26c9efd3ceab3ced350e75606aa3b699c813f200df393796984d1df6d6,809da02c88172d244da89b3f441a05d8381d87e134785ca7707e52226b031193,1,1,1,0
507,172_0.jpg,6fdc76c2d799a48cd7d5ce7f0380f5ce842602f0139904fb761a951d85135e28,6fdc76c2d799a48cd7d5ce7f0380f5ce842602f0139904fb761a951d85135e28,df2a5320c23141c200a90fb7e439ecae69fac14521cdb5f245433a551b247f8d,1,1,1,0
508,172_1.jpg,326e1002080369e4acaa792572119fb3c03630ad6cd4c81a96b3d188bee85461,326e1002080369e4acaa792572119fb3c03630ad6cd4c81a96b3d188bee85461,bbe97779aa2636184fa3f71476566319da810ad60b0bdbb58a17c01eb734e63e,1,1,1,0
509,172_2.jpg,ae8bb46b6806c8ce9132fc88a15ea72a38b3cc74ad0203daf3e5b4ef53653745,ae8bb46b6806c8ce9132fc88a15ea72a38b3cc74ad0203daf3e5b4ef53653745,d3d2ce27f9b12196f15d5e5ff383768778d13f0049b70fa204faa07ae4282ff3,1,1,1,0
510,172_3.jpg,f25e62faad4f9af6cf14a6068e3feebe7b319eb8b9661d85e32978e1d93edc27,f25e62faad4f9af6cf14a6068e3feebe7b319eb8b9661d85e32978e1d93edc27,e61b4bc355bf0ec895bda0cf2c756b053c4ea2cf23da7fb66782aa1ad4453eec,1,1,1,0
511,173_0.jpg,3279c5f0d426642343568d14ddd4930e78adcbed20eff18904517f8991b52894,3279c5f0d426642343568d14ddd4930e78adcbed20eff18904517f8991b52894,743d059cfd31affd6dd817ba1b1dabaa8da6845ffae2af17b34700b32b0e1be2,1,1,1,0
512,174_0.jpg,f31d3cd311f4ea6f9d499327d1b6e457e272810506ba1cb0409b8b41e3579d3e,f31d3cd311f4ea6f9d499327d1b6e457e272810506ba1cb0409b8b41e3579d3e,9fc297e958611163ecd1fbdcdb1879ef7c5947cd81870f892db7da93d897e2cb,1,1,1,0
513,175_0.jpg,ba0d0e7a2bbab63a832d6208bd0ab9fbcb86be0650fb65b74bbfc36baabe78ea,ba0d0e7a2bbab63a832d6208bd0ab9fbcb86be0650fb65b74bbfc36baabe78ea,0867f97284f008a03b85dac9e39bff6d47db07b748760a1612cd108a354b6400,1,1,1,0
514,175_1.jpg,3001c685918351c9d5eebf4f3cd0c822b043bf9304440faf1e7031fa8476a0a6,3001c685918351c9d5eebf4f3cd0c822b043bf9304440faf1e7031fa8476a0a6,1ec76b8c7c3e919389bcb82686dee32c099dd39461f35dca3c16e8e8d9e2a029,1,1,1,0
515,176_0.jpg,fed45c4866c26bc555e06fff76fa4a7a7966e1a864e2404adbf074e214bc892a,fed45c4866c26bc555e06fff76fa4a7a7966e1a864e2404adbf074e214bc892a,1c44c1991fc325c117f8c5fc5fad123ca7b80aea49f8308d9c4823a7c132f117,1,1,1,0
516,176_1.jpg,d8738aec34637d9f0bfeba18aea69288465d1d831e91e5aa12e12b58232cb120,d8738aec34637d9f0bfeba18aea69288465d1d831e91e5aa12e12b58232cb120,4add1ef9adaea24f4e5553ee79d50a8de6f6446f99cffa66f3743d46b13e003a,1,1,1,0
517,176_2.jpg,71c847b61f9aae575d2e4b676d595d5e5b4d66050e5e1bd1383f149bb228b8c8,71c847b61f9aae575d2e4b676d595d5e5b4d66050e5e1bd1383f149bb228b8c8,2df7b228d6aa0e40bf5ca66f435a13f27fcdfcac21a3af417c7e9f40d8885bff,1,1,1,0
518,177_0.jpg,9c5cb32efa9a0dcdb88ac74f91f4bd04c8b5419ffcfcfefdf6b92b1b01831813,9c5cb32efa9a0dcdb88ac74f91f4bd04c8b5419ffcfcfefdf6b92b1b01831813,80cfa2194d29ee6fcbbafa555f743a48c9fa444bb6f42cf7257a1a93fd3c44c6,1,1,1,0
519,177_1.jpg,cacc31ce980290a5ee3d1d5d1ddaa6aa23634e892063101d0303287f13389f67,cacc31ce980290a5ee3d1d5d1ddaa6aa23634e892063101d0303287f13389f67,9753942293719f58360206b44c27647a86788bff98dd61c8de7162382daf89c3,1,1,1,0
520,177_2.jpg,47aa1058d710d62122133a37bada5024006bf270db19885b16209baf2b2d91e6,47aa1058d710d62122133a37bada5024006bf270db19885b16209baf2b2d91e6,c00c8c1afcdcd6ebea7ef9cb6e21a515d137ceeb2caa8bd0c09e53493e79ffca,1,1,1,0
521,178_0.jpg,c0e1dc31376e70279b486774dcad80e6533ff7f3e58694a00f9a0bdcca6a9796,c0e1dc31376e70279b486774dcad80e6533ff7f3e58694a00f9a0bdcca6a9796,0fadaed49c499c8f5f88d0d7ecfa15016fba05e73c8a871a9781f26cc639def5,1,1,1,0
522,179_0.jpg,5b5de91672b4fd3e74eb1ba919feb4df99189c66687e66fb82fb7431ec4e7ddd,5b5de91672b4fd3e74eb1ba919feb4df99189c66687e66fb82fb7431ec4e7ddd,f388c4878e5f9d1ef611e0d23d92855dfb2fef0cc5663e866e6d70d7cab7de1a,1,1,1,0
523,179_1.jpg,e9180f30fa45332c3fc5b0d150d04a7ca578abb799af39490dce061b91ea3f7e,e9180f30fa45332c3fc5b0d150d04a7ca578abb799af39490dce061b91ea3f7e,95b749233a1a6cb5997f644c623757714fe30023e350deda0222cdf4386bbbb3,1,1,1,0
524,179_2.jpg,b00a85c3001192ce7972a767e6736870f98fbaa8004ee5ff07ecff8eeb53c669,b00a85c3001192ce7972a767e6736870f98fbaa8004ee5ff07ecff8eeb53c669,4e521ebc94af6d66021e20be97c5181e3f18aa9b2abb22483f9878f2139e211d,1,1,1,0
525,180_0.jpg,56131536e499f7f678527193b774806fb1d119e41b1e9cdd01c1e3cb4805d6c7,56131536e499f7f678527193b774806fb1d119e41b1e9cdd01c1e3cb4805d6c7,6e6e829449c33f4a484b41e4545ef0461a42549f2eb7bfff292be4c0ec851f17,1,1,1,0
526,180_1.jpg,afd257b034670eaf18ca1c6843d16ffe555955157d0df6e1c101ac1fb58fcf64,afd257b034670eaf18ca1c6843d16ffe555955157d0df6e1c101ac1fb58fcf64,14969223bab426e7ffa547eccd9c3a0068a9edc0d2bef7e369a0e5dcfcdb204e,1,1,1,0
527,180_2.jpg,319e35b9344ad22c7e639c180c74b58c1270f3749fbb2ba51d9df941c2b729eb,319e35b9344ad22c7e639c180c74b58c1270f3749fbb2ba51d9df941c2b729eb,383cb3b222cc45480f23d2de677e7837418d344d62839265c40dc25ca8f0072a,1,1,1,0
528,180_3.jpg,9eb2847e001236b09061d03fde20090bb6cd30932831046bf6cb6ed1ce6285e2,9eb2847e001236b09061d03fde20090bb6cd30932831046bf6cb6ed1ce6285e2,4bdc0e94df5376f2ecaa230d39abe1e05b02019264d4828fec14fe9dab139b4c,1,1,1,0
529,180_4.jpg,2ab8d549656f5e1136e7a685c076ed1789981eba0ef3a03f040d1f707f7031f5,2ab8d549656f5e1136e7a685c076ed1789981eba0ef3a03f040d1f707f7031f5,57733a32e09604ca52272a43397a97fb81a86a25530add39c29a861d7d42e2f5,1,1,1,0
530,180_5.jpg,0d3fb73a41016c650d7cfea5e3cfe99438e7f9fae8fea76aa483042bc6b2b3a9,0d3fb73a41016c650d7cfea5e3cfe99438e7f9fae8fea76aa483042bc6b2b3a9,3951ed072e09a176af1a6e62eeedfd8cb3b87f369803e676ba6f1adb1235c26a,1,1,1,0
531,181_0.jpg,7df7ab8a137b65ecdbcc161179c4d9bed367e13d66065f7bc54676625ba96dca,7df7ab8a137b65ecdbcc161179c4d9bed367e13d66065f7bc54676625ba96dca,1e25fbfe9ec3147d155583543e0dd1255e1bce9e07b8b67588035fa6ff6ca713,1,1,1,0
532,181_1.jpg,52fb27e9dfc17d788a32cd895caa10230eadc5534e0729117f21ac548f916892,52fb27e9dfc17d788a32cd895caa10230eadc5534e0729117f21ac548f916892,ddb65b15a5dc69cf28a4561aaf572e44044ad320507830518329ccb5add29bc1,1,1,1,0
533,183_0.jpg,31f96123d250e2c83e64a7590a9b3fec5ae61f1536d793e6fa6390d1f68196be,31f96123d250e2c83e64a7590a9b3fec5ae61f1536d793e6fa6390d1f68196be,8d642b448995dd244cdec0eef58dd64a3248a6a770c8525678991d66ce57631e,1,1,1,0
534,183_1.jpg,9e1687be9e193c43c56198cf1eb85145b872994ec98c2c7dfa52b5baeca6fe41,9e1687be9e193c43c56198cf1eb85145b872994ec98c2c7dfa52b5baeca6fe41,0bb2cc65f50d9b0f8e2977a942c1fe48353b359fd1358ea7b22280f0fbc65422,1,1,1,0
535,183_2.jpg,92949c0b67b952c0cabffb5d049eae81f0074760472d3586991556420d628623,92949c0b67b952c0cabffb5d049eae81f0074760472d3586991556420d628623,66dbff093abb527609682f5ec12f5a93d58bcab5318381919411ba51956e630c,1,1,1,0
536,183_3.jpg,5fbc344ab0fba12b0553fee94a5ee1dc88ae4f124339323925b930f2c6b1623e,5fbc344ab0fba12b0553fee94a5ee1dc88ae4f124339323925b930f2c6b1623e,3a60ee89c04a519a1d7db1f2491050dfcc92fa9d6a5235002f679287bbeb9c39,1,1,1,0
537,183_4.jpg,fc4ef2f30324c781ec4a54f4d3b1cc3544436786dfe24ef35dc4be43e3bf0a1f,fc4ef2f30324c781ec4a54f4d3b1cc3544436786dfe24ef35dc4be43e3bf0a1f,2c17a80b41aaddf734646dac2466137a90196a76412a811c61377ab9e67dbbce,1,1,1,0
538,183_5.jpg,a5deae457916857bb02106ed486c1532b63c13bed99d5a630f256f6addddcad4,a5deae457916857bb02106ed486c1532b63c13bed99d5a630f256f6addddcad4,b037bfe06ac34e4128aeebc37b8ce148ba385302b2ec11a16bd756865291ecc3,1,1,1,0
539,183_6.jpg,1a800df95e12e8a44d42fcd04f5d5eb33a9c96d149d1333c5c845283ebf0dd9f,1a800df95e12e8a44d42fcd04f5d5eb33a9c96d149d1333c5c845283ebf0dd9f,11420a864e76eb334f7623c34624e90e1e661c2fca58476e6d5255f8964528ac,1,1,1,0
540,183_7.jpg,9854c69e57dabf95ad40bcea658c57d04b85e46e87900a296bcd3989f4cb5ac1,9854c69e57dabf95ad40bcea658c57d04b85e46e87900a296bcd3989f4cb5ac1,ecd448fb230e91eedaf7553854bf5a58bd325358ad023798e9f67999b2cf866f,1,1,1,0
541,184_0.jpg,bbe13a9cd1196444631ec19fb50896bf3917b5867b92c0bb7dccd6166e58994d,bbe13a9cd1196444631ec19fb50896bf3917b5867b92c0bb7dccd6166e58994d,7f4424f8bff27f34c87008e13b4bd0599a8f397f4bdacd244d7c74068bc6cf67,1,1,1,0
542,184_1.jpg,4ae62b65a801e942a3b959e9bb2233bafdd6def37948a11e3b8d6e2f2dfb2499,4ae62b65a801e942a3b959e9bb2233bafdd6def37948a11e3b8d6e2f2dfb2499,63e2ec460d28c5b6ed4b2bd756d292507d6b8facd18830cc8115705c4ee0d23d,1,1,1,0
543,185_0.jpg,95e49ee0b9de497580dd0ced5d87ebf0a0ee71ff87f1e1bfcc35754fcb81d03c,95e49ee0b9de497580dd0ced5d87ebf0a0ee71ff87f1e1bfcc35754fcb81d03c,716a8be478c8509340124d84accac14d89c9f883a54aed9bb07a1bcce543c801,1,1,1,0
544,185_1.jpg,9b75a7e198bd8cc81edc10fc98e592200d25ce8d3425470dd3c9a8e6c92657a8,9b75a7e198bd8cc81edc10fc98e592200d25ce8d3425470dd3c9a8e6c92657a8,d431727b7b1ad92e00bcc19df5dff318f4c4b36039c31b95846c6a03ff87ef5b,1,1,1,0
545,185_2.jpg,6b310eacbcb1ddd8da61024da278c1d64461993d08895a91f93e3b9373a57b6b,6b310eacbcb1ddd8da61024da278c1d64461993d08895a91f93e3b9373a57b6b,8ee012390446e26370d13e350e256c60c62cd38b2477eae176d156b7ccdf4d56,1,1,1,0
546,186_0.jpg,95ae4150a0fd5ed92ff30c7840997893c30780f3c58cc55261aeeaab73251acf,95ae4150a0fd5ed92ff30c7840997893c30780f3c58cc55261aeeaab73251acf,aabfd2817a3528ab99fd6bde8bb0fea55344786433be19f85c1ef2d62c34249f,1,1,1,0
547,186_1.jpg,87c438379493fc6e5d517635b86632e0a1980f0827159ca9bf8cc86f21fcc790,87c438379493fc6e5d517635b86632e0a1980f0827159ca9bf8cc86f21fcc790,7e56dd8ab60aa8c364ba408eb1eb44d8d0b16bae9206a200d0da315d5f7d3a45,1,1,1,0
548,186_2.jpg,b38641a2a138740196dc7f95b24ee3589634e205597943db6485952e48d6d136,b38641a2a138740196dc7f95b24ee3589634e205597943db6485952e48d6d136,7ba2768740993240a9e976a731d342d849613758635e6f3541aefb226f9fabd5,1,1,1,0
549,187_0.jpg,2cebc8a350e2334b156338dfb829430182728748a163cb1d1d6bcf426d79ff8b,2cebc8a350e2334b156338dfb829430182728748a163cb1d1d6bcf426d79ff8b,b57773c8a1a9108d1b652f65f87664e11244c7b8c375b25d17224a482e24f0a1,1,1,1,0
550,188_0.jpg,2c09cc3def69924e01e8ecd28aaaed94ca95cd7cdb4b268a9d1c306f8cb99afe,2c09cc3def69924e01e8ecd28aaaed94ca95cd7cdb4b268a9d1c306f8cb99afe,8899eafb9696bf07a13d119021cceb007f4ccb3f2eeb6aa5ed61e30d63d0eb16,1,1,1,0
551,188_1.jpg,3de8258b940762fb9a3e98f363880dd603b291989d6e3ec60c573414176f927d,3de8258b940762fb9a3e98f363880dd603b291989d6e3ec60c573414176f927d,ad2e283fb78a5ba5c9a49579322f76fc801c063a325a2f910373f5917c2d3fe9,1,1,1,0
552,189_0.jpg,832aae1f96d07fd3faf47c86eafa6926237f7f0e0416f2e733865ce84f3d7570,832aae1f96d07fd3faf47c86eafa6926237f7f0e0416f2e733865ce84f3d7570,bf9235b87a478c686b7e6f6447990eb500216fdd2eb0bb2129bf1e0a90b70ee3,1,1,1,0
553,189_1.jpg,d29156512d119a6701618ef1f3df1163a4cb62743b8b1ffddf519a4a19e097b0,d29156512d119a6701618ef1f3df1163a4cb62743b8b1ffddf519a4a19e097b0,b285870c74934d2b04e576454bc61163536e402c37953d82f692dd705e60d4eb,1,1,1,0
554,189_2.jpg,c95040e8ce0b9b33242b870e897476fc4b72c0356310837312706550a6fe5af6,c95040e8ce0b9b33242b870e897476fc4b72c0356310837312706550a6fe5af6,b09e79bc6405077532893676cf92fb319ab4769dc898581a1ad5912f6c580817,1,1,1,0
555,190_0.jpg,2eee3f44e0dceeed48a4fc89fcce4109272fcc711a8e2a6efd87f398dc01293c,2eee3f44e0dceeed48a4fc89fcce4109272fcc711a8e2a6efd87f398dc01293c,b89d4e0ad3cd92f3a1b3d596e50b2584b045870cbed8c9daf0fc986424c9278e,1,1,1,0
556,191_0.jpg,ec91dd23209da68d67522b2e050c09018cc039d217a57e48542acf4f408da9a2,ec91dd23209da68d67522b2e050c09018cc039d217a57e48542acf4f408da9a2,94fd4bd6fca97bc10c4a219ca53f2d2a03a83b30d871ce24acbab1572d238e13,1,1,1,0
557,191_1.jpg,42d8c5d003246cb461ca91dd9e63dd7c621e17cc5b3bca5de376febba62c7285,42d8c5d003246cb461ca91dd9e63dd7c621e17cc5b3bca5de376febba62c7285,90cd964f930da7a2e7dcf0847b170fafb20c42507c9f8e381092ee78e2da06cb,1,1,1,0
558,192_0.jpg,bc15c79b63131f06e49de0aba48c0d8e67fb62d8377990677c6f7389ba2276bb,bc15c79b63131f06e49de0aba48c0d8e67fb62d8377990677c6f7389ba2276bb,d33ff4aa003a30421bec53d6b02f754c174ffe16a41739183c7d4c77de894eed,1,1,1,0
559,192_1.jpg,63e6c7419d30d7021dc4253c489937aa1f2f8a783db6fbf847f88446abf85fa9,63e6c7419d30d7021dc4253c489937aa1f2f8a783db6fbf847f88446abf85fa9,50cf67797dc54314f2bc48c278738f8d6bb182f9b049f895ecdb27a52fac1102,1,1,1,0
560,193_0.jpg,8d7d4b17791685cf3827ce3a4a81e4dff8f542979a14ddb859b53161afc5a9de,8d7d4b17791685cf3827ce3a4a81e4dff8f542979a14ddb859b53161afc5a9de,93a9e56711e56f832b61b9291bea4f0bd69a53a4a199c91c24aca6750d2ae8cb,1,1,1,0
561,193_1.jpg,1405556ee2a5bc08b6adb018de49e85f2636bb4a0676df6cc1f35920d64e6bc1,1405556ee2a5bc08b6adb018de49e85f2636bb4a0676df6cc1f35920d64e6bc1,9a90b3c87f31ecf21ba8981f0513b7e948c6d03e538b9d0e49a0f6cee1624ab7,1,1,1,0
562,194_0.jpg,393a4e748a618d88f4846f11dd9fcc6358a52a31474827931a6973434460699f,393a4e748a618d88f4846f11dd9fcc6358a52a31474827931a6973434460699f,11d1cfd51d08f276c22ebcf5accfe2f0293af5422aa5879e4b496198cd9f900e,1,1,1,0
563,194_1.jpg,7cf1fab12422b9e6a72cbaeb5313d3bce1b9c440c3350f9f1f8a5edc8b1c74b6,7cf1fab12422b9e6a72cbaeb5313d3bce1b9c440c3350f9f1f8a5edc8b1c74b6,f1b635f54366f3fb0c0bff4888f74f5f417c4fc100a8dd652e566ad653e38779,1,1,1,0
564,195_0.jpg,816e73a0c2c097f730406b554a23b215aea4a79d77c6202a7f2b976965538444,816e73a0c2c097f730406b554a23b215aea4a79d77c6202a7f2b976965538444,c1976a74ae0a579c29410e1e65097ef0e5e287e5581d5db4df04ff50900d2888,1,1,1,0
565,195_1.jpg,66d299995ea55fb4831670c528c75a90d3c422e58881823dfc4fddaae7c19dfb,66d299995ea55fb4831670c528c75a90d3c422e58881823dfc4fddaae7c19dfb,309e9968eec95dfc105f7857e4d17d12917d01f41a2c35e6de36c6c05f2e2114,1,1,1,0
566,195_2.jpg,f65b4af815d9e0b016bf1c846897f0c0aad9d3773d1d7d3e16dc1291b28aba8a,f65b4af815d9e0b016bf1c846897f0c0aad9d3773d1d7d3e16dc1291b28aba8a,6013b8a0a4375f4e238fdc36a6598b95c9fafd72b3a98a5b46135ea285caad0b,1,1,1,0
567,196_0.jpg,1151541eed7030671ad3942c82535a7ba784df9ee5bd6497b41cf10cac17fc6d,1151541eed7030671ad3942c82535a7ba784df9ee5bd6497b41cf10cac17fc6d,ec4061dfb9887ee0b8ab302210012c3e443e812925b6f1a5abafcb94f328c522,1,1,1,0
568,197_0.jpg,2cebc8a350e2334b156338dfb829430182728748a163cb1d1d6bcf426d79ff8b,2cebc8a350e2334b156338dfb829430182728748a163cb1d1d6bcf426d79ff8b,b57773c8a1a9108d1b652f65f87664e11244c7b8c375b25d17224a482e24f0a1,1,1,1,0
569,198_0.jpg,7f518681e800e3f116c9e58bbfa17e629ed41c553ba64558df271c65bc0b21c1,7f518681e800e3f116c9e58bbfa17e629ed41c553ba64558df271c65bc0b21c1,c58edd735162e71bed281c9d30dd0cacf5ee680e8c664a891463ad430fdb87f2,1,1,1,0
570,199_0.jpg,dcc785815edb9744b658781c1540e5354ec3ca9717c171d7962a115b96d7156e,dcc785815edb9744b658781c1540e5354ec3ca9717c171d7962a115b96d7156e,b0d985548dd85616d36e5dd7bd885f716ce4ca9f584322455af0bb777c28d13e,1,1,1,0
571,199_1.jpg,bc1d57b00657883ade5f4809f875854bba17891854a82d6a0732c7f59a5cd684,bc1d57b00657883ade5f4809f875854bba17891854a82d6a0732c7f59a5cd684,ff064239669bc93a1ae852fe37e0062b845bc85c330e72517871baafdbf8af9a,1,1,1,0
572,200_0.jpg,e6a2bb198f953c49cd42c9af24b1366e1840a81ffb0fca18fefbd7472c452701,e6a2bb198f953c49cd42c9af24b1366e1840a81ffb0fca18fefbd7472c452701,dc94f61317d49b4656eab5a52607ccc2e31f0dee2d60af14efb6a8d49dc3b2ab,1,1,1,0
573,200_1.jpg,1c94be45f0f7154e20ff27e14675a392e4117292e9d937d8880128ee40deca7f,1c94be45f0f7154e20ff27e14675a392e4117292e9d937d8880128ee40deca7f,5761f997d20f0ace0e03e2a5edd32210fe1dde4da30c9c60296d291c94638ed6,1,1,1,0
574,200_2.jpg,2104bc5cb4b0c4ad34df44fd0c82556c8b3bcc72f3beb651a12fe5cee859af6b,2104bc5cb4b0c4ad34df44fd0c82556c8b3bcc72f3beb651a12fe5cee859af6b,4c25630bbcc161151b53b17d91b14323f1691d8770f4d7b6efee683fe5928951,1,1,1,0
575,200_3.jpg,ea7171cd55306eb18efe7f2f3b1133976d53d127821587f9bcaa2d7b30fc189f,ea7171cd55306eb18efe7f2f3b1133976d53d127821587f9bcaa2d7b30fc189f,665ced38c9087e66f2a43defc55059314e97061dc0ac7b08b232d19e6bf1c533,1,1,1,0
576,201_0.jpg,6d6e21e8205c1bffe6719a639c5e2f310fbaf1cc84cca3c80381e87bde05160d,6d6e21e8205c1bffe6719a639c5e2f310fbaf1cc84cca3c80381e87bde05160d,3c69ebe1a5f79f7e61ccef8361f57b719a61554e922fb75b5bd29c8738fa7cd9,1,1,1,0
577,201_1.jpg,8ad63bf581ba0ae3efc57354573baa8d1ecf0b5bcf0a35010f693c719f011362,8ad63bf581ba0ae3efc57354573baa8d1ecf0b5bcf0a35010f693c719f011362,11522500ad13f75f1e057ecac16b2fff6ef51a843ba24921ddda6da7c683bcdd,1,1,1,0
578,202_0.jpg,124e0f9acf044fc41988c3d53c0739e72928bb6f5e9495b667c9df6f70cd0144,124e0f9acf044fc41988c3d53c0739e72928bb6f5e9495b667c9df6f70cd0144,c570902339f96c62d0741cb080086f75afd99f6e56aa5b9fb7c014f8e82c7480,1,1,1,0
579,202_1.jpg,ffa6bafae67ae96139e52f25f19a33c530c1bce003af1071f3064ef6b92ba588,ffa6bafae67ae96139e52f25f19a33c530c1bce003af1071f3064ef6b92ba588,365325f4df183250712611a7144cad79a3818191811f507929cb9379d6cd27dc,1,1,1,0
580,203_0.jpg,b1dbb331ff08912b98a620b390d4a35a4d28ace0d1054f12f4c6e62ab72b2a6a,b1dbb331ff08912b98a620b390d4a35a4d28ace0d1054f12f4c6e62ab72b2a6a,9eff819be054b26ba925d867d6ec2e553c15d5fd3b87903539d181c35bfc616e,1,1,1,0
581,203_1.jpg,319e2e53ae2b804dc99bcf94ce0e80403d56cba0285043121ee4ae36acc3670d,319e2e53ae2b804dc99bcf94ce0e80403d56cba0285043121ee4ae36acc3670d,1b7dafb62f5c0790dceb9265dc77182379902caa3ee35140a72dcf69af8ec232,1,1,1,0
582,204_0.jpg,c3bdeec4f366efba2cb58eb4b1423e99c85f1ab463f0119322a61b6f118c0f63,c3bdeec4f366efba2cb58eb4b1423e99c85f1ab463f0119322a61b6f118c0f63,321678131b3edb1ddc3be517bce6b34354b8de19a949f9e27685741ddb9a83e4,1,1,1,0
583,204_1.jpg,cef8f292159755513a01f906d9613040c026a2303aef16128915fd8cab59dc45,cef8f292159755513a01f906d9613040c026a2303aef16128915fd8cab59dc45,ade97f1f371663759d502f2da1b61cb8392cdfa9cadaf2b58dfb902495f47a81,1,1,1,0
584,205_0.jpg,e376c9e959a3c85729ad1ec41248df834f36fcbbf1d6d882be6ffc10f8706e4c,e376c9e959a3c85729ad1ec41248df834f36fcbbf1d6d882be6ffc10f8706e4c,725838d5de3e292bb8a81082de6d8dcb704003dca73a75020e60603f5d288f0c,1,1,1,0
585,205_1.jpg,df57428ae6f641b2e58765823256f6dfd8c9b624ab5cf3f574a5d2afa5179587,df57428ae6f641b2e58765823256f6dfd8c9b624ab5cf3f574a5d2afa5179587,89c04e55fe0b4fca1ba3c540646514b614a64096f9ce75648b1f250d420738aa,1,1,1,0
586,206_0.jpg,e7f14a44b84b27e0a7606674ae1b2613068409c7f85961d8f91b1c2cd8bb8f7f,e7f14a44b84b27e0a7606674ae1b2613068409c7f85961d8f91b1c2cd8bb8f7f,f108c6d2a8f8e7a09c7a6b1e8c6cffb686bbeda0ba20130afb3a2e7e4793e96b,1,1,1,0
587,207_0.jpg,42b6abe19f0626dd34540d51c54c0d7bd18938fbe4289f69ba54ca2b4489f997,42b6abe19f0626dd34540d51c54c0d7bd18938fbe4289f69ba54ca2b4489f997,f08ef365df4b222b36a32de688e8ae323a1aee18a1617ad721e1986503b37fb0,1,1,1,0
588,207_1.jpg,38fe1aba8c7134e5ca78907b763cbeee6241205454a2b8aa0524f5dfd3014954,38fe1aba8c7134e5ca78907b763cbeee6241205454a2b8aa0524f5dfd3014954,d62f0fedfd8a33fa96b78d9ebf6c227632ced36a33c58b5735431596b73368be,1,1,1,0
589,207_2.jpg,16458172f155f93db25a1de5feea5e5b057598c92462a8d4d471f3f0abe1d7fc,16458172f155f93db25a1de5feea5e5b057598c92462a8d4d471f3f0abe1d7fc,f650cb4be8485e05cf509415d0406cc129e090bac7cbb93152b145d72b752c12,1,1,1,0
590,208_0.jpg,1094f1be05486c6ccce3e3c8d2572ecc9272dad921fae31b3ab266ba64e0e206,1094f1be05486c6ccce3e3c8d2572ecc9272dad921fae31b3ab266ba64e0e206,602f1a0da463cb65fdcb400114fdec1ff220313acaacd70731d7354a6846452c,1,1,1,0
591,208_1.jpg,4fd5f8e14ad9c2e68b8c784090924f60c5dbd7c47e3177c2532da93972e1cd43,4fd5f8e14ad9c2e68b8c784090924f60c5dbd7c47e3177c2532da93972e1cd43,586e2ae244fbb5ee7a8eaf736686b1825454819b2b8fe684cf0d8eff6d85c7ac,1,1,1,0
592,209_0.jpg,ee644eb9a663959e1f6692e59e4156123c1cd0d702f79521344a12dc505f2dd1,ee644eb9a663959e1f6692e59e4156123c1cd0d702f79521344a12dc505f2dd1,babc31b4ef3d1543945afb7cac66e7da1e8186a2538167a7dee9e98193b442a1,1,1,1,0
593,210_0.jpg,34c0e49dff6d25e28b00e7f14f8363bf83446db93b7bbe2b766af6fcb867da95,34c0e49dff6d25e28b00e7f14f8363bf83446db93b7bbe2b766af6fcb867da95,c511ba60445253b4e6c8c489f9ecf3d0481c88533a8585265ebbe4e613c3b476,1,1,1,0
594,211_0.jpg,4b1976fc486c2aa9da7696d30c0a60ee21792a7497db4b69cf478d55d87fdee6,4b1976fc486c2aa9da7696d30c0a60ee21792a7497db4b69cf478d55d87fdee6,d8159f8cb3e178f26c57cfd226e35c7c5d9d49506c1257310215c3e57c745ea1,1,1,1,0
595,211_1.jpg,e9bc4e93c0e5c6deb37077669a890b776c2cfa4197fa481862a8cfd9a3772bf0,e9bc4e93c0e5c6deb37077669a890b776c2cfa4197fa481862a8cfd9a3772bf0,60fa4ff06dc40f3c560ff39059f885252e5c6157c07290b8cfde368a6ce1681f,1,1,1,0
596,211_2.jpg,120d74f5b83fd247eea2d7b698a22e267c668203b5d9a6acf798b3b23983b7b2,120d74f5b83fd247eea2d7b698a22e267c668203b5d9a6acf798b3b23983b7b2,ad385eb1a677aceaccb8c2faca5eba086e73aafdbf535cc73e4b6e6406290e44,1,1,1,0
597,212_0.jpg,5e6bcc058a25a5ecb9589715d0d3a048935638cb2ffd760510e5f2c01e2f067a,5e6bcc058a25a5ecb9589715d0d3a048935638cb2ffd760510e5f2c01e2f067a,7412e24ed68298d865ae92034f205ffc1fa7cbb7523cc0a41f73f8db48f1c1b1,1,1,1,0
598,213_0.jpg,b461fc616116cedf8391b4c245a53be008ea495f8bb499b3b2e3895d1ae685d5,b461fc616116cedf8391b4c245a53be008ea495f8bb499b3b2e3895d1ae685d5,8327fe9a8a944ebafe6a4a2c5cd01ca8b1a5cd84d10fe361d8ea57df22b45971,1,1,1,0
599,214_0.jpg,45cbe0d3814288f574bac0f703ccb0d8184683d28278efe518f0e87e85f62705,45cbe0d3814288f574bac0f703ccb0d8184683d28278efe518f0e87e85f62705,c74d9eb7473631dc26763a9cf1592e5b6d1c9c0aa33fe47063ec8459eb5f40b6,1,1,1,0
600,214_1.jpg,fb0cea0070b54ee982a89dd57a90349566047545f183c0fea1a3cfd26a8fd731,fb0cea0070b54ee982a89dd57a90349566047545f183c0fea1a3cfd26a8fd731,a948a666f71bd173c5bf013f64acaa80d97768f758706d2e06a772da710b1134,1,1,1,0
601,214_2.jpg,3cc29234619fef3cd9de5eb7eba776747e99ca8bde3eb0711f3dce221b846b0e,3cc29234619fef3cd9de5eb7eba776747e99ca8bde3eb0711f3dce221b846b0e,8991e22994616fccc69f4c2e92e569f392ca992b203dc00f1924fd35bb670aa4,1,1,1,0
602,214_3.jpg,f29238fad7a532d3e5912c3f4927325252f46459d985dbf3331568fe960c33ed,f29238fad7a532d3e5912c3f4927325252f46459d985dbf3331568fe960c33ed,57c4138fe0cb9eb3c5b4c765ba1e8ba8bfa8836ce8db71c946da5b8a224e0902,1,1,1,0
603,215_0.jpg,cb823fcea8b53e38240dc639e35ed2435f9d5d6dbf0e11bba116c3d0fcdc8cbc,cb823fcea8b53e38240dc639e35ed2435f9d5d6dbf0e11bba116c3d0fcdc8cbc,9a1529066a2562e626740083fafaa80d79762ed4022451fdbe273c7e39c0dc22,1,1,1,0
604,215_1.jpg,e61d89d743052d1c8df7f353709a01e5f55a8be0036ed1a5606622b966baf003,e61d89d743052d1c8df7f353709a01e5f55a8be0036ed1a5606622b966baf003,61ed2b49bb765cb161b0ab19c61a4ad1643a0c88b0acb5ea3c156951b34476e6,1,1,1,0
605,215_2.jpg,95965bc4ed8e05ea130ad3d6238f55edee0e98dbd9a3e2202298663aeda144b9,95965bc4ed8e05ea130ad3d6238f55edee0e98dbd9a3e2202298663aeda144b9,dacb43d65ae574ed5febf2b89a84273c87e755ba1fa7facfef5eeab9a6fe2989,1,1,1,0
606,215_3.jpg,e76f35d46703d4bb4d0765add29eff3bc1905af2f802bb46baabbc802cf7462f,e76f35d46703d4bb4d0765add29eff3bc1905af2f802bb46baabbc802cf7462f,7fac4956ecb2ae14c418ce0e775ce6187988176295885517100935b7f81bc0e6,1,1,1,0
607,216_0.jpg,860b414e1f89515525b341e536b68b70fa05d0e70b822cd3bd8c80424fc7ca9e,860b414e1f89515525b341e536b68b70fa05d0e70b822cd3bd8c80424fc7ca9e,5714b26c3a1adb597bac29fa6b2a343c42c05f306922d7c8e19fa8513d750f54,1,1,1,0
608,217_0.jpg,4aefb18b3645a962f916357252cf117ac80eac4b0167b1c9c925d6e9c30fc7d8,4aefb18b3645a962f916357252cf117ac80eac4b0167b1c9c925d6e9c30fc7d8,6d3171c45d6cb016f9667ab9a712841dc17675e8c88e4a98be323df4cb28e277,1,1,1,0
609,218_0.jpg,55e5da4a09dfa5ec021a4c3bfdcf688c48e36ca29ae0d121035664ad97384e99,55e5da4a09dfa5ec021a4c3bfdcf688c48e36ca29ae0d121035664ad97384e99,ba5925bd3b64d42f472dc7667b0caa3ce8d20549a8c02d7a0b0c02443b75444d,1,1,1,0
610,219_0.jpg,fb38992768f081adb1431557697edd8add1e2624de763b4065cc53f885c81044,fb38992768f081adb1431557697edd8add1e2624de763b4065cc53f885c81044,7e384c1beb3811ac60f002f6aa84cb7f987410a69b17ee58d039e664e7869d90,1,1,1,0
611,219_1.jpg,2f11eaafbc2551058b1aa578f50f86e27b0b1ebd60490662ac3d0187e64ef116,2f11eaafbc2551058b1aa578f50f86e27b0b1ebd60490662ac3d0187e64ef116,1bd1869979a59cd56249eeccb1cfad9367a75269bc663e6b911ca07c74a3c1b7,1,1,1,0
612,219_2.jpg,36d7c85f1a0fe75e23b7f892b7d00bd70f9a82e05b4251609917260dc9a95260,36d7c85f1a0fe75e23b7f892b7d00bd70f9a82e05b4251609917260dc9a95260,205f040a4d0980fe29314e4910d8a698d0989b022cfc8bc9ea4cfa04ca2bcde4,1,1,1,0
613,220_0.jpg,1057005d823d37604d91f5c73c1ed84dbadfcd53d6ac58638f372dabf3be1da5,1057005d823d37604d91f5c73c1ed84dbadfcd53d6ac58638f372dabf3be1da5,81603b840c2d9286ff13b4f6bb8d2c3f45c67351c94ecd92e698f70f194807de,1,1,1,0
614,220_1.jpg,f3ad3e88540755364eb1555202bddb76cf7a4bfc435fe35aafd9f9b8af0d514a,f3ad3e88540755364eb1555202bddb76cf7a4bfc435fe35aafd9f9b8af0d514a,5e6c654b415db87c3d985da3183079850e8a212ef91d0d69788872b9fbc6e9db,1,1,1,0
615,221_0.jpg,b993f3a008df8bbccbd10c9f5fa34145c5f52a172d6c8218e2eb03227fc8ec96,b993f3a008df8bbccbd10c9f5fa34145c5f52a172d6c8218e2eb03227fc8ec96,99ce53216b31c1604a688a38aab5781b34a2ee1169789a3dfb767fee5ce8fa44,1,1,1,0
616,222_0.jpg,784ad1b02b1068f21c712360126956d50dc2c428d96a1e63bd66339ba82d0d1f,784ad1b02b1068f21c712360126956d50dc2c428d96a1e63bd66339ba82d0d1f,cce5d9fc159a7e36e92b5fa5b79af85c5e9ebbd379f1e685472f92ee30568143,1,1,1,0
617,222_1.jpg,5678c32eb6ec371636bb5ed2638780ae467464055d49e95b17162c3e8f8aec2c,5678c32eb6ec371636bb5ed2638780ae467464055d49e95b17162c3e8f8aec2c,0f2e9fad5e20b88c930e4ba867be0bb02174104d73650bc154f92228e295af04,1,1,1,0
618,223_0.jpg,af94b60370de618444148d8d238bd668808c4e56e89eeec8eb6830edb2a78962,af94b60370de618444148d8d238bd668808c4e56e89eeec8eb6830edb2a78962,7e044643538cabefcf34ecc239a897d467d8618aa419305952f1a8e179502f05,1,1,1,0
619,223_1.jpg,8c96695b4dcca3b9b54b37ba2e592cbe123339d1a9c1db8e1574fc3658072f01,8c96695b4dcca3b9b54b37ba2e592cbe123339d1a9c1db8e1574fc3658072f01,edfddf4190fa7f310388cb2ad0fd13c019f33d0d6d12051d6ccf7034c3fc973e,1,1,1,0
620,223_2.jpg,b91e9eeecfe65df6194a086b1d46734558e4640e343a34a40e5a00df289d0cef,b91e9eeecfe65df6194a086b1d46734558e4640e343a34a40e5a00df289d0cef,4059c6da4417d36254b77d6926eaa24cabf163afc7b5c737610fff7d9482de4c,1,1,1,0
621,224_0.jpg,8c5d8d306803e9e99c8f3195d90c7891d830fa60dc6055f30c96a433fd57cf3f,8c5d8d306803e9e99c8f3195d90c7891d830fa60dc6055f30c96a433fd57cf3f,2331c15f73779fec88ab6a4b10e9d851840b213656603e1db8c71a4670b86fe9,1,1,1,0
622,224_1.jpg,53be5b3144cee44065b07a8379f4f73ee84c27d35ebe6ce3438258e62989dca2,53be5b3144cee44065b07a8379f4f73ee84c27d35ebe6ce3438258e62989dca2,f502aee1e2591ac14477b17e81db4ff1a61a63a00a598dc67f6a98c68e8e735c,1,1,1,0
623,224_2.jpg,39263b36d5b667120146415c4fd48588c51adcd9184faee8bcd65be3a9c77f31,39263b36d5b667120146415c4fd48588c51adcd9184faee8bcd65be3a9c77f31,d61585d7bb7c771957327071f44fd1fa205d3ecc46a4a798f1204893b67a58a8,1,1,1,0
624,224_3.jpg,a48282ff05942b5cd021d1a74f3f7026da685fee298539d2b4fa15707fa6c9c8,a48282ff05942b5cd021d1a74f3f7026da685fee298539d2b4fa15707fa6c9c8,589c280860578b2832d01fdb951c4f410ae660203e3970f5ae2a0b20993abdcc,1,1,1,0
625,225_0.jpg,b5082263dda0c1255eeee52daa91a1b3c232509f6e11dceb2d66ee8007205f0b,b5082263dda0c1255eeee52daa91a1b3c232509f6e11dceb2d66ee8007205f0b,97f6e10b929df4f088f4d3d20f4aee7f7e00517b381d6543fa7e1a7da1c3f216,1,1,1,0
626,225_1.jpg,038ae3905b89a2287b923700f22646111637eb20ddf3c270297040c0118267e7,038ae3905b89a2287b923700f22646111637eb20ddf3c270297040c0118267e7,81850d4ae430489696b4b50b239d08074e813b41786244ca3b45b5652d03d494,1,1,1,0
627,226_0.jpg,d8d1eb634fc3a69df19a1ce3f10cea26f29c5f71484cfdb7ca13f2e03b4c9f0c,d8d1eb634fc3a69df19a1ce3f10cea26f29c5f71484cfdb7ca13f2e03b4c9f0c,6c7c69e9af38e4e7ecfce97aba1ddfe76988469f77c4d082d2592ca082bc9d94,1,1,1,0
628,226_1.jpg,412c1b40908d6db528d9bf03f32bfc467731265eddd53aae495fdde3313ab84b,412c1b40908d6db528d9bf03f32bfc467731265eddd53aae495fdde3313ab84b,af2a82b7409c3201e09d847c9e7ec1293dfcbb8ba3619272e38f3ce4c7966db0,1,1,1,0
629,227_0.jpg,5025ea1ac7c8b8e8067c03e2bae08d8df08fe7be89554b049ff08df8242fd739,5025ea1ac7c8b8e8067c03e2bae08d8df08fe7be89554b049ff08df8242fd739,2d7fb79c725551ec7ea010875c6ea185bfcbeb2080d80a89846b785869d9eabb,1,1,1,0
630,227_1.jpg,5bf99a8f4bd0ea9d9677ad931e0d1d8b5382d4fe0a19ddea8d494e9fcb523013,5bf99a8f4bd0ea9d9677ad931e0d1d8b5382d4fe0a19ddea8d494e9fcb523013,18f119ef973ebf8ba8bdbf5f3edac5b6fd5743dc2ddaa160909610d52fc4b67f,1,1,1,0
631,227_2.jpg,904511ba733b5f1a70d899a9cfd9b7c85ece787383f2a5dd3d4c8fa32bf06323,904511ba733b5f1a70d899a9cfd9b7c85ece787383f2a5dd3d4c8fa32bf06323,063e3b334fba96bcf00b2c53216455c907a06eb7feffebc45f78fcb45862cd1f,1,1,1,0
632,227_3.jpg,4e8d27cb910c428d0bcfd08cf21ce84c2a156044e5e209fc79489908303a359c,4e8d27cb910c428d0bcfd08cf21ce84c2a156044e5e209fc79489908303a359c,809554e33f0b461cdd0e245d8db4864654ff64b4e1373411635f3cd0e8829fb1,1,1,1,0
633,227_4.jpg,423bfe11d09d80439231a61913a3c0d504819c029a3b3e0ca29e3b1dae98492d,423bfe11d09d80439231a61913a3c0d504819c029a3b3e0ca29e3b1dae98492d,3e755e61729c068ca88cda89f53bc64c6ec38ede5ecaacd9a5aa2c6ea1779544,1,1,1,0
634,228_0.jpg,a04c583cffd4b9a2292c2be34a3f2696d226c27aaa84297efde5a782986d28e0,a04c583cffd4b9a2292c2be34a3f2696d226c27aaa84297efde5a782986d28e0,8a392c81005055ff40d8aa589ea68d9fe520c97b389e03300053a13c8f253b32,1,1,1,0
635,229_0.jpg,ccb8b45fb79a31701729f9304684ef2c807941522ffb51f02b03a6a958362458,ccb8b45fb79a31701729f9304684ef2c807941522ffb51f02b03a6a958362458,a4ab323e374c5d3f95ba90e94ab7977a83d089f5d2ebca908913443aa492a393,1,1,1,0
636,229_1.jpg,bbd2e1abc855492cef107b6472de652bd0903c3efaec9e809afed750ffe6302e,bbd2e1abc855492cef107b6472de652bd0903c3efaec9e809afed750ffe6302e,98f5a054742ec94acf5f8deece9a486c46a7ff66551d1ceb15b9aa812025cd97,1,1,1,0
637,230_0.jpg,e1fe14b8618fd935a5b0043372c0ff281d89a05729dbab1ad6db90025fce52b6,e1fe14b8618fd935a5b0043372c0ff281d89a05729dbab1ad6db90025fce52b6,f37dbc6af2b8a1744b0307f1ac256f7115a4875dfe675bcb8532e6066b57d296,1,1,1,0
638,230_1.jpg,ac4ab3eff0cd7571f4699046df228cc8102fcda17275e36ba85725765e64c04a,ac4ab3eff0cd7571f4699046df228cc8102fcda17275e36ba85725765e64c04a,39af79cce33b8f136466ee604d09369278ac12c451f90e51b15ec6b323374d41,1,1,1,0
639,231_0.jpg,13e996108542443c8206ddd8bd9e5579e373265b12452e0962ce77a5ab724a57,13e996108542443c8206ddd8bd9e5579e373265b12452e0962ce77a5ab724a57,e8bea7378ff6d51edf51b728f64bbc1a1b8108f1e15b9e62aae5c2b5c5285e94,1,1,1,0
640,231_1.jpg,b582fa6376228de7e083f283cd621dd7482f5abfb041a1203ce8162fc64376df,b582fa6376228de7e083f283cd621dd7482f5abfb041a1203ce8162fc64376df,f1fe9a2dc22ddcdcbd5492369a8a466154cba5885c32aa4e8cf292b7a21fbe53,1,1,1,0
641,232_0.jpg,3453f51aa4069852317287c24d355953be2573e249d193efba7883fd766e709e,3453f51aa4069852317287c24d355953be2573e249d193efba7883fd766e709e,0022e17464a8ed824bf831a43062f7122e49106517f52ef9e50e016f7d6b5915,1,1,1,0
642,233_0.jpg,546689196cce3c0c6832736fbff2a62e7b404d7dc77c6a901d6603220c9364cb,546689196cce3c0c6832736fbff2a62e7b404d7dc77c6a901d6603220c9364cb,194f69a4de1ca75d26b6862dbaa0b92a2ed127b5390cb1d80448c12a7dfa023d,1,1,1,0
643,234_0.jpg,58142c2952608c5d0238a17d7bd3a03c4c16f5b1027f5173460c5db70eb90a4f,58142c2952608c5d0238a17d7bd3a03c4c16f5b1027f5173460c5db70eb90a4f,2c802fbfa88f5832ea7c633c82f204b991104a81595c36d7f4751ee3d155c369,1,1,1,0
644,234_1.jpg,336fd49ea3b55dd258593070594cc141b73549ad47c0c2e989bfbb44b7a79373,336fd49ea3b55dd258593070594cc141b73549ad47c0c2e989bfbb44b7a79373,6334fe2392078d3cbf2e6f8f8a32ddc7f2f190ec2326d3fd6e0e284493d83f38,1,1,1,0
645,235_0.jpg,0b9a7fb60bbfe9153b0f9bc1c44d9a14960a533fb77035ab5cc9030dfaa978c3,0b9a7fb60bbfe9153b0f9bc1c44d9a14960a533fb77035ab5cc9030dfaa978c3,89a1dd6b2252f982913c1ef318aa08108ada298d778362d023349ceaa40e30ea,1,1,1,0
646,236_0.jpg,1ba07d765200f7d402e28a6cc09c8afd81b4983085ef0f4ed17be7d72c815582,1ba07d765200f7d402e28a6cc09c8afd81b4983085ef0f4ed17be7d72c815582,45890d23135487cd5fe218b3256367f5daaa5004749e2b2abdb5c5dbf08b217b,1,1,1,0
647,237_0.jpg,2e97625a85daa4514620117cb42078dfaafeeb449295f1b72736b5af13a3ea77,2e97625a85daa4514620117cb42078dfaafeeb449295f1b72736b5af13a3ea77,cd1d3e532462a9a9a8bd3df26c8b7d937f56f4404a4077e8f7bfee86c0fdbfd4,1,1,1,0
648,237_1.jpg,9a04a57bde465f877737d909c4a072c70b8f6e0feec59102b4cac91d2152c564,9a04a57bde465f877737d909c4a072c70b8f6e0feec59102b4cac91d2152c564,49c423dc5ef7191bfe1610e0c6120aa107c1862af91f48739264f7273d7030fb,1,1,1,0
649,238_0.jpg,8eef94818bfecff4029b964c24a09c8e3a5883ce8a27ed152f28a314ab7927cf,8eef94818bfecff4029b964c24a09c8e3a5883ce8a27ed152f28a314ab7927cf,2bf257c77686bb0ed51893c11bab4b72e8053a6643a1cf6ff5bcb4707bc1338a,1,1,1,0
650,238_1.jpg,4c1c0caa91a7ecf172eedd72493437b2ab46b4fd9ffcb3774ff3745d569efedc,4c1c0caa91a7ecf172eedd72493437b2ab46b4fd9ffcb3774ff3745d569efedc,27b55b09585d59ace827e79e8048ddd6272edf67a02b552ad2ec3db9d7589cbd,1,1,1,0
651,239_0.jpg,242865ea54c7c0e1f948ac903de9c3b0b8460cf7e5bb5b23b203e26cb2ab50d6,242865ea54c7c0e1f948ac903de9c3b0b8460cf7e5bb5b23b203e26cb2ab50d6,3c300f7b5dd17d7c0f62bf41b4ba788c051183703a5ea45312487788eade09fe,1,1,1,0
652,239_1.jpg,12b2ed4ca0ddcaf16130942962b1b9a17e66d0e08e714cb7bddca7d3263fa245,12b2ed4ca0ddcaf16130942962b1b9a17e66d0e08e714cb7bddca7d3263fa245,da9d0b3394ad57d2bba8905341298320e0234f158908719ad29afae0e5cbfb28,1,1,1,0
653,240_0.jpg,f06d9df4f49cb46a928b4c9fc7fb60ba25a6780a683cda0e8115f6be1cbc7e3f,f06d9df4f49cb46a928b4c9fc7fb60ba25a6780a683cda0e8115f6be1cbc7e3f,1a83cde9416ef9b21abf957b4f7f614a2fb718a05025d396e9900b481f574a12,1,1,1,0
654,240_1.jpg,b1c7ab324726b196384aff8d860c8c002d4ec9be0c8aa5984d77fab1496927ee,b1c7ab324726b196384aff8d860c8c002d4ec9be0c8aa5984d77fab1496927ee,6c46fa4af0db5b84bba0c11ced9b9d1ca3edc75ea2f20b3aeddcf3eb2cad5338,1,1,1,0
655,240_2.jpg,ebf40be2f2e725eac47b2b7c763f085ceb5905a923da89aa38a57478e1f83ae7,ebf40be2f2e725eac47b2b7c763f085ceb5905a923da89aa38a57478e1f83ae7,d798267a0d83045052d69922b1123b8305ca2cda76090e8b78ab54edd39d9f0b,1,1,1,0
656,241_0.jpg,5eed6cae44e4699280b7cf5033eae524d4fd48d36cca28c7bd937064e6020692,5eed6cae44e4699280b7cf5033eae524d4fd48d36cca28c7bd937064e6020692,1ed39aca5e7260b1f87e09a7a16ba2707f17e81234f0302e8555e9ec8efbbdf4,1,1,1,0
657,241_1.jpg,f6e20358f22301374b0491196f62db9eb9d3be99a41d1b7a726f1998667029be,f6e20358f22301374b0491196f62db9eb9d3be99a41d1b7a726f1998667029be,5c496b3faacc0afd74549c857a5f3939beaa6fe6b51e7cbba6243c859da24e11,1,1,1,0
658,241_2.jpg,50edd01d8b4b0f93b71125a018fc0688008ec938add8b3b7c8c180edb0e5eecc,50edd01d8b4b0f93b71125a018fc0688008ec938add8b3b7c8c180edb0e5eecc,b0cd628b70898302df601fdc6139365620d699427b3696b4ef1f5700da4f2934,1,1,1,0
659,242_0.jpg,7400ef25486b2d4e591f53484265c070717b163f0c64daec5663b5d21253a3cd,7400ef25486b2d4e591f53484265c070717b163f0c64daec5663b5d21253a3cd,f6e1f5f9e7cbd7221a57e3313235be6b2c69477ea91b18a70b5a43c566651246,1,1,1,0
660,243_0.jpg,451fb1aad47e426e983048d4f360814793fd95b0f30184aded9f49c014535dd2,451fb1aad47e426e983048d4f360814793fd95b0f30184aded9f49c014535dd2,585087ece9b420eea9d1cd00cdd69df60c9a65dd8d9f9336b4709a8ef451111e,1,1,1,0
661,243_1.jpg,616fb8625be139ef5b79e61be7e1662ce50eef504d44ab58903b67bfbe04402d,616fb8625be139ef5b79e61be7e1662ce50eef504d44ab58903b67bfbe04402d,1fddc060833d8f61df9defb55a67c784abeae6b776a9ffbd0e6838276d01cb62,1,1,1,0
662,244_0.jpg,beda3db3aea0bc3a9e5457390de9cd70986ac741e811b9987ef1ea47d2af2d17,beda3db3aea0bc3a9e5457390de9cd70986ac741e811b9987ef1ea47d2af2d17,52a4dcee1318536638e7c69624f1345c5ca22e83e0a158e7df06d799df9eea0f,1,1,1,0
663,244_1.jpg,bb0b6fc53cda843e5728b77e58b5b8b2c149f9d00e396ac9e94d90752f7affcf,bb0b6fc53cda843e5728b77e58b5b8b2c149f9d00e396ac9e94d90752f7affcf,3059dc8c321f98f4f834a4300efcf0d404ebfe248f5001fb928acd64c86112f3,1,1,1,0
664,245_0.jpg,984b2c528610388e89d75af4974638465ee64a77f97ad8ce37932ec07168d0b8,984b2c528610388e89d75af4974638465ee64a77f97ad8ce37932ec07168d0b8,9420f3d981d4a4a2c2973e2b9d25401ce15660cde4875628c5f9ed64e066ce68,1,1,1,0
665,245_1.jpg,94924cdb6d2ee02be623bbaec0a4f24ff76d206ee1662ebef581436624c7ac0f,94924cdb6d2ee02be623bbaec0a4f24ff76d206ee1662ebef581436624c7ac0f,03671f212e2bff60f976a931e7434bf4c450d6c494db67add611a3eb9002b04a,1,1,1,0
666,245_2.jpg,c15327e71a485ac3e19afbf4cf2372f0dad820b3e0d7651d439c10342534be4e,c15327e71a485ac3e19afbf4cf2372f0dad820b3e0d7651d439c10342534be4e,6a31374ea0f6013883d14792a61d5035c53db3cc6d146b3a7ee59bc1a2ac2137,1,1,1,0
667,246_0.jpg,662fdec48f7fa01572758450ee2302eabc0d3623f89015a50d694bfeda0e25b0,662fdec48f7fa01572758450ee2302eabc0d3623f89015a50d694bfeda0e25b0,484f3a196a6633dc9f6bb2ade2532cbfde00c6a4f93f8c17f4c59850785f484c,1,1,1,0
668,247_0.jpg,5a42f13be143fd466e04f2c260a9a4a4285eaaa1a8b80ef46b72db22e770dde1,5a42f13be143fd466e04f2c260a9a4a4285eaaa1a8b80ef46b72db22e770dde1,56afece9a79ec4c745cdf655253afc9e2def1b7230b20e78376e53d3a096fcec,1,1,1,0
669,247_1.jpg,5f0c056bed94197476c07a62b456b9ee8d29c88247b94c5e616cc25a76f90ece,5f0c056bed94197476c07a62b456b9ee8d29c88247b94c5e616cc25a76f90ece,7aa743c7255236e42466532351622ffee198a0a1a44935aa85ddcd6a6c29b5c7,1,1,1,0
670,248_0.jpg,f9f4667bb9a82c3ab7fd142415eaa8101b2a9a3d9e415518a741b5e566ea48dc,f9f4667bb9a82c3ab7fd142415eaa8101b2a9a3d9e415518a741b5e566ea48dc,1f70e2ee2ab07fa1e9548b78ed582ec8f2cdb3e2e2599bbbd633e3185a7e4d9c,1,1,1,0
671,249_0.jpg,132f18a37d34ee2b749f519a0ee21b10da7ee29b48869150fa911a63f4dc2fa8,132f18a37d34ee2b749f519a0ee21b10da7ee29b48869150fa911a63f4dc2fa8,3c5190a4c2276af806f84d232bce52d0632df484b15cc345fab43dca51e06cb7,1,1,1,0
672,249_1.jpg,598633c2675815cd6dd058c14cfa69d6ed5184e46c41412b5bb67025d33cedc0,598633c2675815cd6dd058c14cfa69d6ed5184e46c41412b5bb67025d33cedc0,0fca6a2408bb6f7892d6143d262b59ffc416142fc86b2de121fce6a064dc9bdf,1,1,1,0
673,249_2.jpg,738cfd5a05e2fe1f0f752ee3f6265838cc7c3384700aba25985cbb7c227db683,738cfd5a05e2fe1f0f752ee3f6265838cc7c3384700aba25985cbb7c227db683,23461d4f08b0c824e0f99231184335905d4e051a945c20c4e7b0e440e2972759,1,1,1,0
674,249_3.jpg,76a99a8f2dbedb5c219aefc2d5162a3fcdfdd11b6dd01c1c8925a7c22d1a7933,76a99a8f2dbedb5c219aefc2d5162a3fcdfdd11b6dd01c1c8925a7c22d1a7933,608b1d5f4a833619289653cc2fc666e903d96c9764f8e8c84c1a99230ddb1712,1,1,1,0
675,250_0.jpg,3cdb65422a0ac386ccf5f26ff1d19f63cb37dbed5219392ed48d1a7f79b43e14,3cdb65422a0ac386ccf5f26ff1d19f63cb37dbed5219392ed48d1a7f79b43e14,d771393907d2104fab3aa406ecc65638539d7a7daae00c7ee80c478d8952f1d2,1,1,1,0
676,250_1.jpg,2f66c14b85b0281ebdd70cf0265f8fd3f311f9997c120e21c9b708330eff1f14,2f66c14b85b0281ebdd70cf0265f8fd3f311f9997c120e21c9b708330eff1f14,11adc450cefb6a3f9e24d39549fef7c94bed53333a1e9efe160b19cd5f1b55bf,1,1,1,0
677,251_0.jpg,e502adb96043f28c7c6edd9b689b25a7482edc50546a68c91cc3a9544578b936,e502adb96043f28c7c6edd9b689b25a7482edc50546a68c91cc3a9544578b936,3f922b6172a7ad3047a11e958ad01e9c0b420234209b394e3734136cf5fce327,1,1,1,0
678,252_0.jpg,42b9990ac987a277ff838727df10203e84c91663b97e083ba80891052cbc924d,42b9990ac987a277ff838727df10203e84c91663b97e083ba80891052cbc924d,cfb1521199edb312f2be0798a9ebbda5200d6669f032df869bf31bfc0ed25f52,1,1,1,0
679,252_1.jpg,cf8e4c680e3ad317fd3d3a6eaa8f38284c4a0e6a6ea7f6278d5e6c1b6af9e489,cf8e4c680e3ad317fd3d3a6eaa8f38284c4a0e6a6ea7f6278d5e6c1b6af9e489,0b6c79960fcbd93be62313db7967b2aceae30a771e89c8ac4b17f73858b25f61,1,1,1,0
680,253_0.jpg,dbb05c9e62c7598e135a61b4d10520d0634c77f90d6cdac89821de6f1002b8c8,dbb05c9e62c7598e135a61b4d10520d0634c77f90d6cdac89821de6f1002b8c8,42ed4f12088b2817d10764098a6351c315a6cc0fd77737d8f05063f3febf7436,1,1,1,0
681,253_1.jpg,41504556b6074b2512a82e22d3a05894e2a3f3c596482fcd7c0c8e51fcbec772,41504556b6074b2512a82e22d3a05894e2a3f3c596482fcd7c0c8e51fcbec772,c86f30a2ec4a3a452faec8676f8a3fb174f31c88b9e533f6481a0a6ecd83dbde,1,1,1,0
682,253_2.jpg,7e5bd283c1b6001f953b6c4423108c3879a028a470ce73e1ea07bd3d56a8c9c9,7e5bd283c1b6001f953b6c4423108c3879a028a470ce73e1ea07bd3d56a8c9c9,db64219788142b5e2f04d4a29af05e6a9ffb0724eb72da21f07483364c39e3ce,1,1,1,0
683,254_0.jpg,0c95c09f4f1b85ac02cf2e39c5b7d19f755e078b3fdd6ab0ecfc1ddc07cbfc22,0c95c09f4f1b85ac02cf2e39c5b7d19f755e078b3fdd6ab0ecfc1ddc07cbfc22,cf0934605b21bbd21aec4cf89d88cdcb9dffcd01d5fbf42743e2817258746ab5,1,1,1,0
684,255_0.jpg,e1331c11a120740be69426d76e27386ad57b55676c0ac11060f9916abb2b2920,e1331c11a120740be69426d76e27386ad57b55676c0ac11060f9916abb2b2920,3aafaab34cd6f607c11e4429fd652e21271eca623c20aa41310b0319815e1e6c,1,1,1,0
685,255_1.jpg,83c073c010aae3e1c78742dcaa4dcf1a4861ddf9fe71032417d733f106405987,83c073c010aae3e1c78742dcaa4dcf1a4861ddf9fe71032417d733f106405987,b6a6ce3625b1f7f3e57882d9653a70f0574f99789b2bd101de84d535284591b9,1,1,1,0
686,255_2.jpg,348b40f5325b6ddcbc3fd554881ab470a4c7eb3e1c522d26647d9a917aa4c0bf,348b40f5325b6ddcbc3fd554881ab470a4c7eb3e1c522d26647d9a917aa4c0bf,6abaa47bd6bbfee02ea5874fc86b4549b2a454211f59e6a338bfcc22db26d117,1,1,1,0
687,256_0.jpg,7fe3de3bfa3d5d8962de2b4b5997542821a4945956a601359e1f3fd86083f19b,7fe3de3bfa3d5d8962de2b4b5997542821a4945956a601359e1f3fd86083f19b,bca8835245e539a3501aef423eaa173edc518ea2ac868c870852d98c68709719,1,1,1,0
688,256_1.jpg,c2459c66ea70fac8491927c8920dc033bc9234f6464a842ccfc9b6542710adb6,c2459c66ea70fac8491927c8920dc033bc9234f6464a842ccfc9b6542710adb6,9738e27272c1b6179470c31d409c05fee43ef6179eaac441afa632483e3b5f58,1,1,1,0
689,257_0.jpg,242865ea54c7c0e1f948ac903de9c3b0b8460cf7e5bb5b23b203e26cb2ab50d6,242865ea54c7c0e1f948ac903de9c3b0b8460cf7e5bb5b23b203e26cb2ab50d6,3c300f7b5dd17d7c0f62bf41b4ba788c051183703a5ea45312487788eade09fe,1,1,1,0
690,257_1.jpg,e169eb4abe86d0d0b471321cadbc5f03130aea608e89d48678b01a39cc1ce819,e169eb4abe86d0d0b471321cadbc5f03130aea608e89d48678b01a39cc1ce819,085cdd2193cbc1e85889eb02f68314258b98d2b93d09da9dea5c01753ba0ffc6,1,1,1,0
691,258_0.jpg,203918656c87f633b0939b00a615fcb8886958630e63d5bb83eec2c0e54771a7,203918656c87f633b0939b00a615fcb8886958630e63d5bb83eec2c0e54771a7,c6d2453344fbbef885b499fabd8fab4d65f0916e3a29b7f163c76613fb132d89,1,1,1,0
692,258_1.jpg,d9af279d748ace30550fc57752a6deff2a08275bd93df7661df1c00f5c23c269,d9af279d748ace30550fc57752a6deff2a08275bd93df7661df1c00f5c23c269,7620f5b0d11df4e148de86eb75832a7f89cfcae98c8f09be1e15f8400e14f8cd,1,1,1,0
693,259_0.jpg,ba47d0509f0a7c041aaec8da92da2bf26e67e0dd7a04a58b4f9cb7d6200bb8fc,ba47d0509f0a7c041aaec8da92da2bf26e67e0dd7a04a58b4f9cb7d6200bb8fc,0ccaa606f6c1431902fa0547beed138de28d3fd57b8ca984742ec99a6b371bf8,1,1,1,0
694,259_1.jpg,dda7464cacc77da35c501137760c492992b223e1489d6107c10e20c52dd6faf8,dda7464cacc77da35c501137760c492992b223e1489d6107c10e20c52dd6faf8,d1ce20bc656cc9b71ec14f659c6d9ef1cf53222a8dfc6858896d5797b03c8006,1,1,1,0
695,259_2.jpg,7ec323a5d3a91c4352a8cd40fcbcd29e16a99b06743909f6d87481e2ddeecb03,7ec323a5d3a91c4352a8cd40fcbcd29e16a99b06743909f6d87481e2ddeecb03,ba423b9b22a93571a66cbc906d629c96c1330a75688a0791a279c7151067cb06,1,1,1,0
696,259_3.jpg,e743c7f3fb1bb8c303e25dbab308686cd74357ffd0a023b1f949a0ab72d0f45b,e743c7f3fb1bb8c303e25dbab308686cd74357ffd0a023b1f949a0ab72d0f45b,6fa342afc47a8e8170a568d63838ca418fe9c52763168760c7f1896a0b810f90,1,1,1,0
697,259_4.jpg,604a25dfca65cb4b5e1e86fad3be8e535fef8d620f33de84048be2bea8545e08,604a25dfca65cb4b5e1e86fad3be8e535fef8d620f33de84048be2bea8545e08,2c984aedad980f667f45fd4b4126ff38113627f6975fd6ad1bc6e14810b7e577,1,1,1,0
698,259_5.jpg,c135149edfdf1b5416699717babab223bab3e68f3192ea3d2c8defc6579d8038,c135149edfdf1b5416699717babab223bab3e68f3192ea3d2c8defc6579d8038,b44203fbfaaa19bc1b86917303cc6b948fb479009a6ea4bbf56504d334ddbd88,1,1,1,0
699,260_0.jpg,b8711b7ff769081c3d4e41bec0f7d7f575506d34df8397ef66083749fb7473c6,b8711b7ff769081c3d4e41bec0f7d7f575506d34df8397ef66083749fb7473c6,8e440f55c9ffacbafd50b0d5ac906254b523138411e39d4b7681fb78e869c5da,1,1,1,0
700,261_0.jpg,674b2b435d1173eec544b6781fdd71642f560debabc37d8a75ccfccec005fc7b,674b2b435d1173eec544b6781fdd71642f560debabc37d8a75ccfccec005fc7b,fa6f71efd77cc3911f262e6c774f65976ccdfce77cfbc322e458a17b6636c6ca,1,1,1,0
701,261_1.jpg,83779f72dad4907012d375b1e37c5980d8d6fc6a4abac8ed2093ec9ef130bde8,83779f72dad4907012d375b1e37c5980d8d6fc6a4abac8ed2093ec9ef130bde8,3ebcce22d7b50bd440beee5fae88230c7539a2c2dfe247038e450768e219e7f7,1,1,1,0
702,262_0.jpg,16eb08135be7e5cf68145b78504be475d0d30e780a3b72af9ddce4eca8f6bdb4,16eb08135be7e5cf68145b78504be475d0d30e780a3b72af9ddce4eca8f6bdb4,ef193939f04516cc7cabd9d52ef79d96d97d35940540258c69a282cbbc05ba9d,1,1,1,0
703,263_0.jpg,1c675c46b48a13f8a4d7d8cec84411a37ae09a5e9fa2c6c273908d366e33430b,1c675c46b48a13f8a4d7d8cec84411a37ae09a5e9fa2c6c273908d366e33430b,764aa2986fa7ea4c3239d5f80f3dbbb8b5ee278bf9e675d6a165e6e49607e394,1,1,1,0
704,264_0.jpg,fdd63f18bd4e882e48320477a633f5ea3165dcaa85035d89fd4291f0da24b7ad,fdd63f18bd4e882e48320477a633f5ea3165dcaa85035d89fd4291f0da24b7ad,23f7b6c86db2c0f632cb78c46683f30aa028eff29047a566c950122faf0fe496,1,1,1,0
705,265_0.jpg,c3e6c3a92b4ed9f73c67ad4f5e91415911e0ebe07c00f85c19862d3f541cda1c,c3e6c3a92b4ed9f73c67ad4f5e91415911e0ebe07c00f85c19862d3f541cda1c,f5e38ca4d0bf1e0a961f2b3efd3356b6deba23f8dd4cd7b81a322519637a7d1c,1,1,1,0
706,265_1.jpg,bfecbdc9cc0cf6cd75de9b15259f46caaeeb58a9110152a810ec1785b8fc45f7,bfecbdc9cc0cf6cd75de9b15259f46caaeeb58a9110152a810ec1785b8fc45f7,8d295abbfb5793626c3c46c2c79ee482d90e582c4ef0470f7f14d93797836e90,1,1,1,0
707,266_0.jpg,3b9d6dea9d4a3a912ce4881aa9ee2a72729bef03bfd3d62fd2b08b1aaf8974c9,3b9d6dea9d4a3a912ce4881aa9ee2a72729bef03bfd3d62fd2b08b1aaf8974c9,233c80152df5431d4ef7ba3c74709dd50006a06262bbf349cbaf47fe9b64b54d,1,1,1,0
708,267_0.jpg,a3f99e394a05938d31713374f46412d08596d089f3912408bec1abb83b1a1d89,a3f99e394a05938d31713374f46412d08596d089f3912408bec1abb83b1a1d89,44a9176a49530e18236ffb49752ebdb854bbfe8e1362a3f1081a092914828fa4,1,1,1,0
709,268_0.jpg,a85fb21aec03038f5909781ace94f9826bcb0b4059757de6f3e69973813627e8,a85fb21aec03038f5909781ace94f9826bcb0b4059757de6f3e69973813627e8,72ccfa1e118d6348ae3daeb134c9a98550a25346ab30fa81a6d1bcf1418e7c34,1,1,1,0
710,269_0.jpg,702fd8c81d5df63d6082a850b8cd22604f7ca7e0773847ff3121c6a5e30ed1b3,702fd8c81d5df63d6082a850b8cd22604f7ca7e0773847ff3121c6a5e30ed1b3,bfc6535b82d36cc08d1ab46e27ba6fad439c3548fa0d0cb4a5e9aa7bf9bfd98b,1,1,1,0
711,269_1.jpg,60d32c1210d60f0fafd0f89dacd60c21b3f4389d03da51ebc76115b73ef26c5f,60d32c1210d60f0fafd0f89dacd60c21b3f4389d03da51ebc76115b73ef26c5f,01360c473b889efc8a8a94e32260403a77a71377b9505998f8fa2f75ed049dc1,1,1,1,0
712,270_0.jpg,ee84967f7a36a8f0d48589ca3747ae2fc67a8fd9f9a13299232e40403ccd80ed,ee84967f7a36a8f0d48589ca3747ae2fc67a8fd9f9a13299232e40403ccd80ed,264a9c492bfc2b8b1d9899f4f8b962491f8d17fe86f3a1778c71eed5735272d4,1,1,1,0
713,270_1.jpg,b7f9bed12c6b1b8dcadbb6d6f8686855f374522f7016e6abee3ada3d141d5f0d,b7f9bed12c6b1b8dcadbb6d6f8686855f374522f7016e6abee3ada3d141d5f0d,7a23e62445c4676897c025f42464f83afc4b05a7b160d7d57826c167258fd257,1,1,1,0
714,271_0.jpg,d729b3de5e2db7ccba872fc4b0138cc20106b3da3f562b3d795e1ffada99a2c1,d729b3de5e2db7ccba872fc4b0138cc20106b3da3f562b3d795e1ffada99a2c1,f1b01921f9ccba904c46304ad5ee83b1d9876e8fe77e7c2a73ad182b6d8fffca,1,1,1,0
715,272_0.jpg,1adeaf4339fbe9c5263d7f451987d974ef2e8176af1ed880e4894bd06080f625,1adeaf4339fbe9c5263d7f451987d974ef2e8176af1ed880e4894bd06080f625,53ec73348d84c071438c8b35636132f0b49bd35f7ce70123de6c35749d32e77d,1,1,1,0
716,272_1.jpg,e8ec24ae993e6daaea98694c5a9ffcdb43213f93678acf1fd23421db93095f57,e8ec24ae993e6daaea98694c5a9ffcdb43213f93678acf1fd23421db93095f57,55027812f6b7b5a6decddc8fb0f85ee1c15c00ff4ba04cc03112963c347f9fe5,1,1,1,0
717,273_0.jpg,989b467c1d46e7b46bbcbc37e5f6636231f116029bb70b798e5e8e8d8b18955f,989b467c1d46e7b46bbcbc37e5f6636231f116029bb70b798e5e8e8d8b18955f,318900bf66605144fedd4d9270a12a6a215c96be70b5c9ceac31b8b4bfd034d6,1,1,1,0
718,274_0.jpg,ea1ec79f58f3230dfa2da19201d933530b15539f4efe8f33e62f66a5250cb574,ea1ec79f58f3230dfa2da19201d933530b15539f4efe8f33e62f66a5250cb574,cea6f42224dc573afc892fcbe35590f283c4fea3f6ab548ebf5469cd63518738,1,1,1,0
719,275_0.jpg,e3a23092535e3d215978bf103847f3568ff41e5ac811e69e91ebbb9c3706de3d,e3a23092535e3d215978bf103847f3568ff41e5ac811e69e91ebbb9c3706de3d,c0e1f86750ba74c799d46d70ed569978226ebd9c44d18af79e39d59af7aca75d,1,1,1,0
720,275_1.jpg,f2ff0d0b660ba74aeb18b48b4e0897ab2605873a3fa339210cfa33ad21cd6e47,f2ff0d0b660ba74aeb18b48b4e0897ab2605873a3fa339210cfa33ad21cd6e47,f6f66004b46d38ddf0140eb7a88b5cd359b7a63ec73fab8043a8f455dc3f6165,1,1,1,0
721,275_2.jpg,3a9dd9bdc4795689a999c3ede0e4645f88158367ec1850c3d600f4573c23c83c,3a9dd9bdc4795689a999c3ede0e4645f88158367ec1850c3d600f4573c23c83c,74fd63b1f6cd4f19d99d0c86089f1bb683c2567bb5e34fb7fda5ddc039f80f2e,1,1,1,0
722,276_0.jpg,b3989da1593eec9f71bbc1afbd6dc8c7a6fb73962514bd58e00a0fc1ddda9ff9,b3989da1593eec9f71bbc1afbd6dc8c7a6fb73962514bd58e00a0fc1ddda9ff9,4678f17eb9346314b64b91d631fa335ddcf12168886458f6d636d400beb2bf8e,1,1,1,0
723,276_1.jpg,e6dd8e9e29a763dfd4290f09395bf9f181701d89baa0cc52eba1c246db8378a0,e6dd8e9e29a763dfd4290f09395bf9f181701d89baa0cc52eba1c246db8378a0,172fbd3231f927760bdc6e7290ad3c3df38f6e1e02b1399582c95dc6ca6eb77a,1,1,1,0
724,276_2.jpg,b1e7c5b4c08ca370d85c99928f14ae51092ceb46b0a097fd49311b07f9615c0a,b1e7c5b4c08ca370d85c99928f14ae51092ceb46b0a097fd49311b07f9615c0a,a8a63ca21c66de390ae43b9ee7e452bd463fa14018a7f7286bae84f1ee7a62b7,1,1,1,0
725,277_0.jpg,d345b13f0bcb7e667f8780c742010ebf9c9c884deb4780663cdbe808fa87a1a2,d345b13f0bcb7e667f8780c742010ebf9c9c884deb4780663cdbe808fa87a1a2,29e4d7903537778632f14dd6cd9bf24e0d2f648a56404fc60a45190f2458d366,1,1,1,0
726,277_1.jpg,2fc622a4f4da9c42109a83e9ce5bfe5e34e4dc217534c323bc98d821f2790501,2fc622a4f4da9c42109a83e9ce5bfe5e34e4dc217534c323bc98d821f2790501,9ffce1c3f67caffc9a0f45460c93a759e23d70d28d44e6864414f6d329867a15,1,1,1,0
727,277_2.jpg,257aec02fcddddd108db3afeaf26f72771df09a2043a6defb4a5ae3adae13290,257aec02fcddddd108db3afeaf26f72771df09a2043a6defb4a5ae3adae13290,b117d8d955a1a258a8f13b2f75b7ba4d2918d2efb2a31c7db0cca0aa2a2cd631,1,1,1,0
728,278_0.jpg,6afa5aeda782e93ebac0ffe941496477c627a80ff30dd327d17b70c7099d0808,6afa5aeda782e93ebac0ffe941496477c627a80ff30dd327d17b70c7099d0808,772d9b10a36b226944d462ec3dda2bf1d6a0beec40f463e04206299362de70f5,1,1,1,0
729,278_1.jpg,dd052982c3cc087522fea488a3a0a894ba6362143eb04c3849fbbb16f365c262,dd052982c3cc087522fea488a3a0a894ba6362143eb04c3849fbbb16f365c262,e03f28e10d6864e2b62599ef13d2b563e3bcc94fc0e0b7a2e4156f6be9e0e92b,1,1,1,0
730,279_0.jpg,8522daf71692a7d293676dd79ff1f38c67d9ccb1a895f3db1b522b2fd4b77d79,8522daf71692a7d293676dd79ff1f38c67d9ccb1a895f3db1b522b2fd4b77d79,20b112c7c388f34787f7f9cc17aa8ba9481f28bdb3f6ba2f32d2d670c4831299,1,1,1,0
731,279_1.jpg,78f95af928dd9f33639407730571132208a0b54a3ffeb60ad6a99030082941d9,78f95af928dd9f33639407730571132208a0b54a3ffeb60ad6a99030082941d9,7ad1f43fc2f5f3ea3549cfa04fa5df48c39877924886e447cab82b4dd1a81daf,1,1,1,0
732,280_0.jpg,19c702b392a508f5381893eb8cca161cc107583ae8b0a0e732ede33def32e154,19c702b392a508f5381893eb8cca161cc107583ae8b0a0e732ede33def32e154,5725b07fa0b85ab943c93a9342e2e017e14b78c8aecbe1eabfe29836538275b6,1,1,1,0
733,280_1.jpg,db11a39a60873bb919cc44b97951ba82accf2250da7c91ea54d7d5bc838f7929,db11a39a60873bb919cc44b97951ba82accf2250da7c91ea54d7d5bc838f7929,d21c1fb619076fc2b12658a5e6206e58cae53ed0f879bc98656c5bb736ff0c37,1,1,1,0
734,281_0.jpg,55393b0605133ba79d0b8a9c01b370ceae772758fc90e98dc34e972a78f67764,55393b0605133ba79d0b8a9c01b370ceae772758fc90e98dc34e972a78f67764,14d7d4089789256dee10fdaeefc9f3fba22dd9693a52957e9ee35adb87c4d093,1,1,1,0
735,281_1.jpg,b82a45bc01877314edd4b8d0eac828f919fbbfc09c256113b4b404cf7e7acbff,b82a45bc01877314edd4b8d0eac828f919fbbfc09c256113b4b404cf7e7acbff,41ac83094d336b3a157c7f5dbd0a82f068d73579d57309d340b831007c82a0d2,1,1,1,0
736,282_0.jpg,121d2aa9dfb09bf4507c70d175d278c67590486f8d408f6e90a5199652440fd5,121d2aa9dfb09bf4507c70d175d278c67590486f8d408f6e90a5199652440fd5,737abc876ed149b4176e93ce0e693ca96f23c27785c94145c310b9c11126b357,1,1,1,0
737,282_1.jpg,2ede9b14ab247d7710420abf28779d423f7879d22bca19c8fc3d016e3f1b8731,2ede9b14ab247d7710420abf28779d423f7879d22bca19c8fc3d016e3f1b8731,52723b36f59019d71445e1556c199c6c110237db85f0f735218563ee5cbfcbce,1,1,1,0
738,283_0.jpg,6aa04e504ca53a77a6df0fe45782e47fa864287a34f88d733cdc5d1a1f1822bf,6aa04e504ca53a77a6df0fe45782e47fa864287a34f88d733cdc5d1a1f1822bf,e987d1743665cd3b19f132884324a1cf2fa54c46891e479fae2ec0d1d890f196,1,1,1,0
739,283_1.jpg,0ceeb9d039b1cdc6eb09e8cb1f11cced18dd8776223e6cfd5ce8fc7b328be5ee,0ceeb9d039b1cdc6eb09e8cb1f11cced18dd8776223e6cfd5ce8fc7b328be5ee,b940c656037d2ff3f730701501619e07322278d4bb8f5b9684d52744246ea354,1,1,1,0
740,284_0.jpg,d542dae5e242aab43ae3cbdcdde41c8f2a88673e592f89980d30a7c4eba562fb,d542dae5e242aab43ae3cbdcdde41c8f2a88673e592f89980d30a7c4eba562fb,6e51915867040305a7aefc6d6d2c23c815cac7b23b2f61bf65d2d5e82b5d22f2,1,1,1,0
741,284_1.jpg,65c7842d4f16b01be17fe61f360beb078b3587053a86d9ff7b7572e3266776d3,65c7842d4f16b01be17fe61f360beb078b3587053a86d9ff7b7572e3266776d3,9d9519861784fef696675646cbcdb9bfe229f2a7d26772a9d22596681b79f486,1,1,1,0
742,285_0.jpg,3e18563310c5bf5bc56edd599325371efb342f5cbf4c167e331810ce269a455b,3e18563310c5bf5bc56edd599325371efb342f5cbf4c167e331810ce269a455b,06af8d2fb6e1504eccac226ce48fd7173a176c420a81ecb2b703bd3cc14f7d95,1,1,1,0
743,286_0.jpg,017c99df58b87e149f6999d023dc4516ce5ed6c1ee6534c6037b0bf6a9292406,017c99df58b87e149f6999d023dc4516ce5ed6c1ee6534c6037b0bf6a9292406,63ef4f631c592fbe8223670f0af5fb7471ecd150229cd3da28fcf4e02517e8ec,1,1,1,0
744,286_1.jpg,270b782ae824ca086b1bb077134d6881d941a9ab4a641dc61de323d91e929594,270b782ae824ca086b1bb077134d6881d941a9ab4a641dc61de323d91e929594,f5b5890ac51d7132439fff52f7732bef8c73cdde2955ac6969292369f15e1b0c,1,1,1,0
745,287_0.jpg,db9e15133991f414f8d8b63e0a06d9ae16652d08519e8b387f2ffd76b8fb00b7,db9e15133991f414f8d8b63e0a06d9ae16652d08519e8b387f2ffd76b8fb00b7,a0071158ef1843ba34335c045f46a140029db4b45ad0d9e51f0c9653614a5b06,1,1,1,0
746,287_1.jpg,c82b68f902c62000fe222ca0284503ff3d0aa22ada272bdf7570229d4b2373e0,c82b68f902c62000fe222ca0284503ff3d0aa22ada272bdf7570229d4b2373e0,9191ece9b9b702b47675a39059b9001ea41808fcb1a88d3b11da26bc8bc333fc,1,1,1,0
747,288_0.jpg,e1ca8e9422cb4dda3e382d31a86f59dbaeb4f31b43fe85536279b250d79b8ce2,e1ca8e9422cb4dda3e382d31a86f59dbaeb4f31b43fe85536279b250d79b8ce2,07a4ff18ccf22c6fc79f2edbab8caa50c425ee70ed93d8f706618c771bfa1821,1,1,1,0
